cell_id,char,page,row,col,raw_path,norm_64_path,class_path
p1_r01_c01_Ә,Ә,1,1,1,cells_raw_100x100/p1_r01_c01_Ә.png,cells_64x64/p1_r01_c01_Ә.png,by_class/Ә/p1_r01_c01_Ә.png
p1_r01_c02_Ә,Ә,1,1,2,cells_raw_100x100/p1_r01_c02_Ә.png,cells_64x64/p1_r01_c02_Ә.png,by_class/Ә/p1_r01_c02_Ә.png
p1_r01_c03_Ә,Ә,1,1,3,cells_raw_100x100/p1_r01_c03_Ә.png,cells_64x64/p1_r01_c03_Ә.png,by_class/Ә/p1_r01_c03_Ә.png
p1_r01_c04_Ә,Ә,1,1,4,cells_raw_100x100/p1_r01_c04_Ә.png,cells_64x64/p1_r01_c04_Ә.png,by_class/Ә/p1_r01_c04_Ә.png
p1_r01_c05_Ә,Ә,1,1,5,cells_raw_100x100/p1_r01_c05_Ә.png,cells_64x64/p1_r01_c05_Ә.png,by_class/Ә/p1_r01_c05_Ә.png
p1_r01_c06_Ә,Ә,1,1,6,cells_raw_100x100/p1_r01_c06_Ә.png,cells_64x64/p1_r01_c06_Ә.png,by_class/Ә/p1_r01_c06_Ә.png
p1_r01_c07_Ә,Ә,1,1,7,cells_raw_100x100/p1_r01_c07_Ә.png,cells_64x64/p1_r01_c07_Ә.png,by_class/Ә/p1_r01_c07_Ә.png
p1_r01_c08_Ә,Ә,1,1,8,cells_raw_100x100/p1_r01_c08_Ә.png,cells_64x64/p1_r01_c08_Ә.png,by_class/Ә/p1_r01_c08_Ә.png
p1_r01_c09_Ә,Ә,1,1,9,cells_raw_100x100/p1_r01_c09_Ә.png,cells_64x64/p1_r01_c09_Ә.png,by_class/Ә/p1_r01_c09_Ә.png
p1_r01_c10_Ә,Ә,1,1,10,cells_raw_100x100/p1_r01_c10_Ә.png,cells_64x64/p1_r01_c10_Ә.png,by_class/Ә/p1_r01_c10_Ә.png
p1_r01_c11_Ә,Ә,1,1,11,cells_raw_100x100/p1_r01_c11_Ә.png,cells_64x64/p1_r01_c11_Ә.png,by_class/Ә/p1_r01_c11_Ә.png
p1_r01_c12_Ә,Ә,1,1,12,cells_raw_100x100/p1_r01_c12_Ә.png,cells_64x64/p1_r01_c12_Ә.png,by_class/Ә/p1_r01_c12_Ә.png
p1_r01_c13_Ә,Ә,1,1,13,cells_raw_100x100/p1_r01_c13_Ә.png,cells_64x64/p1_r01_c13_Ә.png,by_class/Ә/p1_r01_c13_Ә.png
p1_r01_c14_Ә,Ә,1,1,14,cells_raw_100x100/p1_r01_c14_Ә.png,cells_64x64/p1_r01_c14_Ә.png,by_class/Ә/p1_r01_c14_Ә.png
p1_r01_c15_Ә,Ә,1,1,15,cells_raw_100x100/p1_r01_c15_Ә.png,cells_64x64/p1_r01_c15_Ә.png,by_class/Ә/p1_r01_c15_Ә.png
p1_r01_c16_Ә,Ә,1,1,16,cells_raw_100x100/p1_r01_c16_Ә.png,cells_64x64/p1_r01_c16_Ә.png,by_class/Ә/p1_r01_c16_Ә.png
p1_r01_c17_Ә,Ә,1,1,17,cells_raw_100x100/p1_r01_c17_Ә.png,cells_64x64/p1_r01_c17_Ә.png,by_class/Ә/p1_r01_c17_Ә.png
p1_r02_c01_Ә,Ә,1,2,1,cells_raw_100x100/p1_r02_c01_Ә.png,cells_64x64/p1_r02_c01_Ә.png,by_class/Ә/p1_r02_c01_Ә.png
p1_r02_c02_Ә,Ә,1,2,2,cells_raw_100x100/p1_r02_c02_Ә.png,cells_64x64/p1_r02_c02_Ә.png,by_class/Ә/p1_r02_c02_Ә.png
p1_r02_c03_Ә,Ә,1,2,3,cells_raw_100x100/p1_r02_c03_Ә.png,cells_64x64/p1_r02_c03_Ә.png,by_class/Ә/p1_r02_c03_Ә.png
p1_r02_c04_Ә,Ә,1,2,4,cells_raw_100x100/p1_r02_c04_Ә.png,cells_64x64/p1_r02_c04_Ә.png,by_class/Ә/p1_r02_c04_Ә.png
p1_r02_c05_Ә,Ә,1,2,5,cells_raw_100x100/p1_r02_c05_Ә.png,cells_64x64/p1_r02_c05_Ә.png,by_class/Ә/p1_r02_c05_Ә.png
p1_r02_c06_Ә,Ә,1,2,6,cells_raw_100x100/p1_r02_c06_Ә.png,cells_64x64/p1_r02_c06_Ә.png,by_class/Ә/p1_r02_c06_Ә.png
p1_r02_c07_Ә,Ә,1,2,7,cells_raw_100x100/p1_r02_c07_Ә.png,cells_64x64/p1_r02_c07_Ә.png,by_class/Ә/p1_r02_c07_Ә.png
p1_r02_c08_Ә,Ә,1,2,8,cells_raw_100x100/p1_r02_c08_Ә.png,cells_64x64/p1_r02_c08_Ә.png,by_class/Ә/p1_r02_c08_Ә.png
p1_r02_c09_Ә,Ә,1,2,9,cells_raw_100x100/p1_r02_c09_Ә.png,cells_64x64/p1_r02_c09_Ә.png,by_class/Ә/p1_r02_c09_Ә.png
p1_r02_c10_Ә,Ә,1,2,10,cells_raw_100x100/p1_r02_c10_Ә.png,cells_64x64/p1_r02_c10_Ә.png,by_class/Ә/p1_r02_c10_Ә.png
p1_r02_c11_Ә,Ә,1,2,11,cells_raw_100x100/p1_r02_c11_Ә.png,cells_64x64/p1_r02_c11_Ә.png,by_class/Ә/p1_r02_c11_Ә.png
p1_r02_c12_Ә,Ә,1,2,12,cells_raw_100x100/p1_r02_c12_Ә.png,cells_64x64/p1_r02_c12_Ә.png,by_class/Ә/p1_r02_c12_Ә.png
p1_r02_c13_Ә,Ә,1,2,13,cells_raw_100x100/p1_r02_c13_Ә.png,cells_64x64/p1_r02_c13_Ә.png,by_class/Ә/p1_r02_c13_Ә.png
p1_r02_c14_Ә,Ә,1,2,14,cells_raw_100x100/p1_r02_c14_Ә.png,cells_64x64/p1_r02_c14_Ә.png,by_class/Ә/p1_r02_c14_Ә.png
p1_r02_c15_Ә,Ә,1,2,15,cells_raw_100x100/p1_r02_c15_Ә.png,cells_64x64/p1_r02_c15_Ә.png,by_class/Ә/p1_r02_c15_Ә.png
p1_r02_c16_Ә,Ә,1,2,16,cells_raw_100x100/p1_r02_c16_Ә.png,cells_64x64/p1_r02_c16_Ә.png,by_class/Ә/p1_r02_c16_Ә.png
p1_r02_c17_Ә,Ә,1,2,17,cells_raw_100x100/p1_r02_c17_Ә.png,cells_64x64/p1_r02_c17_Ә.png,by_class/Ә/p1_r02_c17_Ә.png
p1_r03_c01_Ә,Ә,1,3,1,cells_raw_100x100/p1_r03_c01_Ә.png,cells_64x64/p1_r03_c01_Ә.png,by_class/Ә/p1_r03_c01_Ә.png
p1_r03_c02_Ә,Ә,1,3,2,cells_raw_100x100/p1_r03_c02_Ә.png,cells_64x64/p1_r03_c02_Ә.png,by_class/Ә/p1_r03_c02_Ә.png
p1_r03_c03_Ә,Ә,1,3,3,cells_raw_100x100/p1_r03_c03_Ә.png,cells_64x64/p1_r03_c03_Ә.png,by_class/Ә/p1_r03_c03_Ә.png
p1_r03_c04_Ә,Ә,1,3,4,cells_raw_100x100/p1_r03_c04_Ә.png,cells_64x64/p1_r03_c04_Ә.png,by_class/Ә/p1_r03_c04_Ә.png
p1_r03_c05_Ә,Ә,1,3,5,cells_raw_100x100/p1_r03_c05_Ә.png,cells_64x64/p1_r03_c05_Ә.png,by_class/Ә/p1_r03_c05_Ә.png
p1_r03_c06_Ә,Ә,1,3,6,cells_raw_100x100/p1_r03_c06_Ә.png,cells_64x64/p1_r03_c06_Ә.png,by_class/Ә/p1_r03_c06_Ә.png
p1_r03_c07_Ә,Ә,1,3,7,cells_raw_100x100/p1_r03_c07_Ә.png,cells_64x64/p1_r03_c07_Ә.png,by_class/Ә/p1_r03_c07_Ә.png
p1_r03_c08_Ә,Ә,1,3,8,cells_raw_100x100/p1_r03_c08_Ә.png,cells_64x64/p1_r03_c08_Ә.png,by_class/Ә/p1_r03_c08_Ә.png
p1_r03_c09_Ә,Ә,1,3,9,cells_raw_100x100/p1_r03_c09_Ә.png,cells_64x64/p1_r03_c09_Ә.png,by_class/Ә/p1_r03_c09_Ә.png
p1_r03_c10_Ә,Ә,1,3,10,cells_raw_100x100/p1_r03_c10_Ә.png,cells_64x64/p1_r03_c10_Ә.png,by_class/Ә/p1_r03_c10_Ә.png
p1_r03_c11_Ә,Ә,1,3,11,cells_raw_100x100/p1_r03_c11_Ә.png,cells_64x64/p1_r03_c11_Ә.png,by_class/Ә/p1_r03_c11_Ә.png
p1_r03_c12_Ә,Ә,1,3,12,cells_raw_100x100/p1_r03_c12_Ә.png,cells_64x64/p1_r03_c12_Ә.png,by_class/Ә/p1_r03_c12_Ә.png
p1_r03_c13_Ә,Ә,1,3,13,cells_raw_100x100/p1_r03_c13_Ә.png,cells_64x64/p1_r03_c13_Ә.png,by_class/Ә/p1_r03_c13_Ә.png
p1_r03_c14_Ә,Ә,1,3,14,cells_raw_100x100/p1_r03_c14_Ә.png,cells_64x64/p1_r03_c14_Ә.png,by_class/Ә/p1_r03_c14_Ә.png
p1_r03_c15_Ә,Ә,1,3,15,cells_raw_100x100/p1_r03_c15_Ә.png,cells_64x64/p1_r03_c15_Ә.png,by_class/Ә/p1_r03_c15_Ә.png
p1_r03_c16_Ә,Ә,1,3,16,cells_raw_100x100/p1_r03_c16_Ә.png,cells_64x64/p1_r03_c16_Ә.png,by_class/Ә/p1_r03_c16_Ә.png
p1_r03_c17_Ә,Ә,1,3,17,cells_raw_100x100/p1_r03_c17_Ә.png,cells_64x64/p1_r03_c17_Ә.png,by_class/Ә/p1_r03_c17_Ә.png
p1_r04_c01_Ә,Ә,1,4,1,cells_raw_100x100/p1_r04_c01_Ә.png,cells_64x64/p1_r04_c01_Ә.png,by_class/Ә/p1_r04_c01_Ә.png
p1_r04_c02_Ә,Ә,1,4,2,cells_raw_100x100/p1_r04_c02_Ә.png,cells_64x64/p1_r04_c02_Ә.png,by_class/Ә/p1_r04_c02_Ә.png
p1_r04_c03_Ә,Ә,1,4,3,cells_raw_100x100/p1_r04_c03_Ә.png,cells_64x64/p1_r04_c03_Ә.png,by_class/Ә/p1_r04_c03_Ә.png
p1_r04_c04_Ә,Ә,1,4,4,cells_raw_100x100/p1_r04_c04_Ә.png,cells_64x64/p1_r04_c04_Ә.png,by_class/Ә/p1_r04_c04_Ә.png
p1_r04_c05_Ә,Ә,1,4,5,cells_raw_100x100/p1_r04_c05_Ә.png,cells_64x64/p1_r04_c05_Ә.png,by_class/Ә/p1_r04_c05_Ә.png
p1_r04_c06_Ә,Ә,1,4,6,cells_raw_100x100/p1_r04_c06_Ә.png,cells_64x64/p1_r04_c06_Ә.png,by_class/Ә/p1_r04_c06_Ә.png
p1_r04_c07_Ә,Ә,1,4,7,cells_raw_100x100/p1_r04_c07_Ә.png,cells_64x64/p1_r04_c07_Ә.png,by_class/Ә/p1_r04_c07_Ә.png
p1_r04_c08_Ә,Ә,1,4,8,cells_raw_100x100/p1_r04_c08_Ә.png,cells_64x64/p1_r04_c08_Ә.png,by_class/Ә/p1_r04_c08_Ә.png
p1_r04_c09_Ә,Ә,1,4,9,cells_raw_100x100/p1_r04_c09_Ә.png,cells_64x64/p1_r04_c09_Ә.png,by_class/Ә/p1_r04_c09_Ә.png
p1_r04_c10_Ә,Ә,1,4,10,cells_raw_100x100/p1_r04_c10_Ә.png,cells_64x64/p1_r04_c10_Ә.png,by_class/Ә/p1_r04_c10_Ә.png
p1_r04_c11_Ә,Ә,1,4,11,cells_raw_100x100/p1_r04_c11_Ә.png,cells_64x64/p1_r04_c11_Ә.png,by_class/Ә/p1_r04_c11_Ә.png
p1_r04_c12_Ә,Ә,1,4,12,cells_raw_100x100/p1_r04_c12_Ә.png,cells_64x64/p1_r04_c12_Ә.png,by_class/Ә/p1_r04_c12_Ә.png
p1_r04_c13_Ә,Ә,1,4,13,cells_raw_100x100/p1_r04_c13_Ә.png,cells_64x64/p1_r04_c13_Ә.png,by_class/Ә/p1_r04_c13_Ә.png
p1_r04_c14_Ә,Ә,1,4,14,cells_raw_100x100/p1_r04_c14_Ә.png,cells_64x64/p1_r04_c14_Ә.png,by_class/Ә/p1_r04_c14_Ә.png
p1_r04_c15_Ә,Ә,1,4,15,cells_raw_100x100/p1_r04_c15_Ә.png,cells_64x64/p1_r04_c15_Ә.png,by_class/Ә/p1_r04_c15_Ә.png
p1_r04_c16_Ә,Ә,1,4,16,cells_raw_100x100/p1_r04_c16_Ә.png,cells_64x64/p1_r04_c16_Ә.png,by_class/Ә/p1_r04_c16_Ә.png
p1_r04_c17_Ә,Ә,1,4,17,cells_raw_100x100/p1_r04_c17_Ә.png,cells_64x64/p1_r04_c17_Ә.png,by_class/Ә/p1_r04_c17_Ә.png
p1_r05_c01_Ә,Ә,1,5,1,cells_raw_100x100/p1_r05_c01_Ә.png,cells_64x64/p1_r05_c01_Ә.png,by_class/Ә/p1_r05_c01_Ә.png
p1_r05_c02_Ә,Ә,1,5,2,cells_raw_100x100/p1_r05_c02_Ә.png,cells_64x64/p1_r05_c02_Ә.png,by_class/Ә/p1_r05_c02_Ә.png
p1_r05_c03_Ә,Ә,1,5,3,cells_raw_100x100/p1_r05_c03_Ә.png,cells_64x64/p1_r05_c03_Ә.png,by_class/Ә/p1_r05_c03_Ә.png
p1_r05_c04_Ә,Ә,1,5,4,cells_raw_100x100/p1_r05_c04_Ә.png,cells_64x64/p1_r05_c04_Ә.png,by_class/Ә/p1_r05_c04_Ә.png
p1_r05_c05_Ә,Ә,1,5,5,cells_raw_100x100/p1_r05_c05_Ә.png,cells_64x64/p1_r05_c05_Ә.png,by_class/Ә/p1_r05_c05_Ә.png
p1_r05_c06_Ә,Ә,1,5,6,cells_raw_100x100/p1_r05_c06_Ә.png,cells_64x64/p1_r05_c06_Ә.png,by_class/Ә/p1_r05_c06_Ә.png
p1_r05_c07_Ә,Ә,1,5,7,cells_raw_100x100/p1_r05_c07_Ә.png,cells_64x64/p1_r05_c07_Ә.png,by_class/Ә/p1_r05_c07_Ә.png
p1_r05_c08_Ә,Ә,1,5,8,cells_raw_100x100/p1_r05_c08_Ә.png,cells_64x64/p1_r05_c08_Ә.png,by_class/Ә/p1_r05_c08_Ә.png
p1_r05_c09_Ә,Ә,1,5,9,cells_raw_100x100/p1_r05_c09_Ә.png,cells_64x64/p1_r05_c09_Ә.png,by_class/Ә/p1_r05_c09_Ә.png
p1_r05_c10_Ә,Ә,1,5,10,cells_raw_100x100/p1_r05_c10_Ә.png,cells_64x64/p1_r05_c10_Ә.png,by_class/Ә/p1_r05_c10_Ә.png
p1_r05_c11_Ә,Ә,1,5,11,cells_raw_100x100/p1_r05_c11_Ә.png,cells_64x64/p1_r05_c11_Ә.png,by_class/Ә/p1_r05_c11_Ә.png
p1_r05_c12_Ә,Ә,1,5,12,cells_raw_100x100/p1_r05_c12_Ә.png,cells_64x64/p1_r05_c12_Ә.png,by_class/Ә/p1_r05_c12_Ә.png
p1_r05_c13_Ә,Ә,1,5,13,cells_raw_100x100/p1_r05_c13_Ә.png,cells_64x64/p1_r05_c13_Ә.png,by_class/Ә/p1_r05_c13_Ә.png
p1_r05_c14_Ә,Ә,1,5,14,cells_raw_100x100/p1_r05_c14_Ә.png,cells_64x64/p1_r05_c14_Ә.png,by_class/Ә/p1_r05_c14_Ә.png
p1_r05_c15_Ә,Ә,1,5,15,cells_raw_100x100/p1_r05_c15_Ә.png,cells_64x64/p1_r05_c15_Ә.png,by_class/Ә/p1_r05_c15_Ә.png
p1_r05_c16_Ә,Ә,1,5,16,cells_raw_100x100/p1_r05_c16_Ә.png,cells_64x64/p1_r05_c16_Ә.png,by_class/Ә/p1_r05_c16_Ә.png
p1_r05_c17_Ә,Ә,1,5,17,cells_raw_100x100/p1_r05_c17_Ә.png,cells_64x64/p1_r05_c17_Ә.png,by_class/Ә/p1_r05_c17_Ә.png
p1_r06_c01_Җ,Җ,1,6,1,cells_raw_100x100/p1_r06_c01_Җ.png,cells_64x64/p1_r06_c01_Җ.png,by_class/Җ/p1_r06_c01_Җ.png
p1_r06_c02_Җ,Җ,1,6,2,cells_raw_100x100/p1_r06_c02_Җ.png,cells_64x64/p1_r06_c02_Җ.png,by_class/Җ/p1_r06_c02_Җ.png
p1_r06_c03_Җ,Җ,1,6,3,cells_raw_100x100/p1_r06_c03_Җ.png,cells_64x64/p1_r06_c03_Җ.png,by_class/Җ/p1_r06_c03_Җ.png
p1_r06_c04_Җ,Җ,1,6,4,cells_raw_100x100/p1_r06_c04_Җ.png,cells_64x64/p1_r06_c04_Җ.png,by_class/Җ/p1_r06_c04_Җ.png
p1_r06_c05_Җ,Җ,1,6,5,cells_raw_100x100/p1_r06_c05_Җ.png,cells_64x64/p1_r06_c05_Җ.png,by_class/Җ/p1_r06_c05_Җ.png
p1_r06_c06_Җ,Җ,1,6,6,cells_raw_100x100/p1_r06_c06_Җ.png,cells_64x64/p1_r06_c06_Җ.png,by_class/Җ/p1_r06_c06_Җ.png
p1_r06_c07_Җ,Җ,1,6,7,cells_raw_100x100/p1_r06_c07_Җ.png,cells_64x64/p1_r06_c07_Җ.png,by_class/Җ/p1_r06_c07_Җ.png
p1_r06_c08_Җ,Җ,1,6,8,cells_raw_100x100/p1_r06_c08_Җ.png,cells_64x64/p1_r06_c08_Җ.png,by_class/Җ/p1_r06_c08_Җ.png
p1_r06_c09_Җ,Җ,1,6,9,cells_raw_100x100/p1_r06_c09_Җ.png,cells_64x64/p1_r06_c09_Җ.png,by_class/Җ/p1_r06_c09_Җ.png
p1_r06_c10_Җ,Җ,1,6,10,cells_raw_100x100/p1_r06_c10_Җ.png,cells_64x64/p1_r06_c10_Җ.png,by_class/Җ/p1_r06_c10_Җ.png
p1_r06_c11_Җ,Җ,1,6,11,cells_raw_100x100/p1_r06_c11_Җ.png,cells_64x64/p1_r06_c11_Җ.png,by_class/Җ/p1_r06_c11_Җ.png
p1_r06_c12_Җ,Җ,1,6,12,cells_raw_100x100/p1_r06_c12_Җ.png,cells_64x64/p1_r06_c12_Җ.png,by_class/Җ/p1_r06_c12_Җ.png
p1_r06_c13_Җ,Җ,1,6,13,cells_raw_100x100/p1_r06_c13_Җ.png,cells_64x64/p1_r06_c13_Җ.png,by_class/Җ/p1_r06_c13_Җ.png
p1_r06_c14_Җ,Җ,1,6,14,cells_raw_100x100/p1_r06_c14_Җ.png,cells_64x64/p1_r06_c14_Җ.png,by_class/Җ/p1_r06_c14_Җ.png
p1_r06_c15_Җ,Җ,1,6,15,cells_raw_100x100/p1_r06_c15_Җ.png,cells_64x64/p1_r06_c15_Җ.png,by_class/Җ/p1_r06_c15_Җ.png
p1_r06_c16_Җ,Җ,1,6,16,cells_raw_100x100/p1_r06_c16_Җ.png,cells_64x64/p1_r06_c16_Җ.png,by_class/Җ/p1_r06_c16_Җ.png
p1_r06_c17_Җ,Җ,1,6,17,cells_raw_100x100/p1_r06_c17_Җ.png,cells_64x64/p1_r06_c17_Җ.png,by_class/Җ/p1_r06_c17_Җ.png
p1_r07_c01_Җ,Җ,1,7,1,cells_raw_100x100/p1_r07_c01_Җ.png,cells_64x64/p1_r07_c01_Җ.png,by_class/Җ/p1_r07_c01_Җ.png
p1_r07_c02_Җ,Җ,1,7,2,cells_raw_100x100/p1_r07_c02_Җ.png,cells_64x64/p1_r07_c02_Җ.png,by_class/Җ/p1_r07_c02_Җ.png
p1_r07_c03_Җ,Җ,1,7,3,cells_raw_100x100/p1_r07_c03_Җ.png,cells_64x64/p1_r07_c03_Җ.png,by_class/Җ/p1_r07_c03_Җ.png
p1_r07_c04_Җ,Җ,1,7,4,cells_raw_100x100/p1_r07_c04_Җ.png,cells_64x64/p1_r07_c04_Җ.png,by_class/Җ/p1_r07_c04_Җ.png
p1_r07_c05_Җ,Җ,1,7,5,cells_raw_100x100/p1_r07_c05_Җ.png,cells_64x64/p1_r07_c05_Җ.png,by_class/Җ/p1_r07_c05_Җ.png
p1_r07_c06_Җ,Җ,1,7,6,cells_raw_100x100/p1_r07_c06_Җ.png,cells_64x64/p1_r07_c06_Җ.png,by_class/Җ/p1_r07_c06_Җ.png
p1_r07_c07_Җ,Җ,1,7,7,cells_raw_100x100/p1_r07_c07_Җ.png,cells_64x64/p1_r07_c07_Җ.png,by_class/Җ/p1_r07_c07_Җ.png
p1_r07_c08_Җ,Җ,1,7,8,cells_raw_100x100/p1_r07_c08_Җ.png,cells_64x64/p1_r07_c08_Җ.png,by_class/Җ/p1_r07_c08_Җ.png
p1_r07_c09_Җ,Җ,1,7,9,cells_raw_100x100/p1_r07_c09_Җ.png,cells_64x64/p1_r07_c09_Җ.png,by_class/Җ/p1_r07_c09_Җ.png
p1_r07_c10_Җ,Җ,1,7,10,cells_raw_100x100/p1_r07_c10_Җ.png,cells_64x64/p1_r07_c10_Җ.png,by_class/Җ/p1_r07_c10_Җ.png
p1_r07_c11_Җ,Җ,1,7,11,cells_raw_100x100/p1_r07_c11_Җ.png,cells_64x64/p1_r07_c11_Җ.png,by_class/Җ/p1_r07_c11_Җ.png
p1_r07_c12_Җ,Җ,1,7,12,cells_raw_100x100/p1_r07_c12_Җ.png,cells_64x64/p1_r07_c12_Җ.png,by_class/Җ/p1_r07_c12_Җ.png
p1_r07_c13_Җ,Җ,1,7,13,cells_raw_100x100/p1_r07_c13_Җ.png,cells_64x64/p1_r07_c13_Җ.png,by_class/Җ/p1_r07_c13_Җ.png
p1_r07_c14_Җ,Җ,1,7,14,cells_raw_100x100/p1_r07_c14_Җ.png,cells_64x64/p1_r07_c14_Җ.png,by_class/Җ/p1_r07_c14_Җ.png
p1_r07_c15_Җ,Җ,1,7,15,cells_raw_100x100/p1_r07_c15_Җ.png,cells_64x64/p1_r07_c15_Җ.png,by_class/Җ/p1_r07_c15_Җ.png
p1_r07_c16_Җ,Җ,1,7,16,cells_raw_100x100/p1_r07_c16_Җ.png,cells_64x64/p1_r07_c16_Җ.png,by_class/Җ/p1_r07_c16_Җ.png
p1_r07_c17_Җ,Җ,1,7,17,cells_raw_100x100/p1_r07_c17_Җ.png,cells_64x64/p1_r07_c17_Җ.png,by_class/Җ/p1_r07_c17_Җ.png
p1_r08_c01_Җ,Җ,1,8,1,cells_raw_100x100/p1_r08_c01_Җ.png,cells_64x64/p1_r08_c01_Җ.png,by_class/Җ/p1_r08_c01_Җ.png
p1_r08_c02_Җ,Җ,1,8,2,cells_raw_100x100/p1_r08_c02_Җ.png,cells_64x64/p1_r08_c02_Җ.png,by_class/Җ/p1_r08_c02_Җ.png
p1_r08_c03_Җ,Җ,1,8,3,cells_raw_100x100/p1_r08_c03_Җ.png,cells_64x64/p1_r08_c03_Җ.png,by_class/Җ/p1_r08_c03_Җ.png
p1_r08_c04_Җ,Җ,1,8,4,cells_raw_100x100/p1_r08_c04_Җ.png,cells_64x64/p1_r08_c04_Җ.png,by_class/Җ/p1_r08_c04_Җ.png
p1_r08_c05_Җ,Җ,1,8,5,cells_raw_100x100/p1_r08_c05_Җ.png,cells_64x64/p1_r08_c05_Җ.png,by_class/Җ/p1_r08_c05_Җ.png
p1_r08_c06_Җ,Җ,1,8,6,cells_raw_100x100/p1_r08_c06_Җ.png,cells_64x64/p1_r08_c06_Җ.png,by_class/Җ/p1_r08_c06_Җ.png
p1_r08_c07_Җ,Җ,1,8,7,cells_raw_100x100/p1_r08_c07_Җ.png,cells_64x64/p1_r08_c07_Җ.png,by_class/Җ/p1_r08_c07_Җ.png
p1_r08_c08_Җ,Җ,1,8,8,cells_raw_100x100/p1_r08_c08_Җ.png,cells_64x64/p1_r08_c08_Җ.png,by_class/Җ/p1_r08_c08_Җ.png
p1_r08_c09_Җ,Җ,1,8,9,cells_raw_100x100/p1_r08_c09_Җ.png,cells_64x64/p1_r08_c09_Җ.png,by_class/Җ/p1_r08_c09_Җ.png
p1_r08_c10_Җ,Җ,1,8,10,cells_raw_100x100/p1_r08_c10_Җ.png,cells_64x64/p1_r08_c10_Җ.png,by_class/Җ/p1_r08_c10_Җ.png
p1_r08_c11_Җ,Җ,1,8,11,cells_raw_100x100/p1_r08_c11_Җ.png,cells_64x64/p1_r08_c11_Җ.png,by_class/Җ/p1_r08_c11_Җ.png
p1_r08_c12_Җ,Җ,1,8,12,cells_raw_100x100/p1_r08_c12_Җ.png,cells_64x64/p1_r08_c12_Җ.png,by_class/Җ/p1_r08_c12_Җ.png
p1_r08_c13_Җ,Җ,1,8,13,cells_raw_100x100/p1_r08_c13_Җ.png,cells_64x64/p1_r08_c13_Җ.png,by_class/Җ/p1_r08_c13_Җ.png
p1_r08_c14_Җ,Җ,1,8,14,cells_raw_100x100/p1_r08_c14_Җ.png,cells_64x64/p1_r08_c14_Җ.png,by_class/Җ/p1_r08_c14_Җ.png
p1_r08_c15_Җ,Җ,1,8,15,cells_raw_100x100/p1_r08_c15_Җ.png,cells_64x64/p1_r08_c15_Җ.png,by_class/Җ/p1_r08_c15_Җ.png
p1_r08_c16_Җ,Җ,1,8,16,cells_raw_100x100/p1_r08_c16_Җ.png,cells_64x64/p1_r08_c16_Җ.png,by_class/Җ/p1_r08_c16_Җ.png
p1_r08_c17_Җ,Җ,1,8,17,cells_raw_100x100/p1_r08_c17_Җ.png,cells_64x64/p1_r08_c17_Җ.png,by_class/Җ/p1_r08_c17_Җ.png
p1_r09_c01_Җ,Җ,1,9,1,cells_raw_100x100/p1_r09_c01_Җ.png,cells_64x64/p1_r09_c01_Җ.png,by_class/Җ/p1_r09_c01_Җ.png
p1_r09_c02_Җ,Җ,1,9,2,cells_raw_100x100/p1_r09_c02_Җ.png,cells_64x64/p1_r09_c02_Җ.png,by_class/Җ/p1_r09_c02_Җ.png
p1_r09_c03_Җ,Җ,1,9,3,cells_raw_100x100/p1_r09_c03_Җ.png,cells_64x64/p1_r09_c03_Җ.png,by_class/Җ/p1_r09_c03_Җ.png
p1_r09_c04_Җ,Җ,1,9,4,cells_raw_100x100/p1_r09_c04_Җ.png,cells_64x64/p1_r09_c04_Җ.png,by_class/Җ/p1_r09_c04_Җ.png
p1_r09_c05_Җ,Җ,1,9,5,cells_raw_100x100/p1_r09_c05_Җ.png,cells_64x64/p1_r09_c05_Җ.png,by_class/Җ/p1_r09_c05_Җ.png
p1_r09_c06_Җ,Җ,1,9,6,cells_raw_100x100/p1_r09_c06_Җ.png,cells_64x64/p1_r09_c06_Җ.png,by_class/Җ/p1_r09_c06_Җ.png
p1_r09_c07_Җ,Җ,1,9,7,cells_raw_100x100/p1_r09_c07_Җ.png,cells_64x64/p1_r09_c07_Җ.png,by_class/Җ/p1_r09_c07_Җ.png
p1_r09_c08_Җ,Җ,1,9,8,cells_raw_100x100/p1_r09_c08_Җ.png,cells_64x64/p1_r09_c08_Җ.png,by_class/Җ/p1_r09_c08_Җ.png
p1_r09_c09_Җ,Җ,1,9,9,cells_raw_100x100/p1_r09_c09_Җ.png,cells_64x64/p1_r09_c09_Җ.png,by_class/Җ/p1_r09_c09_Җ.png
p1_r09_c10_Җ,Җ,1,9,10,cells_raw_100x100/p1_r09_c10_Җ.png,cells_64x64/p1_r09_c10_Җ.png,by_class/Җ/p1_r09_c10_Җ.png
p1_r09_c11_Җ,Җ,1,9,11,cells_raw_100x100/p1_r09_c11_Җ.png,cells_64x64/p1_r09_c11_Җ.png,by_class/Җ/p1_r09_c11_Җ.png
p1_r09_c12_Җ,Җ,1,9,12,cells_raw_100x100/p1_r09_c12_Җ.png,cells_64x64/p1_r09_c12_Җ.png,by_class/Җ/p1_r09_c12_Җ.png
p1_r09_c13_Җ,Җ,1,9,13,cells_raw_100x100/p1_r09_c13_Җ.png,cells_64x64/p1_r09_c13_Җ.png,by_class/Җ/p1_r09_c13_Җ.png
p1_r09_c14_Җ,Җ,1,9,14,cells_raw_100x100/p1_r09_c14_Җ.png,cells_64x64/p1_r09_c14_Җ.png,by_class/Җ/p1_r09_c14_Җ.png
p1_r09_c15_Җ,Җ,1,9,15,cells_raw_100x100/p1_r09_c15_Җ.png,cells_64x64/p1_r09_c15_Җ.png,by_class/Җ/p1_r09_c15_Җ.png
p1_r09_c16_Җ,Җ,1,9,16,cells_raw_100x100/p1_r09_c16_Җ.png,cells_64x64/p1_r09_c16_Җ.png,by_class/Җ/p1_r09_c16_Җ.png
p1_r09_c17_Җ,Җ,1,9,17,cells_raw_100x100/p1_r09_c17_Җ.png,cells_64x64/p1_r09_c17_Җ.png,by_class/Җ/p1_r09_c17_Җ.png
p1_r10_c01_Җ,Җ,1,10,1,cells_raw_100x100/p1_r10_c01_Җ.png,cells_64x64/p1_r10_c01_Җ.png,by_class/Җ/p1_r10_c01_Җ.png
p1_r10_c02_Җ,Җ,1,10,2,cells_raw_100x100/p1_r10_c02_Җ.png,cells_64x64/p1_r10_c02_Җ.png,by_class/Җ/p1_r10_c02_Җ.png
p1_r10_c03_Җ,Җ,1,10,3,cells_raw_100x100/p1_r10_c03_Җ.png,cells_64x64/p1_r10_c03_Җ.png,by_class/Җ/p1_r10_c03_Җ.png
p1_r10_c04_Җ,Җ,1,10,4,cells_raw_100x100/p1_r10_c04_Җ.png,cells_64x64/p1_r10_c04_Җ.png,by_class/Җ/p1_r10_c04_Җ.png
p1_r10_c05_Җ,Җ,1,10,5,cells_raw_100x100/p1_r10_c05_Җ.png,cells_64x64/p1_r10_c05_Җ.png,by_class/Җ/p1_r10_c05_Җ.png
p1_r10_c06_Җ,Җ,1,10,6,cells_raw_100x100/p1_r10_c06_Җ.png,cells_64x64/p1_r10_c06_Җ.png,by_class/Җ/p1_r10_c06_Җ.png
p1_r10_c07_Җ,Җ,1,10,7,cells_raw_100x100/p1_r10_c07_Җ.png,cells_64x64/p1_r10_c07_Җ.png,by_class/Җ/p1_r10_c07_Җ.png
p1_r10_c08_Җ,Җ,1,10,8,cells_raw_100x100/p1_r10_c08_Җ.png,cells_64x64/p1_r10_c08_Җ.png,by_class/Җ/p1_r10_c08_Җ.png
p1_r10_c09_Җ,Җ,1,10,9,cells_raw_100x100/p1_r10_c09_Җ.png,cells_64x64/p1_r10_c09_Җ.png,by_class/Җ/p1_r10_c09_Җ.png
p1_r10_c10_Җ,Җ,1,10,10,cells_raw_100x100/p1_r10_c10_Җ.png,cells_64x64/p1_r10_c10_Җ.png,by_class/Җ/p1_r10_c10_Җ.png
p1_r10_c11_Җ,Җ,1,10,11,cells_raw_100x100/p1_r10_c11_Җ.png,cells_64x64/p1_r10_c11_Җ.png,by_class/Җ/p1_r10_c11_Җ.png
p1_r10_c12_Җ,Җ,1,10,12,cells_raw_100x100/p1_r10_c12_Җ.png,cells_64x64/p1_r10_c12_Җ.png,by_class/Җ/p1_r10_c12_Җ.png
p1_r10_c13_Җ,Җ,1,10,13,cells_raw_100x100/p1_r10_c13_Җ.png,cells_64x64/p1_r10_c13_Җ.png,by_class/Җ/p1_r10_c13_Җ.png
p1_r10_c14_Җ,Җ,1,10,14,cells_raw_100x100/p1_r10_c14_Җ.png,cells_64x64/p1_r10_c14_Җ.png,by_class/Җ/p1_r10_c14_Җ.png
p1_r10_c15_Җ,Җ,1,10,15,cells_raw_100x100/p1_r10_c15_Җ.png,cells_64x64/p1_r10_c15_Җ.png,by_class/Җ/p1_r10_c15_Җ.png
p1_r10_c16_Җ,Җ,1,10,16,cells_raw_100x100/p1_r10_c16_Җ.png,cells_64x64/p1_r10_c16_Җ.png,by_class/Җ/p1_r10_c16_Җ.png
p1_r10_c17_Җ,Җ,1,10,17,cells_raw_100x100/p1_r10_c17_Җ.png,cells_64x64/p1_r10_c17_Җ.png,by_class/Җ/p1_r10_c17_Җ.png
p1_r11_c01_Ң,Ң,1,11,1,cells_raw_100x100/p1_r11_c01_Ң.png,cells_64x64/p1_r11_c01_Ң.png,by_class/Ң/p1_r11_c01_Ң.png
p1_r11_c02_Ң,Ң,1,11,2,cells_raw_100x100/p1_r11_c02_Ң.png,cells_64x64/p1_r11_c02_Ң.png,by_class/Ң/p1_r11_c02_Ң.png
p1_r11_c03_Ң,Ң,1,11,3,cells_raw_100x100/p1_r11_c03_Ң.png,cells_64x64/p1_r11_c03_Ң.png,by_class/Ң/p1_r11_c03_Ң.png
p1_r11_c04_Ң,Ң,1,11,4,cells_raw_100x100/p1_r11_c04_Ң.png,cells_64x64/p1_r11_c04_Ң.png,by_class/Ң/p1_r11_c04_Ң.png
p1_r11_c05_Ң,Ң,1,11,5,cells_raw_100x100/p1_r11_c05_Ң.png,cells_64x64/p1_r11_c05_Ң.png,by_class/Ң/p1_r11_c05_Ң.png
p1_r11_c06_Ң,Ң,1,11,6,cells_raw_100x100/p1_r11_c06_Ң.png,cells_64x64/p1_r11_c06_Ң.png,by_class/Ң/p1_r11_c06_Ң.png
p1_r11_c07_Ң,Ң,1,11,7,cells_raw_100x100/p1_r11_c07_Ң.png,cells_64x64/p1_r11_c07_Ң.png,by_class/Ң/p1_r11_c07_Ң.png
p1_r11_c08_Ң,Ң,1,11,8,cells_raw_100x100/p1_r11_c08_Ң.png,cells_64x64/p1_r11_c08_Ң.png,by_class/Ң/p1_r11_c08_Ң.png
p1_r11_c09_Ң,Ң,1,11,9,cells_raw_100x100/p1_r11_c09_Ң.png,cells_64x64/p1_r11_c09_Ң.png,by_class/Ң/p1_r11_c09_Ң.png
p1_r11_c10_Ң,Ң,1,11,10,cells_raw_100x100/p1_r11_c10_Ң.png,cells_64x64/p1_r11_c10_Ң.png,by_class/Ң/p1_r11_c10_Ң.png
p1_r11_c11_Ң,Ң,1,11,11,cells_raw_100x100/p1_r11_c11_Ң.png,cells_64x64/p1_r11_c11_Ң.png,by_class/Ң/p1_r11_c11_Ң.png
p1_r11_c12_Ң,Ң,1,11,12,cells_raw_100x100/p1_r11_c12_Ң.png,cells_64x64/p1_r11_c12_Ң.png,by_class/Ң/p1_r11_c12_Ң.png
p1_r11_c13_Ң,Ң,1,11,13,cells_raw_100x100/p1_r11_c13_Ң.png,cells_64x64/p1_r11_c13_Ң.png,by_class/Ң/p1_r11_c13_Ң.png
p1_r11_c14_Ң,Ң,1,11,14,cells_raw_100x100/p1_r11_c14_Ң.png,cells_64x64/p1_r11_c14_Ң.png,by_class/Ң/p1_r11_c14_Ң.png
p1_r11_c15_Ң,Ң,1,11,15,cells_raw_100x100/p1_r11_c15_Ң.png,cells_64x64/p1_r11_c15_Ң.png,by_class/Ң/p1_r11_c15_Ң.png
p1_r11_c16_Ң,Ң,1,11,16,cells_raw_100x100/p1_r11_c16_Ң.png,cells_64x64/p1_r11_c16_Ң.png,by_class/Ң/p1_r11_c16_Ң.png
p1_r11_c17_Ң,Ң,1,11,17,cells_raw_100x100/p1_r11_c17_Ң.png,cells_64x64/p1_r11_c17_Ң.png,by_class/Ң/p1_r11_c17_Ң.png
p1_r12_c01_Ң,Ң,1,12,1,cells_raw_100x100/p1_r12_c01_Ң.png,cells_64x64/p1_r12_c01_Ң.png,by_class/Ң/p1_r12_c01_Ң.png
p1_r12_c02_Ң,Ң,1,12,2,cells_raw_100x100/p1_r12_c02_Ң.png,cells_64x64/p1_r12_c02_Ң.png,by_class/Ң/p1_r12_c02_Ң.png
p1_r12_c03_Ң,Ң,1,12,3,cells_raw_100x100/p1_r12_c03_Ң.png,cells_64x64/p1_r12_c03_Ң.png,by_class/Ң/p1_r12_c03_Ң.png
p1_r12_c04_Ң,Ң,1,12,4,cells_raw_100x100/p1_r12_c04_Ң.png,cells_64x64/p1_r12_c04_Ң.png,by_class/Ң/p1_r12_c04_Ң.png
p1_r12_c05_Ң,Ң,1,12,5,cells_raw_100x100/p1_r12_c05_Ң.png,cells_64x64/p1_r12_c05_Ң.png,by_class/Ң/p1_r12_c05_Ң.png
p1_r12_c06_Ң,Ң,1,12,6,cells_raw_100x100/p1_r12_c06_Ң.png,cells_64x64/p1_r12_c06_Ң.png,by_class/Ң/p1_r12_c06_Ң.png
p1_r12_c07_Ң,Ң,1,12,7,cells_raw_100x100/p1_r12_c07_Ң.png,cells_64x64/p1_r12_c07_Ң.png,by_class/Ң/p1_r12_c07_Ң.png
p1_r12_c08_Ң,Ң,1,12,8,cells_raw_100x100/p1_r12_c08_Ң.png,cells_64x64/p1_r12_c08_Ң.png,by_class/Ң/p1_r12_c08_Ң.png
p1_r12_c09_Ң,Ң,1,12,9,cells_raw_100x100/p1_r12_c09_Ң.png,cells_64x64/p1_r12_c09_Ң.png,by_class/Ң/p1_r12_c09_Ң.png
p1_r12_c10_Ң,Ң,1,12,10,cells_raw_100x100/p1_r12_c10_Ң.png,cells_64x64/p1_r12_c10_Ң.png,by_class/Ң/p1_r12_c10_Ң.png
p1_r12_c11_Ң,Ң,1,12,11,cells_raw_100x100/p1_r12_c11_Ң.png,cells_64x64/p1_r12_c11_Ң.png,by_class/Ң/p1_r12_c11_Ң.png
p1_r12_c12_Ң,Ң,1,12,12,cells_raw_100x100/p1_r12_c12_Ң.png,cells_64x64/p1_r12_c12_Ң.png,by_class/Ң/p1_r12_c12_Ң.png
p1_r12_c13_Ң,Ң,1,12,13,cells_raw_100x100/p1_r12_c13_Ң.png,cells_64x64/p1_r12_c13_Ң.png,by_class/Ң/p1_r12_c13_Ң.png
p1_r12_c14_Ң,Ң,1,12,14,cells_raw_100x100/p1_r12_c14_Ң.png,cells_64x64/p1_r12_c14_Ң.png,by_class/Ң/p1_r12_c14_Ң.png
p1_r12_c15_Ң,Ң,1,12,15,cells_raw_100x100/p1_r12_c15_Ң.png,cells_64x64/p1_r12_c15_Ң.png,by_class/Ң/p1_r12_c15_Ң.png
p1_r12_c16_Ң,Ң,1,12,16,cells_raw_100x100/p1_r12_c16_Ң.png,cells_64x64/p1_r12_c16_Ң.png,by_class/Ң/p1_r12_c16_Ң.png
p1_r12_c17_Ң,Ң,1,12,17,cells_raw_100x100/p1_r12_c17_Ң.png,cells_64x64/p1_r12_c17_Ң.png,by_class/Ң/p1_r12_c17_Ң.png
p1_r13_c01_Ң,Ң,1,13,1,cells_raw_100x100/p1_r13_c01_Ң.png,cells_64x64/p1_r13_c01_Ң.png,by_class/Ң/p1_r13_c01_Ң.png
p1_r13_c02_Ң,Ң,1,13,2,cells_raw_100x100/p1_r13_c02_Ң.png,cells_64x64/p1_r13_c02_Ң.png,by_class/Ң/p1_r13_c02_Ң.png
p1_r13_c03_Ң,Ң,1,13,3,cells_raw_100x100/p1_r13_c03_Ң.png,cells_64x64/p1_r13_c03_Ң.png,by_class/Ң/p1_r13_c03_Ң.png
p1_r13_c04_Ң,Ң,1,13,4,cells_raw_100x100/p1_r13_c04_Ң.png,cells_64x64/p1_r13_c04_Ң.png,by_class/Ң/p1_r13_c04_Ң.png
p1_r13_c05_Ң,Ң,1,13,5,cells_raw_100x100/p1_r13_c05_Ң.png,cells_64x64/p1_r13_c05_Ң.png,by_class/Ң/p1_r13_c05_Ң.png
p1_r13_c06_Ң,Ң,1,13,6,cells_raw_100x100/p1_r13_c06_Ң.png,cells_64x64/p1_r13_c06_Ң.png,by_class/Ң/p1_r13_c06_Ң.png
p1_r13_c07_Ң,Ң,1,13,7,cells_raw_100x100/p1_r13_c07_Ң.png,cells_64x64/p1_r13_c07_Ң.png,by_class/Ң/p1_r13_c07_Ң.png
p1_r13_c08_Ң,Ң,1,13,8,cells_raw_100x100/p1_r13_c08_Ң.png,cells_64x64/p1_r13_c08_Ң.png,by_class/Ң/p1_r13_c08_Ң.png
p1_r13_c09_Ң,Ң,1,13,9,cells_raw_100x100/p1_r13_c09_Ң.png,cells_64x64/p1_r13_c09_Ң.png,by_class/Ң/p1_r13_c09_Ң.png
p1_r13_c10_Ң,Ң,1,13,10,cells_raw_100x100/p1_r13_c10_Ң.png,cells_64x64/p1_r13_c10_Ң.png,by_class/Ң/p1_r13_c10_Ң.png
p1_r13_c11_Ң,Ң,1,13,11,cells_raw_100x100/p1_r13_c11_Ң.png,cells_64x64/p1_r13_c11_Ң.png,by_class/Ң/p1_r13_c11_Ң.png
p1_r13_c12_Ң,Ң,1,13,12,cells_raw_100x100/p1_r13_c12_Ң.png,cells_64x64/p1_r13_c12_Ң.png,by_class/Ң/p1_r13_c12_Ң.png
p1_r13_c13_Ң,Ң,1,13,13,cells_raw_100x100/p1_r13_c13_Ң.png,cells_64x64/p1_r13_c13_Ң.png,by_class/Ң/p1_r13_c13_Ң.png
p1_r13_c14_Ң,Ң,1,13,14,cells_raw_100x100/p1_r13_c14_Ң.png,cells_64x64/p1_r13_c14_Ң.png,by_class/Ң/p1_r13_c14_Ң.png
p1_r13_c15_Ң,Ң,1,13,15,cells_raw_100x100/p1_r13_c15_Ң.png,cells_64x64/p1_r13_c15_Ң.png,by_class/Ң/p1_r13_c15_Ң.png
p1_r13_c16_Ң,Ң,1,13,16,cells_raw_100x100/p1_r13_c16_Ң.png,cells_64x64/p1_r13_c16_Ң.png,by_class/Ң/p1_r13_c16_Ң.png
p1_r13_c17_Ң,Ң,1,13,17,cells_raw_100x100/p1_r13_c17_Ң.png,cells_64x64/p1_r13_c17_Ң.png,by_class/Ң/p1_r13_c17_Ң.png
p1_r14_c01_Ң,Ң,1,14,1,cells_raw_100x100/p1_r14_c01_Ң.png,cells_64x64/p1_r14_c01_Ң.png,by_class/Ң/p1_r14_c01_Ң.png
p1_r14_c02_Ң,Ң,1,14,2,cells_raw_100x100/p1_r14_c02_Ң.png,cells_64x64/p1_r14_c02_Ң.png,by_class/Ң/p1_r14_c02_Ң.png
p1_r14_c03_Ң,Ң,1,14,3,cells_raw_100x100/p1_r14_c03_Ң.png,cells_64x64/p1_r14_c03_Ң.png,by_class/Ң/p1_r14_c03_Ң.png
p1_r14_c04_Ң,Ң,1,14,4,cells_raw_100x100/p1_r14_c04_Ң.png,cells_64x64/p1_r14_c04_Ң.png,by_class/Ң/p1_r14_c04_Ң.png
p1_r14_c05_Ң,Ң,1,14,5,cells_raw_100x100/p1_r14_c05_Ң.png,cells_64x64/p1_r14_c05_Ң.png,by_class/Ң/p1_r14_c05_Ң.png
p1_r14_c06_Ң,Ң,1,14,6,cells_raw_100x100/p1_r14_c06_Ң.png,cells_64x64/p1_r14_c06_Ң.png,by_class/Ң/p1_r14_c06_Ң.png
p1_r14_c07_Ң,Ң,1,14,7,cells_raw_100x100/p1_r14_c07_Ң.png,cells_64x64/p1_r14_c07_Ң.png,by_class/Ң/p1_r14_c07_Ң.png
p1_r14_c08_Ң,Ң,1,14,8,cells_raw_100x100/p1_r14_c08_Ң.png,cells_64x64/p1_r14_c08_Ң.png,by_class/Ң/p1_r14_c08_Ң.png
p1_r14_c09_Ң,Ң,1,14,9,cells_raw_100x100/p1_r14_c09_Ң.png,cells_64x64/p1_r14_c09_Ң.png,by_class/Ң/p1_r14_c09_Ң.png
p1_r14_c10_Ң,Ң,1,14,10,cells_raw_100x100/p1_r14_c10_Ң.png,cells_64x64/p1_r14_c10_Ң.png,by_class/Ң/p1_r14_c10_Ң.png
p1_r14_c11_Ң,Ң,1,14,11,cells_raw_100x100/p1_r14_c11_Ң.png,cells_64x64/p1_r14_c11_Ң.png,by_class/Ң/p1_r14_c11_Ң.png
p1_r14_c12_Ң,Ң,1,14,12,cells_raw_100x100/p1_r14_c12_Ң.png,cells_64x64/p1_r14_c12_Ң.png,by_class/Ң/p1_r14_c12_Ң.png
p1_r14_c13_Ң,Ң,1,14,13,cells_raw_100x100/p1_r14_c13_Ң.png,cells_64x64/p1_r14_c13_Ң.png,by_class/Ң/p1_r14_c13_Ң.png
p1_r14_c14_Ң,Ң,1,14,14,cells_raw_100x100/p1_r14_c14_Ң.png,cells_64x64/p1_r14_c14_Ң.png,by_class/Ң/p1_r14_c14_Ң.png
p1_r14_c15_Ң,Ң,1,14,15,cells_raw_100x100/p1_r14_c15_Ң.png,cells_64x64/p1_r14_c15_Ң.png,by_class/Ң/p1_r14_c15_Ң.png
p1_r14_c16_Ң,Ң,1,14,16,cells_raw_100x100/p1_r14_c16_Ң.png,cells_64x64/p1_r14_c16_Ң.png,by_class/Ң/p1_r14_c16_Ң.png
p1_r14_c17_Ң,Ң,1,14,17,cells_raw_100x100/p1_r14_c17_Ң.png,cells_64x64/p1_r14_c17_Ң.png,by_class/Ң/p1_r14_c17_Ң.png
p1_r15_c01_Ң,Ң,1,15,1,cells_raw_100x100/p1_r15_c01_Ң.png,cells_64x64/p1_r15_c01_Ң.png,by_class/Ң/p1_r15_c01_Ң.png
p1_r15_c02_Ң,Ң,1,15,2,cells_raw_100x100/p1_r15_c02_Ң.png,cells_64x64/p1_r15_c02_Ң.png,by_class/Ң/p1_r15_c02_Ң.png
p1_r15_c03_Ң,Ң,1,15,3,cells_raw_100x100/p1_r15_c03_Ң.png,cells_64x64/p1_r15_c03_Ң.png,by_class/Ң/p1_r15_c03_Ң.png
p1_r15_c04_Ң,Ң,1,15,4,cells_raw_100x100/p1_r15_c04_Ң.png,cells_64x64/p1_r15_c04_Ң.png,by_class/Ң/p1_r15_c04_Ң.png
p1_r15_c05_Ң,Ң,1,15,5,cells_raw_100x100/p1_r15_c05_Ң.png,cells_64x64/p1_r15_c05_Ң.png,by_class/Ң/p1_r15_c05_Ң.png
p1_r15_c06_Ң,Ң,1,15,6,cells_raw_100x100/p1_r15_c06_Ң.png,cells_64x64/p1_r15_c06_Ң.png,by_class/Ң/p1_r15_c06_Ң.png
p1_r15_c07_Ң,Ң,1,15,7,cells_raw_100x100/p1_r15_c07_Ң.png,cells_64x64/p1_r15_c07_Ң.png,by_class/Ң/p1_r15_c07_Ң.png
p1_r15_c08_Ң,Ң,1,15,8,cells_raw_100x100/p1_r15_c08_Ң.png,cells_64x64/p1_r15_c08_Ң.png,by_class/Ң/p1_r15_c08_Ң.png
p1_r15_c09_Ң,Ң,1,15,9,cells_raw_100x100/p1_r15_c09_Ң.png,cells_64x64/p1_r15_c09_Ң.png,by_class/Ң/p1_r15_c09_Ң.png
p1_r15_c10_Ң,Ң,1,15,10,cells_raw_100x100/p1_r15_c10_Ң.png,cells_64x64/p1_r15_c10_Ң.png,by_class/Ң/p1_r15_c10_Ң.png
p1_r15_c11_Ң,Ң,1,15,11,cells_raw_100x100/p1_r15_c11_Ң.png,cells_64x64/p1_r15_c11_Ң.png,by_class/Ң/p1_r15_c11_Ң.png
p1_r15_c12_Ң,Ң,1,15,12,cells_raw_100x100/p1_r15_c12_Ң.png,cells_64x64/p1_r15_c12_Ң.png,by_class/Ң/p1_r15_c12_Ң.png
p1_r15_c13_Ң,Ң,1,15,13,cells_raw_100x100/p1_r15_c13_Ң.png,cells_64x64/p1_r15_c13_Ң.png,by_class/Ң/p1_r15_c13_Ң.png
p1_r15_c14_Ң,Ң,1,15,14,cells_raw_100x100/p1_r15_c14_Ң.png,cells_64x64/p1_r15_c14_Ң.png,by_class/Ң/p1_r15_c14_Ң.png
p1_r15_c15_Ң,Ң,1,15,15,cells_raw_100x100/p1_r15_c15_Ң.png,cells_64x64/p1_r15_c15_Ң.png,by_class/Ң/p1_r15_c15_Ң.png
p1_r15_c16_Ң,Ң,1,15,16,cells_raw_100x100/p1_r15_c16_Ң.png,cells_64x64/p1_r15_c16_Ң.png,by_class/Ң/p1_r15_c16_Ң.png
p1_r15_c17_Ң,Ң,1,15,17,cells_raw_100x100/p1_r15_c17_Ң.png,cells_64x64/p1_r15_c17_Ң.png,by_class/Ң/p1_r15_c17_Ң.png
p1_r16_c01_Ө,Ө,1,16,1,cells_raw_100x100/p1_r16_c01_Ө.png,cells_64x64/p1_r16_c01_Ө.png,by_class/Ө/p1_r16_c01_Ө.png
p1_r16_c02_Ө,Ө,1,16,2,cells_raw_100x100/p1_r16_c02_Ө.png,cells_64x64/p1_r16_c02_Ө.png,by_class/Ө/p1_r16_c02_Ө.png
p1_r16_c03_Ө,Ө,1,16,3,cells_raw_100x100/p1_r16_c03_Ө.png,cells_64x64/p1_r16_c03_Ө.png,by_class/Ө/p1_r16_c03_Ө.png
p1_r16_c04_Ө,Ө,1,16,4,cells_raw_100x100/p1_r16_c04_Ө.png,cells_64x64/p1_r16_c04_Ө.png,by_class/Ө/p1_r16_c04_Ө.png
p1_r16_c05_Ө,Ө,1,16,5,cells_raw_100x100/p1_r16_c05_Ө.png,cells_64x64/p1_r16_c05_Ө.png,by_class/Ө/p1_r16_c05_Ө.png
p1_r16_c06_Ө,Ө,1,16,6,cells_raw_100x100/p1_r16_c06_Ө.png,cells_64x64/p1_r16_c06_Ө.png,by_class/Ө/p1_r16_c06_Ө.png
p1_r16_c07_Ө,Ө,1,16,7,cells_raw_100x100/p1_r16_c07_Ө.png,cells_64x64/p1_r16_c07_Ө.png,by_class/Ө/p1_r16_c07_Ө.png
p1_r16_c08_Ө,Ө,1,16,8,cells_raw_100x100/p1_r16_c08_Ө.png,cells_64x64/p1_r16_c08_Ө.png,by_class/Ө/p1_r16_c08_Ө.png
p1_r16_c09_Ө,Ө,1,16,9,cells_raw_100x100/p1_r16_c09_Ө.png,cells_64x64/p1_r16_c09_Ө.png,by_class/Ө/p1_r16_c09_Ө.png
p1_r16_c10_Ө,Ө,1,16,10,cells_raw_100x100/p1_r16_c10_Ө.png,cells_64x64/p1_r16_c10_Ө.png,by_class/Ө/p1_r16_c10_Ө.png
p1_r16_c11_Ө,Ө,1,16,11,cells_raw_100x100/p1_r16_c11_Ө.png,cells_64x64/p1_r16_c11_Ө.png,by_class/Ө/p1_r16_c11_Ө.png
p1_r16_c12_Ө,Ө,1,16,12,cells_raw_100x100/p1_r16_c12_Ө.png,cells_64x64/p1_r16_c12_Ө.png,by_class/Ө/p1_r16_c12_Ө.png
p1_r16_c13_Ө,Ө,1,16,13,cells_raw_100x100/p1_r16_c13_Ө.png,cells_64x64/p1_r16_c13_Ө.png,by_class/Ө/p1_r16_c13_Ө.png
p1_r16_c14_Ө,Ө,1,16,14,cells_raw_100x100/p1_r16_c14_Ө.png,cells_64x64/p1_r16_c14_Ө.png,by_class/Ө/p1_r16_c14_Ө.png
p1_r16_c15_Ө,Ө,1,16,15,cells_raw_100x100/p1_r16_c15_Ө.png,cells_64x64/p1_r16_c15_Ө.png,by_class/Ө/p1_r16_c15_Ө.png
p1_r16_c16_Ө,Ө,1,16,16,cells_raw_100x100/p1_r16_c16_Ө.png,cells_64x64/p1_r16_c16_Ө.png,by_class/Ө/p1_r16_c16_Ө.png
p1_r16_c17_Ө,Ө,1,16,17,cells_raw_100x100/p1_r16_c17_Ө.png,cells_64x64/p1_r16_c17_Ө.png,by_class/Ө/p1_r16_c17_Ө.png
p1_r17_c01_Ө,Ө,1,17,1,cells_raw_100x100/p1_r17_c01_Ө.png,cells_64x64/p1_r17_c01_Ө.png,by_class/Ө/p1_r17_c01_Ө.png
p1_r17_c02_Ө,Ө,1,17,2,cells_raw_100x100/p1_r17_c02_Ө.png,cells_64x64/p1_r17_c02_Ө.png,by_class/Ө/p1_r17_c02_Ө.png
p1_r17_c03_Ө,Ө,1,17,3,cells_raw_100x100/p1_r17_c03_Ө.png,cells_64x64/p1_r17_c03_Ө.png,by_class/Ө/p1_r17_c03_Ө.png
p1_r17_c04_Ө,Ө,1,17,4,cells_raw_100x100/p1_r17_c04_Ө.png,cells_64x64/p1_r17_c04_Ө.png,by_class/Ө/p1_r17_c04_Ө.png
p1_r17_c05_Ө,Ө,1,17,5,cells_raw_100x100/p1_r17_c05_Ө.png,cells_64x64/p1_r17_c05_Ө.png,by_class/Ө/p1_r17_c05_Ө.png
p1_r17_c06_Ө,Ө,1,17,6,cells_raw_100x100/p1_r17_c06_Ө.png,cells_64x64/p1_r17_c06_Ө.png,by_class/Ө/p1_r17_c06_Ө.png
p1_r17_c07_Ө,Ө,1,17,7,cells_raw_100x100/p1_r17_c07_Ө.png,cells_64x64/p1_r17_c07_Ө.png,by_class/Ө/p1_r17_c07_Ө.png
p1_r17_c08_Ө,Ө,1,17,8,cells_raw_100x100/p1_r17_c08_Ө.png,cells_64x64/p1_r17_c08_Ө.png,by_class/Ө/p1_r17_c08_Ө.png
p1_r17_c09_Ө,Ө,1,17,9,cells_raw_100x100/p1_r17_c09_Ө.png,cells_64x64/p1_r17_c09_Ө.png,by_class/Ө/p1_r17_c09_Ө.png
p1_r17_c10_Ө,Ө,1,17,10,cells_raw_100x100/p1_r17_c10_Ө.png,cells_64x64/p1_r17_c10_Ө.png,by_class/Ө/p1_r17_c10_Ө.png
p1_r17_c11_Ө,Ө,1,17,11,cells_raw_100x100/p1_r17_c11_Ө.png,cells_64x64/p1_r17_c11_Ө.png,by_class/Ө/p1_r17_c11_Ө.png
p1_r17_c12_Ө,Ө,1,17,12,cells_raw_100x100/p1_r17_c12_Ө.png,cells_64x64/p1_r17_c12_Ө.png,by_class/Ө/p1_r17_c12_Ө.png
p1_r17_c13_Ө,Ө,1,17,13,cells_raw_100x100/p1_r17_c13_Ө.png,cells_64x64/p1_r17_c13_Ө.png,by_class/Ө/p1_r17_c13_Ө.png
p1_r17_c14_Ө,Ө,1,17,14,cells_raw_100x100/p1_r17_c14_Ө.png,cells_64x64/p1_r17_c14_Ө.png,by_class/Ө/p1_r17_c14_Ө.png
p1_r17_c15_Ө,Ө,1,17,15,cells_raw_100x100/p1_r17_c15_Ө.png,cells_64x64/p1_r17_c15_Ө.png,by_class/Ө/p1_r17_c15_Ө.png
p1_r17_c16_Ө,Ө,1,17,16,cells_raw_100x100/p1_r17_c16_Ө.png,cells_64x64/p1_r17_c16_Ө.png,by_class/Ө/p1_r17_c16_Ө.png
p1_r17_c17_Ө,Ө,1,17,17,cells_raw_100x100/p1_r17_c17_Ө.png,cells_64x64/p1_r17_c17_Ө.png,by_class/Ө/p1_r17_c17_Ө.png
p1_r18_c01_Ө,Ө,1,18,1,cells_raw_100x100/p1_r18_c01_Ө.png,cells_64x64/p1_r18_c01_Ө.png,by_class/Ө/p1_r18_c01_Ө.png
p1_r18_c02_Ө,Ө,1,18,2,cells_raw_100x100/p1_r18_c02_Ө.png,cells_64x64/p1_r18_c02_Ө.png,by_class/Ө/p1_r18_c02_Ө.png
p1_r18_c03_Ө,Ө,1,18,3,cells_raw_100x100/p1_r18_c03_Ө.png,cells_64x64/p1_r18_c03_Ө.png,by_class/Ө/p1_r18_c03_Ө.png
p1_r18_c04_Ө,Ө,1,18,4,cells_raw_100x100/p1_r18_c04_Ө.png,cells_64x64/p1_r18_c04_Ө.png,by_class/Ө/p1_r18_c04_Ө.png
p1_r18_c05_Ө,Ө,1,18,5,cells_raw_100x100/p1_r18_c05_Ө.png,cells_64x64/p1_r18_c05_Ө.png,by_class/Ө/p1_r18_c05_Ө.png
p1_r18_c06_Ө,Ө,1,18,6,cells_raw_100x100/p1_r18_c06_Ө.png,cells_64x64/p1_r18_c06_Ө.png,by_class/Ө/p1_r18_c06_Ө.png
p1_r18_c07_Ө,Ө,1,18,7,cells_raw_100x100/p1_r18_c07_Ө.png,cells_64x64/p1_r18_c07_Ө.png,by_class/Ө/p1_r18_c07_Ө.png
p1_r18_c08_Ө,Ө,1,18,8,cells_raw_100x100/p1_r18_c08_Ө.png,cells_64x64/p1_r18_c08_Ө.png,by_class/Ө/p1_r18_c08_Ө.png
p1_r18_c09_Ө,Ө,1,18,9,cells_raw_100x100/p1_r18_c09_Ө.png,cells_64x64/p1_r18_c09_Ө.png,by_class/Ө/p1_r18_c09_Ө.png
p1_r18_c10_Ө,Ө,1,18,10,cells_raw_100x100/p1_r18_c10_Ө.png,cells_64x64/p1_r18_c10_Ө.png,by_class/Ө/p1_r18_c10_Ө.png
p1_r18_c11_Ө,Ө,1,18,11,cells_raw_100x100/p1_r18_c11_Ө.png,cells_64x64/p1_r18_c11_Ө.png,by_class/Ө/p1_r18_c11_Ө.png
p1_r18_c12_Ө,Ө,1,18,12,cells_raw_100x100/p1_r18_c12_Ө.png,cells_64x64/p1_r18_c12_Ө.png,by_class/Ө/p1_r18_c12_Ө.png
p1_r18_c13_Ө,Ө,1,18,13,cells_raw_100x100/p1_r18_c13_Ө.png,cells_64x64/p1_r18_c13_Ө.png,by_class/Ө/p1_r18_c13_Ө.png
p1_r18_c14_Ө,Ө,1,18,14,cells_raw_100x100/p1_r18_c14_Ө.png,cells_64x64/p1_r18_c14_Ө.png,by_class/Ө/p1_r18_c14_Ө.png
p1_r18_c15_Ө,Ө,1,18,15,cells_raw_100x100/p1_r18_c15_Ө.png,cells_64x64/p1_r18_c15_Ө.png,by_class/Ө/p1_r18_c15_Ө.png
p1_r18_c16_Ө,Ө,1,18,16,cells_raw_100x100/p1_r18_c16_Ө.png,cells_64x64/p1_r18_c16_Ө.png,by_class/Ө/p1_r18_c16_Ө.png
p1_r18_c17_Ө,Ө,1,18,17,cells_raw_100x100/p1_r18_c17_Ө.png,cells_64x64/p1_r18_c17_Ө.png,by_class/Ө/p1_r18_c17_Ө.png
p1_r19_c01_Ө,Ө,1,19,1,cells_raw_100x100/p1_r19_c01_Ө.png,cells_64x64/p1_r19_c01_Ө.png,by_class/Ө/p1_r19_c01_Ө.png
p1_r19_c02_Ө,Ө,1,19,2,cells_raw_100x100/p1_r19_c02_Ө.png,cells_64x64/p1_r19_c02_Ө.png,by_class/Ө/p1_r19_c02_Ө.png
p1_r19_c03_Ө,Ө,1,19,3,cells_raw_100x100/p1_r19_c03_Ө.png,cells_64x64/p1_r19_c03_Ө.png,by_class/Ө/p1_r19_c03_Ө.png
p1_r19_c04_Ө,Ө,1,19,4,cells_raw_100x100/p1_r19_c04_Ө.png,cells_64x64/p1_r19_c04_Ө.png,by_class/Ө/p1_r19_c04_Ө.png
p1_r19_c05_Ө,Ө,1,19,5,cells_raw_100x100/p1_r19_c05_Ө.png,cells_64x64/p1_r19_c05_Ө.png,by_class/Ө/p1_r19_c05_Ө.png
p1_r19_c06_Ө,Ө,1,19,6,cells_raw_100x100/p1_r19_c06_Ө.png,cells_64x64/p1_r19_c06_Ө.png,by_class/Ө/p1_r19_c06_Ө.png
p1_r19_c07_Ө,Ө,1,19,7,cells_raw_100x100/p1_r19_c07_Ө.png,cells_64x64/p1_r19_c07_Ө.png,by_class/Ө/p1_r19_c07_Ө.png
p1_r19_c08_Ө,Ө,1,19,8,cells_raw_100x100/p1_r19_c08_Ө.png,cells_64x64/p1_r19_c08_Ө.png,by_class/Ө/p1_r19_c08_Ө.png
p1_r19_c09_Ө,Ө,1,19,9,cells_raw_100x100/p1_r19_c09_Ө.png,cells_64x64/p1_r19_c09_Ө.png,by_class/Ө/p1_r19_c09_Ө.png
p1_r19_c10_Ө,Ө,1,19,10,cells_raw_100x100/p1_r19_c10_Ө.png,cells_64x64/p1_r19_c10_Ө.png,by_class/Ө/p1_r19_c10_Ө.png
p1_r19_c11_Ө,Ө,1,19,11,cells_raw_100x100/p1_r19_c11_Ө.png,cells_64x64/p1_r19_c11_Ө.png,by_class/Ө/p1_r19_c11_Ө.png
p1_r19_c12_Ө,Ө,1,19,12,cells_raw_100x100/p1_r19_c12_Ө.png,cells_64x64/p1_r19_c12_Ө.png,by_class/Ө/p1_r19_c12_Ө.png
p1_r19_c13_Ө,Ө,1,19,13,cells_raw_100x100/p1_r19_c13_Ө.png,cells_64x64/p1_r19_c13_Ө.png,by_class/Ө/p1_r19_c13_Ө.png
p1_r19_c14_Ө,Ө,1,19,14,cells_raw_100x100/p1_r19_c14_Ө.png,cells_64x64/p1_r19_c14_Ө.png,by_class/Ө/p1_r19_c14_Ө.png
p1_r19_c15_Ө,Ө,1,19,15,cells_raw_100x100/p1_r19_c15_Ө.png,cells_64x64/p1_r19_c15_Ө.png,by_class/Ө/p1_r19_c15_Ө.png
p1_r19_c16_Ө,Ө,1,19,16,cells_raw_100x100/p1_r19_c16_Ө.png,cells_64x64/p1_r19_c16_Ө.png,by_class/Ө/p1_r19_c16_Ө.png
p1_r19_c17_Ө,Ө,1,19,17,cells_raw_100x100/p1_r19_c17_Ө.png,cells_64x64/p1_r19_c17_Ө.png,by_class/Ө/p1_r19_c17_Ө.png
p1_r20_c01_Ө,Ө,1,20,1,cells_raw_100x100/p1_r20_c01_Ө.png,cells_64x64/p1_r20_c01_Ө.png,by_class/Ө/p1_r20_c01_Ө.png
p1_r20_c02_Ө,Ө,1,20,2,cells_raw_100x100/p1_r20_c02_Ө.png,cells_64x64/p1_r20_c02_Ө.png,by_class/Ө/p1_r20_c02_Ө.png
p1_r20_c03_Ө,Ө,1,20,3,cells_raw_100x100/p1_r20_c03_Ө.png,cells_64x64/p1_r20_c03_Ө.png,by_class/Ө/p1_r20_c03_Ө.png
p1_r20_c04_Ө,Ө,1,20,4,cells_raw_100x100/p1_r20_c04_Ө.png,cells_64x64/p1_r20_c04_Ө.png,by_class/Ө/p1_r20_c04_Ө.png
p1_r20_c05_Ө,Ө,1,20,5,cells_raw_100x100/p1_r20_c05_Ө.png,cells_64x64/p1_r20_c05_Ө.png,by_class/Ө/p1_r20_c05_Ө.png
p1_r20_c06_Ө,Ө,1,20,6,cells_raw_100x100/p1_r20_c06_Ө.png,cells_64x64/p1_r20_c06_Ө.png,by_class/Ө/p1_r20_c06_Ө.png
p1_r20_c07_Ө,Ө,1,20,7,cells_raw_100x100/p1_r20_c07_Ө.png,cells_64x64/p1_r20_c07_Ө.png,by_class/Ө/p1_r20_c07_Ө.png
p1_r20_c08_Ө,Ө,1,20,8,cells_raw_100x100/p1_r20_c08_Ө.png,cells_64x64/p1_r20_c08_Ө.png,by_class/Ө/p1_r20_c08_Ө.png
p1_r20_c09_Ө,Ө,1,20,9,cells_raw_100x100/p1_r20_c09_Ө.png,cells_64x64/p1_r20_c09_Ө.png,by_class/Ө/p1_r20_c09_Ө.png
p1_r20_c10_Ө,Ө,1,20,10,cells_raw_100x100/p1_r20_c10_Ө.png,cells_64x64/p1_r20_c10_Ө.png,by_class/Ө/p1_r20_c10_Ө.png
p1_r20_c11_Ө,Ө,1,20,11,cells_raw_100x100/p1_r20_c11_Ө.png,cells_64x64/p1_r20_c11_Ө.png,by_class/Ө/p1_r20_c11_Ө.png
p1_r20_c12_Ө,Ө,1,20,12,cells_raw_100x100/p1_r20_c12_Ө.png,cells_64x64/p1_r20_c12_Ө.png,by_class/Ө/p1_r20_c12_Ө.png
p1_r20_c13_Ө,Ө,1,20,13,cells_raw_100x100/p1_r20_c13_Ө.png,cells_64x64/p1_r20_c13_Ө.png,by_class/Ө/p1_r20_c13_Ө.png
p1_r20_c14_Ө,Ө,1,20,14,cells_raw_100x100/p1_r20_c14_Ө.png,cells_64x64/p1_r20_c14_Ө.png,by_class/Ө/p1_r20_c14_Ө.png
p1_r20_c15_Ө,Ө,1,20,15,cells_raw_100x100/p1_r20_c15_Ө.png,cells_64x64/p1_r20_c15_Ө.png,by_class/Ө/p1_r20_c15_Ө.png
p1_r20_c16_Ө,Ө,1,20,16,cells_raw_100x100/p1_r20_c16_Ө.png,cells_64x64/p1_r20_c16_Ө.png,by_class/Ө/p1_r20_c16_Ө.png
p1_r20_c17_Ө,Ө,1,20,17,cells_raw_100x100/p1_r20_c17_Ө.png,cells_64x64/p1_r20_c17_Ө.png,by_class/Ө/p1_r20_c17_Ө.png
p1_r21_c01_Ү,Ү,1,21,1,cells_raw_100x100/p1_r21_c01_Ү.png,cells_64x64/p1_r21_c01_Ү.png,by_class/Ү/p1_r21_c01_Ү.png
p1_r21_c02_Ү,Ү,1,21,2,cells_raw_100x100/p1_r21_c02_Ү.png,cells_64x64/p1_r21_c02_Ү.png,by_class/Ү/p1_r21_c02_Ү.png
p1_r21_c03_Ү,Ү,1,21,3,cells_raw_100x100/p1_r21_c03_Ү.png,cells_64x64/p1_r21_c03_Ү.png,by_class/Ү/p1_r21_c03_Ү.png
p1_r21_c04_Ү,Ү,1,21,4,cells_raw_100x100/p1_r21_c04_Ү.png,cells_64x64/p1_r21_c04_Ү.png,by_class/Ү/p1_r21_c04_Ү.png
p1_r21_c05_Ү,Ү,1,21,5,cells_raw_100x100/p1_r21_c05_Ү.png,cells_64x64/p1_r21_c05_Ү.png,by_class/Ү/p1_r21_c05_Ү.png
p1_r21_c06_Ү,Ү,1,21,6,cells_raw_100x100/p1_r21_c06_Ү.png,cells_64x64/p1_r21_c06_Ү.png,by_class/Ү/p1_r21_c06_Ү.png
p1_r21_c07_Ү,Ү,1,21,7,cells_raw_100x100/p1_r21_c07_Ү.png,cells_64x64/p1_r21_c07_Ү.png,by_class/Ү/p1_r21_c07_Ү.png
p1_r21_c08_Ү,Ү,1,21,8,cells_raw_100x100/p1_r21_c08_Ү.png,cells_64x64/p1_r21_c08_Ү.png,by_class/Ү/p1_r21_c08_Ү.png
p1_r21_c09_Ү,Ү,1,21,9,cells_raw_100x100/p1_r21_c09_Ү.png,cells_64x64/p1_r21_c09_Ү.png,by_class/Ү/p1_r21_c09_Ү.png
p1_r21_c10_Ү,Ү,1,21,10,cells_raw_100x100/p1_r21_c10_Ү.png,cells_64x64/p1_r21_c10_Ү.png,by_class/Ү/p1_r21_c10_Ү.png
p1_r21_c11_Ү,Ү,1,21,11,cells_raw_100x100/p1_r21_c11_Ү.png,cells_64x64/p1_r21_c11_Ү.png,by_class/Ү/p1_r21_c11_Ү.png
p1_r21_c12_Ү,Ү,1,21,12,cells_raw_100x100/p1_r21_c12_Ү.png,cells_64x64/p1_r21_c12_Ү.png,by_class/Ү/p1_r21_c12_Ү.png
p1_r21_c13_Ү,Ү,1,21,13,cells_raw_100x100/p1_r21_c13_Ү.png,cells_64x64/p1_r21_c13_Ү.png,by_class/Ү/p1_r21_c13_Ү.png
p1_r21_c14_Ү,Ү,1,21,14,cells_raw_100x100/p1_r21_c14_Ү.png,cells_64x64/p1_r21_c14_Ү.png,by_class/Ү/p1_r21_c14_Ү.png
p1_r21_c15_Ү,Ү,1,21,15,cells_raw_100x100/p1_r21_c15_Ү.png,cells_64x64/p1_r21_c15_Ү.png,by_class/Ү/p1_r21_c15_Ү.png
p1_r21_c16_Ү,Ү,1,21,16,cells_raw_100x100/p1_r21_c16_Ү.png,cells_64x64/p1_r21_c16_Ү.png,by_class/Ү/p1_r21_c16_Ү.png
p1_r21_c17_Ү,Ү,1,21,17,cells_raw_100x100/p1_r21_c17_Ү.png,cells_64x64/p1_r21_c17_Ү.png,by_class/Ү/p1_r21_c17_Ү.png
p1_r22_c01_Ү,Ү,1,22,1,cells_raw_100x100/p1_r22_c01_Ү.png,cells_64x64/p1_r22_c01_Ү.png,by_class/Ү/p1_r22_c01_Ү.png
p1_r22_c02_Ү,Ү,1,22,2,cells_raw_100x100/p1_r22_c02_Ү.png,cells_64x64/p1_r22_c02_Ү.png,by_class/Ү/p1_r22_c02_Ү.png
p1_r22_c03_Ү,Ү,1,22,3,cells_raw_100x100/p1_r22_c03_Ү.png,cells_64x64/p1_r22_c03_Ү.png,by_class/Ү/p1_r22_c03_Ү.png
p1_r22_c04_Ү,Ү,1,22,4,cells_raw_100x100/p1_r22_c04_Ү.png,cells_64x64/p1_r22_c04_Ү.png,by_class/Ү/p1_r22_c04_Ү.png
p1_r22_c05_Ү,Ү,1,22,5,cells_raw_100x100/p1_r22_c05_Ү.png,cells_64x64/p1_r22_c05_Ү.png,by_class/Ү/p1_r22_c05_Ү.png
p1_r22_c06_Ү,Ү,1,22,6,cells_raw_100x100/p1_r22_c06_Ү.png,cells_64x64/p1_r22_c06_Ү.png,by_class/Ү/p1_r22_c06_Ү.png
p1_r22_c07_Ү,Ү,1,22,7,cells_raw_100x100/p1_r22_c07_Ү.png,cells_64x64/p1_r22_c07_Ү.png,by_class/Ү/p1_r22_c07_Ү.png
p1_r22_c08_Ү,Ү,1,22,8,cells_raw_100x100/p1_r22_c08_Ү.png,cells_64x64/p1_r22_c08_Ү.png,by_class/Ү/p1_r22_c08_Ү.png
p1_r22_c09_Ү,Ү,1,22,9,cells_raw_100x100/p1_r22_c09_Ү.png,cells_64x64/p1_r22_c09_Ү.png,by_class/Ү/p1_r22_c09_Ү.png
p1_r22_c10_Ү,Ү,1,22,10,cells_raw_100x100/p1_r22_c10_Ү.png,cells_64x64/p1_r22_c10_Ү.png,by_class/Ү/p1_r22_c10_Ү.png
p1_r22_c11_Ү,Ү,1,22,11,cells_raw_100x100/p1_r22_c11_Ү.png,cells_64x64/p1_r22_c11_Ү.png,by_class/Ү/p1_r22_c11_Ү.png
p1_r22_c12_Ү,Ү,1,22,12,cells_raw_100x100/p1_r22_c12_Ү.png,cells_64x64/p1_r22_c12_Ү.png,by_class/Ү/p1_r22_c12_Ү.png
p1_r22_c13_Ү,Ү,1,22,13,cells_raw_100x100/p1_r22_c13_Ү.png,cells_64x64/p1_r22_c13_Ү.png,by_class/Ү/p1_r22_c13_Ү.png
p1_r22_c14_Ү,Ү,1,22,14,cells_raw_100x100/p1_r22_c14_Ү.png,cells_64x64/p1_r22_c14_Ү.png,by_class/Ү/p1_r22_c14_Ү.png
p1_r22_c15_Ү,Ү,1,22,15,cells_raw_100x100/p1_r22_c15_Ү.png,cells_64x64/p1_r22_c15_Ү.png,by_class/Ү/p1_r22_c15_Ү.png
p1_r22_c16_Ү,Ү,1,22,16,cells_raw_100x100/p1_r22_c16_Ү.png,cells_64x64/p1_r22_c16_Ү.png,by_class/Ү/p1_r22_c16_Ү.png
p1_r22_c17_Ү,Ү,1,22,17,cells_raw_100x100/p1_r22_c17_Ү.png,cells_64x64/p1_r22_c17_Ү.png,by_class/Ү/p1_r22_c17_Ү.png
p1_r23_c01_Ү,Ү,1,23,1,cells_raw_100x100/p1_r23_c01_Ү.png,cells_64x64/p1_r23_c01_Ү.png,by_class/Ү/p1_r23_c01_Ү.png
p1_r23_c02_Ү,Ү,1,23,2,cells_raw_100x100/p1_r23_c02_Ү.png,cells_64x64/p1_r23_c02_Ү.png,by_class/Ү/p1_r23_c02_Ү.png
p1_r23_c03_Ү,Ү,1,23,3,cells_raw_100x100/p1_r23_c03_Ү.png,cells_64x64/p1_r23_c03_Ү.png,by_class/Ү/p1_r23_c03_Ү.png
p1_r23_c04_Ү,Ү,1,23,4,cells_raw_100x100/p1_r23_c04_Ү.png,cells_64x64/p1_r23_c04_Ү.png,by_class/Ү/p1_r23_c04_Ү.png
p1_r23_c05_Ү,Ү,1,23,5,cells_raw_100x100/p1_r23_c05_Ү.png,cells_64x64/p1_r23_c05_Ү.png,by_class/Ү/p1_r23_c05_Ү.png
p1_r23_c06_Ү,Ү,1,23,6,cells_raw_100x100/p1_r23_c06_Ү.png,cells_64x64/p1_r23_c06_Ү.png,by_class/Ү/p1_r23_c06_Ү.png
p1_r23_c07_Ү,Ү,1,23,7,cells_raw_100x100/p1_r23_c07_Ү.png,cells_64x64/p1_r23_c07_Ү.png,by_class/Ү/p1_r23_c07_Ү.png
p1_r23_c08_Ү,Ү,1,23,8,cells_raw_100x100/p1_r23_c08_Ү.png,cells_64x64/p1_r23_c08_Ү.png,by_class/Ү/p1_r23_c08_Ү.png
p1_r23_c09_Ү,Ү,1,23,9,cells_raw_100x100/p1_r23_c09_Ү.png,cells_64x64/p1_r23_c09_Ү.png,by_class/Ү/p1_r23_c09_Ү.png
p1_r23_c10_Ү,Ү,1,23,10,cells_raw_100x100/p1_r23_c10_Ү.png,cells_64x64/p1_r23_c10_Ү.png,by_class/Ү/p1_r23_c10_Ү.png
p1_r23_c11_Ү,Ү,1,23,11,cells_raw_100x100/p1_r23_c11_Ү.png,cells_64x64/p1_r23_c11_Ү.png,by_class/Ү/p1_r23_c11_Ү.png
p1_r23_c12_Ү,Ү,1,23,12,cells_raw_100x100/p1_r23_c12_Ү.png,cells_64x64/p1_r23_c12_Ү.png,by_class/Ү/p1_r23_c12_Ү.png
p1_r23_c13_Ү,Ү,1,23,13,cells_raw_100x100/p1_r23_c13_Ү.png,cells_64x64/p1_r23_c13_Ү.png,by_class/Ү/p1_r23_c13_Ү.png
p1_r23_c14_Ү,Ү,1,23,14,cells_raw_100x100/p1_r23_c14_Ү.png,cells_64x64/p1_r23_c14_Ү.png,by_class/Ү/p1_r23_c14_Ү.png
p1_r23_c15_Ү,Ү,1,23,15,cells_raw_100x100/p1_r23_c15_Ү.png,cells_64x64/p1_r23_c15_Ү.png,by_class/Ү/p1_r23_c15_Ү.png
p1_r23_c16_Ү,Ү,1,23,16,cells_raw_100x100/p1_r23_c16_Ү.png,cells_64x64/p1_r23_c16_Ү.png,by_class/Ү/p1_r23_c16_Ү.png
p1_r23_c17_Ү,Ү,1,23,17,cells_raw_100x100/p1_r23_c17_Ү.png,cells_64x64/p1_r23_c17_Ү.png,by_class/Ү/p1_r23_c17_Ү.png
p1_r24_c01_Ү,Ү,1,24,1,cells_raw_100x100/p1_r24_c01_Ү.png,cells_64x64/p1_r24_c01_Ү.png,by_class/Ү/p1_r24_c01_Ү.png
p1_r24_c02_Ү,Ү,1,24,2,cells_raw_100x100/p1_r24_c02_Ү.png,cells_64x64/p1_r24_c02_Ү.png,by_class/Ү/p1_r24_c02_Ү.png
p1_r24_c03_Ү,Ү,1,24,3,cells_raw_100x100/p1_r24_c03_Ү.png,cells_64x64/p1_r24_c03_Ү.png,by_class/Ү/p1_r24_c03_Ү.png
p1_r24_c04_Ү,Ү,1,24,4,cells_raw_100x100/p1_r24_c04_Ү.png,cells_64x64/p1_r24_c04_Ү.png,by_class/Ү/p1_r24_c04_Ү.png
p1_r24_c05_Ү,Ү,1,24,5,cells_raw_100x100/p1_r24_c05_Ү.png,cells_64x64/p1_r24_c05_Ү.png,by_class/Ү/p1_r24_c05_Ү.png
p1_r24_c06_Ү,Ү,1,24,6,cells_raw_100x100/p1_r24_c06_Ү.png,cells_64x64/p1_r24_c06_Ү.png,by_class/Ү/p1_r24_c06_Ү.png
p1_r24_c07_Ү,Ү,1,24,7,cells_raw_100x100/p1_r24_c07_Ү.png,cells_64x64/p1_r24_c07_Ү.png,by_class/Ү/p1_r24_c07_Ү.png
p1_r24_c08_Ү,Ү,1,24,8,cells_raw_100x100/p1_r24_c08_Ү.png,cells_64x64/p1_r24_c08_Ү.png,by_class/Ү/p1_r24_c08_Ү.png
p1_r24_c09_Ү,Ү,1,24,9,cells_raw_100x100/p1_r24_c09_Ү.png,cells_64x64/p1_r24_c09_Ү.png,by_class/Ү/p1_r24_c09_Ү.png
p1_r24_c10_Ү,Ү,1,24,10,cells_raw_100x100/p1_r24_c10_Ү.png,cells_64x64/p1_r24_c10_Ү.png,by_class/Ү/p1_r24_c10_Ү.png
p1_r24_c11_Ү,Ү,1,24,11,cells_raw_100x100/p1_r24_c11_Ү.png,cells_64x64/p1_r24_c11_Ү.png,by_class/Ү/p1_r24_c11_Ү.png
p1_r24_c12_Ү,Ү,1,24,12,cells_raw_100x100/p1_r24_c12_Ү.png,cells_64x64/p1_r24_c12_Ү.png,by_class/Ү/p1_r24_c12_Ү.png
p1_r24_c13_Ү,Ү,1,24,13,cells_raw_100x100/p1_r24_c13_Ү.png,cells_64x64/p1_r24_c13_Ү.png,by_class/Ү/p1_r24_c13_Ү.png
p1_r24_c14_Ү,Ү,1,24,14,cells_raw_100x100/p1_r24_c14_Ү.png,cells_64x64/p1_r24_c14_Ү.png,by_class/Ү/p1_r24_c14_Ү.png
p1_r24_c15_Ү,Ү,1,24,15,cells_raw_100x100/p1_r24_c15_Ү.png,cells_64x64/p1_r24_c15_Ү.png,by_class/Ү/p1_r24_c15_Ү.png
p1_r24_c16_Ү,Ү,1,24,16,cells_raw_100x100/p1_r24_c16_Ү.png,cells_64x64/p1_r24_c16_Ү.png,by_class/Ү/p1_r24_c16_Ү.png
p1_r24_c17_Ү,Ү,1,24,17,cells_raw_100x100/p1_r24_c17_Ү.png,cells_64x64/p1_r24_c17_Ү.png,by_class/Ү/p1_r24_c17_Ү.png
p2_r01_c01_Ү,Ү,2,1,1,cells_raw_100x100/p2_r01_c01_Ү.png,cells_64x64/p2_r01_c01_Ү.png,by_class/Ү/p2_r01_c01_Ү.png
p2_r01_c02_Ү,Ү,2,1,2,cells_raw_100x100/p2_r01_c02_Ү.png,cells_64x64/p2_r01_c02_Ү.png,by_class/Ү/p2_r01_c02_Ү.png
p2_r01_c03_Ү,Ү,2,1,3,cells_raw_100x100/p2_r01_c03_Ү.png,cells_64x64/p2_r01_c03_Ү.png,by_class/Ү/p2_r01_c03_Ү.png
p2_r01_c04_Ү,Ү,2,1,4,cells_raw_100x100/p2_r01_c04_Ү.png,cells_64x64/p2_r01_c04_Ү.png,by_class/Ү/p2_r01_c04_Ү.png
p2_r01_c05_Ү,Ү,2,1,5,cells_raw_100x100/p2_r01_c05_Ү.png,cells_64x64/p2_r01_c05_Ү.png,by_class/Ү/p2_r01_c05_Ү.png
p2_r01_c06_Ү,Ү,2,1,6,cells_raw_100x100/p2_r01_c06_Ү.png,cells_64x64/p2_r01_c06_Ү.png,by_class/Ү/p2_r01_c06_Ү.png
p2_r01_c07_Ү,Ү,2,1,7,cells_raw_100x100/p2_r01_c07_Ү.png,cells_64x64/p2_r01_c07_Ү.png,by_class/Ү/p2_r01_c07_Ү.png
p2_r01_c08_Ү,Ү,2,1,8,cells_raw_100x100/p2_r01_c08_Ү.png,cells_64x64/p2_r01_c08_Ү.png,by_class/Ү/p2_r01_c08_Ү.png
p2_r01_c09_Ү,Ү,2,1,9,cells_raw_100x100/p2_r01_c09_Ү.png,cells_64x64/p2_r01_c09_Ү.png,by_class/Ү/p2_r01_c09_Ү.png
p2_r01_c10_Ү,Ү,2,1,10,cells_raw_100x100/p2_r01_c10_Ү.png,cells_64x64/p2_r01_c10_Ү.png,by_class/Ү/p2_r01_c10_Ү.png
p2_r01_c11_Ү,Ү,2,1,11,cells_raw_100x100/p2_r01_c11_Ү.png,cells_64x64/p2_r01_c11_Ү.png,by_class/Ү/p2_r01_c11_Ү.png
p2_r01_c12_Ү,Ү,2,1,12,cells_raw_100x100/p2_r01_c12_Ү.png,cells_64x64/p2_r01_c12_Ү.png,by_class/Ү/p2_r01_c12_Ү.png
p2_r01_c13_Ү,Ү,2,1,13,cells_raw_100x100/p2_r01_c13_Ү.png,cells_64x64/p2_r01_c13_Ү.png,by_class/Ү/p2_r01_c13_Ү.png
p2_r01_c14_Ү,Ү,2,1,14,cells_raw_100x100/p2_r01_c14_Ү.png,cells_64x64/p2_r01_c14_Ү.png,by_class/Ү/p2_r01_c14_Ү.png
p2_r01_c15_Ү,Ү,2,1,15,cells_raw_100x100/p2_r01_c15_Ү.png,cells_64x64/p2_r01_c15_Ү.png,by_class/Ү/p2_r01_c15_Ү.png
p2_r01_c16_Ү,Ү,2,1,16,cells_raw_100x100/p2_r01_c16_Ү.png,cells_64x64/p2_r01_c16_Ү.png,by_class/Ү/p2_r01_c16_Ү.png
p2_r01_c17_Ү,Ү,2,1,17,cells_raw_100x100/p2_r01_c17_Ү.png,cells_64x64/p2_r01_c17_Ү.png,by_class/Ү/p2_r01_c17_Ү.png
p2_r02_c01_Һ,Һ,2,2,1,cells_raw_100x100/p2_r02_c01_Һ.png,cells_64x64/p2_r02_c01_Һ.png,by_class/Һ/p2_r02_c01_Һ.png
p2_r02_c02_Һ,Һ,2,2,2,cells_raw_100x100/p2_r02_c02_Һ.png,cells_64x64/p2_r02_c02_Һ.png,by_class/Һ/p2_r02_c02_Һ.png
p2_r02_c03_Һ,Һ,2,2,3,cells_raw_100x100/p2_r02_c03_Һ.png,cells_64x64/p2_r02_c03_Һ.png,by_class/Һ/p2_r02_c03_Һ.png
p2_r02_c04_Һ,Һ,2,2,4,cells_raw_100x100/p2_r02_c04_Һ.png,cells_64x64/p2_r02_c04_Һ.png,by_class/Һ/p2_r02_c04_Һ.png
p2_r02_c05_Һ,Һ,2,2,5,cells_raw_100x100/p2_r02_c05_Һ.png,cells_64x64/p2_r02_c05_Һ.png,by_class/Һ/p2_r02_c05_Һ.png
p2_r02_c06_Һ,Һ,2,2,6,cells_raw_100x100/p2_r02_c06_Һ.png,cells_64x64/p2_r02_c06_Һ.png,by_class/Һ/p2_r02_c06_Һ.png
p2_r02_c07_Һ,Һ,2,2,7,cells_raw_100x100/p2_r02_c07_Һ.png,cells_64x64/p2_r02_c07_Һ.png,by_class/Һ/p2_r02_c07_Һ.png
p2_r02_c08_Һ,Һ,2,2,8,cells_raw_100x100/p2_r02_c08_Һ.png,cells_64x64/p2_r02_c08_Һ.png,by_class/Һ/p2_r02_c08_Һ.png
p2_r02_c09_Һ,Һ,2,2,9,cells_raw_100x100/p2_r02_c09_Һ.png,cells_64x64/p2_r02_c09_Һ.png,by_class/Һ/p2_r02_c09_Һ.png
p2_r02_c10_Һ,Һ,2,2,10,cells_raw_100x100/p2_r02_c10_Һ.png,cells_64x64/p2_r02_c10_Һ.png,by_class/Һ/p2_r02_c10_Һ.png
p2_r02_c11_Һ,Һ,2,2,11,cells_raw_100x100/p2_r02_c11_Һ.png,cells_64x64/p2_r02_c11_Һ.png,by_class/Һ/p2_r02_c11_Һ.png
p2_r02_c12_Һ,Һ,2,2,12,cells_raw_100x100/p2_r02_c12_Һ.png,cells_64x64/p2_r02_c12_Һ.png,by_class/Һ/p2_r02_c12_Һ.png
p2_r02_c13_Һ,Һ,2,2,13,cells_raw_100x100/p2_r02_c13_Һ.png,cells_64x64/p2_r02_c13_Һ.png,by_class/Һ/p2_r02_c13_Һ.png
p2_r02_c14_Һ,Һ,2,2,14,cells_raw_100x100/p2_r02_c14_Һ.png,cells_64x64/p2_r02_c14_Һ.png,by_class/Һ/p2_r02_c14_Һ.png
p2_r02_c15_Һ,Һ,2,2,15,cells_raw_100x100/p2_r02_c15_Һ.png,cells_64x64/p2_r02_c15_Һ.png,by_class/Һ/p2_r02_c15_Һ.png
p2_r02_c16_Һ,Һ,2,2,16,cells_raw_100x100/p2_r02_c16_Һ.png,cells_64x64/p2_r02_c16_Һ.png,by_class/Һ/p2_r02_c16_Һ.png
p2_r02_c17_Һ,Һ,2,2,17,cells_raw_100x100/p2_r02_c17_Һ.png,cells_64x64/p2_r02_c17_Һ.png,by_class/Һ/p2_r02_c17_Һ.png
p2_r03_c01_Һ,Һ,2,3,1,cells_raw_100x100/p2_r03_c01_Һ.png,cells_64x64/p2_r03_c01_Һ.png,by_class/Һ/p2_r03_c01_Һ.png
p2_r03_c02_Һ,Һ,2,3,2,cells_raw_100x100/p2_r03_c02_Һ.png,cells_64x64/p2_r03_c02_Һ.png,by_class/Һ/p2_r03_c02_Һ.png
p2_r03_c03_Һ,Һ,2,3,3,cells_raw_100x100/p2_r03_c03_Һ.png,cells_64x64/p2_r03_c03_Һ.png,by_class/Һ/p2_r03_c03_Һ.png
p2_r03_c04_Һ,Һ,2,3,4,cells_raw_100x100/p2_r03_c04_Һ.png,cells_64x64/p2_r03_c04_Һ.png,by_class/Һ/p2_r03_c04_Һ.png
p2_r03_c05_Һ,Һ,2,3,5,cells_raw_100x100/p2_r03_c05_Һ.png,cells_64x64/p2_r03_c05_Һ.png,by_class/Һ/p2_r03_c05_Һ.png
p2_r03_c06_Һ,Һ,2,3,6,cells_raw_100x100/p2_r03_c06_Һ.png,cells_64x64/p2_r03_c06_Һ.png,by_class/Һ/p2_r03_c06_Һ.png
p2_r03_c07_Һ,Һ,2,3,7,cells_raw_100x100/p2_r03_c07_Һ.png,cells_64x64/p2_r03_c07_Һ.png,by_class/Һ/p2_r03_c07_Һ.png
p2_r03_c08_Һ,Һ,2,3,8,cells_raw_100x100/p2_r03_c08_Һ.png,cells_64x64/p2_r03_c08_Һ.png,by_class/Һ/p2_r03_c08_Һ.png
p2_r03_c09_Һ,Һ,2,3,9,cells_raw_100x100/p2_r03_c09_Һ.png,cells_64x64/p2_r03_c09_Һ.png,by_class/Һ/p2_r03_c09_Һ.png
p2_r03_c10_Һ,Һ,2,3,10,cells_raw_100x100/p2_r03_c10_Һ.png,cells_64x64/p2_r03_c10_Һ.png,by_class/Һ/p2_r03_c10_Һ.png
p2_r03_c11_Һ,Һ,2,3,11,cells_raw_100x100/p2_r03_c11_Һ.png,cells_64x64/p2_r03_c11_Һ.png,by_class/Һ/p2_r03_c11_Һ.png
p2_r03_c12_Һ,Һ,2,3,12,cells_raw_100x100/p2_r03_c12_Һ.png,cells_64x64/p2_r03_c12_Һ.png,by_class/Һ/p2_r03_c12_Һ.png
p2_r03_c13_Һ,Һ,2,3,13,cells_raw_100x100/p2_r03_c13_Һ.png,cells_64x64/p2_r03_c13_Һ.png,by_class/Һ/p2_r03_c13_Һ.png
p2_r03_c14_Һ,Һ,2,3,14,cells_raw_100x100/p2_r03_c14_Һ.png,cells_64x64/p2_r03_c14_Һ.png,by_class/Һ/p2_r03_c14_Һ.png
p2_r03_c15_Һ,Һ,2,3,15,cells_raw_100x100/p2_r03_c15_Һ.png,cells_64x64/p2_r03_c15_Һ.png,by_class/Һ/p2_r03_c15_Һ.png
p2_r03_c16_Һ,Һ,2,3,16,cells_raw_100x100/p2_r03_c16_Һ.png,cells_64x64/p2_r03_c16_Һ.png,by_class/Һ/p2_r03_c16_Һ.png
p2_r03_c17_Һ,Һ,2,3,17,cells_raw_100x100/p2_r03_c17_Һ.png,cells_64x64/p2_r03_c17_Һ.png,by_class/Һ/p2_r03_c17_Һ.png
p2_r04_c01_Һ,Һ,2,4,1,cells_raw_100x100/p2_r04_c01_Һ.png,cells_64x64/p2_r04_c01_Һ.png,by_class/Һ/p2_r04_c01_Һ.png
p2_r04_c02_Һ,Һ,2,4,2,cells_raw_100x100/p2_r04_c02_Һ.png,cells_64x64/p2_r04_c02_Һ.png,by_class/Һ/p2_r04_c02_Һ.png
p2_r04_c03_Һ,Һ,2,4,3,cells_raw_100x100/p2_r04_c03_Һ.png,cells_64x64/p2_r04_c03_Һ.png,by_class/Һ/p2_r04_c03_Һ.png
p2_r04_c04_Һ,Һ,2,4,4,cells_raw_100x100/p2_r04_c04_Һ.png,cells_64x64/p2_r04_c04_Һ.png,by_class/Һ/p2_r04_c04_Һ.png
p2_r04_c05_Һ,Һ,2,4,5,cells_raw_100x100/p2_r04_c05_Һ.png,cells_64x64/p2_r04_c05_Һ.png,by_class/Һ/p2_r04_c05_Һ.png
p2_r04_c06_Һ,Һ,2,4,6,cells_raw_100x100/p2_r04_c06_Һ.png,cells_64x64/p2_r04_c06_Һ.png,by_class/Һ/p2_r04_c06_Һ.png
p2_r04_c07_Һ,Һ,2,4,7,cells_raw_100x100/p2_r04_c07_Һ.png,cells_64x64/p2_r04_c07_Һ.png,by_class/Һ/p2_r04_c07_Һ.png
p2_r04_c08_Һ,Һ,2,4,8,cells_raw_100x100/p2_r04_c08_Һ.png,cells_64x64/p2_r04_c08_Һ.png,by_class/Һ/p2_r04_c08_Һ.png
p2_r04_c09_Һ,Һ,2,4,9,cells_raw_100x100/p2_r04_c09_Һ.png,cells_64x64/p2_r04_c09_Һ.png,by_class/Һ/p2_r04_c09_Һ.png
p2_r04_c10_Һ,Һ,2,4,10,cells_raw_100x100/p2_r04_c10_Һ.png,cells_64x64/p2_r04_c10_Һ.png,by_class/Һ/p2_r04_c10_Һ.png
p2_r04_c11_Һ,Һ,2,4,11,cells_raw_100x100/p2_r04_c11_Һ.png,cells_64x64/p2_r04_c11_Һ.png,by_class/Һ/p2_r04_c11_Һ.png
p2_r04_c12_Һ,Һ,2,4,12,cells_raw_100x100/p2_r04_c12_Һ.png,cells_64x64/p2_r04_c12_Һ.png,by_class/Һ/p2_r04_c12_Һ.png
p2_r04_c13_Һ,Һ,2,4,13,cells_raw_100x100/p2_r04_c13_Һ.png,cells_64x64/p2_r04_c13_Һ.png,by_class/Һ/p2_r04_c13_Һ.png
p2_r04_c14_Һ,Һ,2,4,14,cells_raw_100x100/p2_r04_c14_Һ.png,cells_64x64/p2_r04_c14_Һ.png,by_class/Һ/p2_r04_c14_Һ.png
p2_r04_c15_Һ,Һ,2,4,15,cells_raw_100x100/p2_r04_c15_Һ.png,cells_64x64/p2_r04_c15_Һ.png,by_class/Һ/p2_r04_c15_Һ.png
p2_r04_c16_Һ,Һ,2,4,16,cells_raw_100x100/p2_r04_c16_Һ.png,cells_64x64/p2_r04_c16_Һ.png,by_class/Һ/p2_r04_c16_Һ.png
p2_r04_c17_Һ,Һ,2,4,17,cells_raw_100x100/p2_r04_c17_Һ.png,cells_64x64/p2_r04_c17_Һ.png,by_class/Һ/p2_r04_c17_Һ.png
p2_r05_c01_Һ,Һ,2,5,1,cells_raw_100x100/p2_r05_c01_Һ.png,cells_64x64/p2_r05_c01_Һ.png,by_class/Һ/p2_r05_c01_Һ.png
p2_r05_c02_Һ,Һ,2,5,2,cells_raw_100x100/p2_r05_c02_Һ.png,cells_64x64/p2_r05_c02_Һ.png,by_class/Һ/p2_r05_c02_Һ.png
p2_r05_c03_Һ,Һ,2,5,3,cells_raw_100x100/p2_r05_c03_Һ.png,cells_64x64/p2_r05_c03_Һ.png,by_class/Һ/p2_r05_c03_Һ.png
p2_r05_c04_Һ,Һ,2,5,4,cells_raw_100x100/p2_r05_c04_Һ.png,cells_64x64/p2_r05_c04_Һ.png,by_class/Һ/p2_r05_c04_Һ.png
p2_r05_c05_Һ,Һ,2,5,5,cells_raw_100x100/p2_r05_c05_Һ.png,cells_64x64/p2_r05_c05_Һ.png,by_class/Һ/p2_r05_c05_Һ.png
p2_r05_c06_Һ,Һ,2,5,6,cells_raw_100x100/p2_r05_c06_Һ.png,cells_64x64/p2_r05_c06_Һ.png,by_class/Һ/p2_r05_c06_Һ.png
p2_r05_c07_Һ,Һ,2,5,7,cells_raw_100x100/p2_r05_c07_Һ.png,cells_64x64/p2_r05_c07_Һ.png,by_class/Һ/p2_r05_c07_Һ.png
p2_r05_c08_Һ,Һ,2,5,8,cells_raw_100x100/p2_r05_c08_Һ.png,cells_64x64/p2_r05_c08_Һ.png,by_class/Һ/p2_r05_c08_Һ.png
p2_r05_c09_Һ,Һ,2,5,9,cells_raw_100x100/p2_r05_c09_Һ.png,cells_64x64/p2_r05_c09_Һ.png,by_class/Һ/p2_r05_c09_Һ.png
p2_r05_c10_Һ,Һ,2,5,10,cells_raw_100x100/p2_r05_c10_Һ.png,cells_64x64/p2_r05_c10_Һ.png,by_class/Һ/p2_r05_c10_Һ.png
p2_r05_c11_Һ,Һ,2,5,11,cells_raw_100x100/p2_r05_c11_Һ.png,cells_64x64/p2_r05_c11_Һ.png,by_class/Һ/p2_r05_c11_Һ.png
p2_r05_c12_Һ,Һ,2,5,12,cells_raw_100x100/p2_r05_c12_Һ.png,cells_64x64/p2_r05_c12_Һ.png,by_class/Һ/p2_r05_c12_Һ.png
p2_r05_c13_Һ,Һ,2,5,13,cells_raw_100x100/p2_r05_c13_Һ.png,cells_64x64/p2_r05_c13_Һ.png,by_class/Һ/p2_r05_c13_Һ.png
p2_r05_c14_Һ,Һ,2,5,14,cells_raw_100x100/p2_r05_c14_Һ.png,cells_64x64/p2_r05_c14_Һ.png,by_class/Һ/p2_r05_c14_Һ.png
p2_r05_c15_Һ,Һ,2,5,15,cells_raw_100x100/p2_r05_c15_Һ.png,cells_64x64/p2_r05_c15_Һ.png,by_class/Һ/p2_r05_c15_Һ.png
p2_r05_c16_Һ,Һ,2,5,16,cells_raw_100x100/p2_r05_c16_Һ.png,cells_64x64/p2_r05_c16_Һ.png,by_class/Һ/p2_r05_c16_Һ.png
p2_r05_c17_Һ,Һ,2,5,17,cells_raw_100x100/p2_r05_c17_Һ.png,cells_64x64/p2_r05_c17_Һ.png,by_class/Һ/p2_r05_c17_Һ.png
p2_r06_c01_Һ,Һ,2,6,1,cells_raw_100x100/p2_r06_c01_Һ.png,cells_64x64/p2_r06_c01_Һ.png,by_class/Һ/p2_r06_c01_Һ.png
p2_r06_c02_Һ,Һ,2,6,2,cells_raw_100x100/p2_r06_c02_Һ.png,cells_64x64/p2_r06_c02_Һ.png,by_class/Һ/p2_r06_c02_Һ.png
p2_r06_c03_Һ,Һ,2,6,3,cells_raw_100x100/p2_r06_c03_Һ.png,cells_64x64/p2_r06_c03_Һ.png,by_class/Һ/p2_r06_c03_Һ.png
p2_r06_c04_Һ,Һ,2,6,4,cells_raw_100x100/p2_r06_c04_Һ.png,cells_64x64/p2_r06_c04_Һ.png,by_class/Һ/p2_r06_c04_Һ.png
p2_r06_c05_Һ,Һ,2,6,5,cells_raw_100x100/p2_r06_c05_Һ.png,cells_64x64/p2_r06_c05_Һ.png,by_class/Һ/p2_r06_c05_Һ.png
p2_r06_c06_Һ,Һ,2,6,6,cells_raw_100x100/p2_r06_c06_Һ.png,cells_64x64/p2_r06_c06_Һ.png,by_class/Һ/p2_r06_c06_Һ.png
p2_r06_c07_Һ,Һ,2,6,7,cells_raw_100x100/p2_r06_c07_Һ.png,cells_64x64/p2_r06_c07_Һ.png,by_class/Һ/p2_r06_c07_Һ.png
p2_r06_c08_Һ,Һ,2,6,8,cells_raw_100x100/p2_r06_c08_Һ.png,cells_64x64/p2_r06_c08_Һ.png,by_class/Һ/p2_r06_c08_Һ.png
p2_r06_c09_Һ,Һ,2,6,9,cells_raw_100x100/p2_r06_c09_Һ.png,cells_64x64/p2_r06_c09_Һ.png,by_class/Һ/p2_r06_c09_Һ.png
p2_r06_c10_Һ,Һ,2,6,10,cells_raw_100x100/p2_r06_c10_Һ.png,cells_64x64/p2_r06_c10_Һ.png,by_class/Һ/p2_r06_c10_Һ.png
p2_r06_c11_Һ,Һ,2,6,11,cells_raw_100x100/p2_r06_c11_Һ.png,cells_64x64/p2_r06_c11_Һ.png,by_class/Һ/p2_r06_c11_Һ.png
p2_r06_c12_Һ,Һ,2,6,12,cells_raw_100x100/p2_r06_c12_Һ.png,cells_64x64/p2_r06_c12_Һ.png,by_class/Һ/p2_r06_c12_Һ.png
p2_r06_c13_Һ,Һ,2,6,13,cells_raw_100x100/p2_r06_c13_Һ.png,cells_64x64/p2_r06_c13_Һ.png,by_class/Һ/p2_r06_c13_Һ.png
p2_r06_c14_Һ,Һ,2,6,14,cells_raw_100x100/p2_r06_c14_Һ.png,cells_64x64/p2_r06_c14_Һ.png,by_class/Һ/p2_r06_c14_Һ.png
p2_r06_c15_Һ,Һ,2,6,15,cells_raw_100x100/p2_r06_c15_Һ.png,cells_64x64/p2_r06_c15_Һ.png,by_class/Һ/p2_r06_c15_Һ.png
p2_r06_c16_Һ,Һ,2,6,16,cells_raw_100x100/p2_r06_c16_Һ.png,cells_64x64/p2_r06_c16_Һ.png,by_class/Һ/p2_r06_c16_Һ.png
p2_r06_c17_Һ,Һ,2,6,17,cells_raw_100x100/p2_r06_c17_Һ.png,cells_64x64/p2_r06_c17_Һ.png,by_class/Һ/p2_r06_c17_Һ.png
p2_r07_c01_Щ,Щ,2,7,1,cells_raw_100x100/p2_r07_c01_Щ.png,cells_64x64/p2_r07_c01_Щ.png,by_class/Щ/p2_r07_c01_Щ.png
p2_r07_c02_Щ,Щ,2,7,2,cells_raw_100x100/p2_r07_c02_Щ.png,cells_64x64/p2_r07_c02_Щ.png,by_class/Щ/p2_r07_c02_Щ.png
p2_r07_c03_Щ,Щ,2,7,3,cells_raw_100x100/p2_r07_c03_Щ.png,cells_64x64/p2_r07_c03_Щ.png,by_class/Щ/p2_r07_c03_Щ.png
p2_r07_c04_Щ,Щ,2,7,4,cells_raw_100x100/p2_r07_c04_Щ.png,cells_64x64/p2_r07_c04_Щ.png,by_class/Щ/p2_r07_c04_Щ.png
p2_r07_c05_Щ,Щ,2,7,5,cells_raw_100x100/p2_r07_c05_Щ.png,cells_64x64/p2_r07_c05_Щ.png,by_class/Щ/p2_r07_c05_Щ.png
p2_r07_c06_Щ,Щ,2,7,6,cells_raw_100x100/p2_r07_c06_Щ.png,cells_64x64/p2_r07_c06_Щ.png,by_class/Щ/p2_r07_c06_Щ.png
p2_r07_c07_Щ,Щ,2,7,7,cells_raw_100x100/p2_r07_c07_Щ.png,cells_64x64/p2_r07_c07_Щ.png,by_class/Щ/p2_r07_c07_Щ.png
p2_r07_c08_Щ,Щ,2,7,8,cells_raw_100x100/p2_r07_c08_Щ.png,cells_64x64/p2_r07_c08_Щ.png,by_class/Щ/p2_r07_c08_Щ.png
p2_r07_c09_Щ,Щ,2,7,9,cells_raw_100x100/p2_r07_c09_Щ.png,cells_64x64/p2_r07_c09_Щ.png,by_class/Щ/p2_r07_c09_Щ.png
p2_r07_c10_Щ,Щ,2,7,10,cells_raw_100x100/p2_r07_c10_Щ.png,cells_64x64/p2_r07_c10_Щ.png,by_class/Щ/p2_r07_c10_Щ.png
p2_r07_c11_Щ,Щ,2,7,11,cells_raw_100x100/p2_r07_c11_Щ.png,cells_64x64/p2_r07_c11_Щ.png,by_class/Щ/p2_r07_c11_Щ.png
p2_r07_c12_Щ,Щ,2,7,12,cells_raw_100x100/p2_r07_c12_Щ.png,cells_64x64/p2_r07_c12_Щ.png,by_class/Щ/p2_r07_c12_Щ.png
p2_r07_c13_Щ,Щ,2,7,13,cells_raw_100x100/p2_r07_c13_Щ.png,cells_64x64/p2_r07_c13_Щ.png,by_class/Щ/p2_r07_c13_Щ.png
p2_r07_c14_Щ,Щ,2,7,14,cells_raw_100x100/p2_r07_c14_Щ.png,cells_64x64/p2_r07_c14_Щ.png,by_class/Щ/p2_r07_c14_Щ.png
p2_r07_c15_Щ,Щ,2,7,15,cells_raw_100x100/p2_r07_c15_Щ.png,cells_64x64/p2_r07_c15_Щ.png,by_class/Щ/p2_r07_c15_Щ.png
p2_r07_c16_Щ,Щ,2,7,16,cells_raw_100x100/p2_r07_c16_Щ.png,cells_64x64/p2_r07_c16_Щ.png,by_class/Щ/p2_r07_c16_Щ.png
p2_r07_c17_Щ,Щ,2,7,17,cells_raw_100x100/p2_r07_c17_Щ.png,cells_64x64/p2_r07_c17_Щ.png,by_class/Щ/p2_r07_c17_Щ.png
p2_r08_c01_Щ,Щ,2,8,1,cells_raw_100x100/p2_r08_c01_Щ.png,cells_64x64/p2_r08_c01_Щ.png,by_class/Щ/p2_r08_c01_Щ.png
p2_r08_c02_Щ,Щ,2,8,2,cells_raw_100x100/p2_r08_c02_Щ.png,cells_64x64/p2_r08_c02_Щ.png,by_class/Щ/p2_r08_c02_Щ.png
p2_r08_c03_Щ,Щ,2,8,3,cells_raw_100x100/p2_r08_c03_Щ.png,cells_64x64/p2_r08_c03_Щ.png,by_class/Щ/p2_r08_c03_Щ.png
p2_r08_c04_Щ,Щ,2,8,4,cells_raw_100x100/p2_r08_c04_Щ.png,cells_64x64/p2_r08_c04_Щ.png,by_class/Щ/p2_r08_c04_Щ.png
p2_r08_c05_Щ,Щ,2,8,5,cells_raw_100x100/p2_r08_c05_Щ.png,cells_64x64/p2_r08_c05_Щ.png,by_class/Щ/p2_r08_c05_Щ.png
p2_r08_c06_Щ,Щ,2,8,6,cells_raw_100x100/p2_r08_c06_Щ.png,cells_64x64/p2_r08_c06_Щ.png,by_class/Щ/p2_r08_c06_Щ.png
p2_r08_c07_Щ,Щ,2,8,7,cells_raw_100x100/p2_r08_c07_Щ.png,cells_64x64/p2_r08_c07_Щ.png,by_class/Щ/p2_r08_c07_Щ.png
p2_r08_c08_Щ,Щ,2,8,8,cells_raw_100x100/p2_r08_c08_Щ.png,cells_64x64/p2_r08_c08_Щ.png,by_class/Щ/p2_r08_c08_Щ.png
p2_r08_c09_Щ,Щ,2,8,9,cells_raw_100x100/p2_r08_c09_Щ.png,cells_64x64/p2_r08_c09_Щ.png,by_class/Щ/p2_r08_c09_Щ.png
p2_r08_c10_Щ,Щ,2,8,10,cells_raw_100x100/p2_r08_c10_Щ.png,cells_64x64/p2_r08_c10_Щ.png,by_class/Щ/p2_r08_c10_Щ.png
p2_r08_c11_Щ,Щ,2,8,11,cells_raw_100x100/p2_r08_c11_Щ.png,cells_64x64/p2_r08_c11_Щ.png,by_class/Щ/p2_r08_c11_Щ.png
p2_r08_c12_Щ,Щ,2,8,12,cells_raw_100x100/p2_r08_c12_Щ.png,cells_64x64/p2_r08_c12_Щ.png,by_class/Щ/p2_r08_c12_Щ.png
p2_r08_c13_Щ,Щ,2,8,13,cells_raw_100x100/p2_r08_c13_Щ.png,cells_64x64/p2_r08_c13_Щ.png,by_class/Щ/p2_r08_c13_Щ.png
p2_r08_c14_Щ,Щ,2,8,14,cells_raw_100x100/p2_r08_c14_Щ.png,cells_64x64/p2_r08_c14_Щ.png,by_class/Щ/p2_r08_c14_Щ.png
p2_r08_c15_Щ,Щ,2,8,15,cells_raw_100x100/p2_r08_c15_Щ.png,cells_64x64/p2_r08_c15_Щ.png,by_class/Щ/p2_r08_c15_Щ.png
p2_r08_c16_Щ,Щ,2,8,16,cells_raw_100x100/p2_r08_c16_Щ.png,cells_64x64/p2_r08_c16_Щ.png,by_class/Щ/p2_r08_c16_Щ.png
p2_r08_c17_Щ,Щ,2,8,17,cells_raw_100x100/p2_r08_c17_Щ.png,cells_64x64/p2_r08_c17_Щ.png,by_class/Щ/p2_r08_c17_Щ.png
p2_r09_c01_Щ,Щ,2,9,1,cells_raw_100x100/p2_r09_c01_Щ.png,cells_64x64/p2_r09_c01_Щ.png,by_class/Щ/p2_r09_c01_Щ.png
p2_r09_c02_Щ,Щ,2,9,2,cells_raw_100x100/p2_r09_c02_Щ.png,cells_64x64/p2_r09_c02_Щ.png,by_class/Щ/p2_r09_c02_Щ.png
p2_r09_c03_Щ,Щ,2,9,3,cells_raw_100x100/p2_r09_c03_Щ.png,cells_64x64/p2_r09_c03_Щ.png,by_class/Щ/p2_r09_c03_Щ.png
p2_r09_c04_Щ,Щ,2,9,4,cells_raw_100x100/p2_r09_c04_Щ.png,cells_64x64/p2_r09_c04_Щ.png,by_class/Щ/p2_r09_c04_Щ.png
p2_r09_c05_Щ,Щ,2,9,5,cells_raw_100x100/p2_r09_c05_Щ.png,cells_64x64/p2_r09_c05_Щ.png,by_class/Щ/p2_r09_c05_Щ.png
p2_r09_c06_Щ,Щ,2,9,6,cells_raw_100x100/p2_r09_c06_Щ.png,cells_64x64/p2_r09_c06_Щ.png,by_class/Щ/p2_r09_c06_Щ.png
p2_r09_c07_Щ,Щ,2,9,7,cells_raw_100x100/p2_r09_c07_Щ.png,cells_64x64/p2_r09_c07_Щ.png,by_class/Щ/p2_r09_c07_Щ.png
p2_r09_c08_Щ,Щ,2,9,8,cells_raw_100x100/p2_r09_c08_Щ.png,cells_64x64/p2_r09_c08_Щ.png,by_class/Щ/p2_r09_c08_Щ.png
p2_r09_c09_Щ,Щ,2,9,9,cells_raw_100x100/p2_r09_c09_Щ.png,cells_64x64/p2_r09_c09_Щ.png,by_class/Щ/p2_r09_c09_Щ.png
p2_r09_c10_Щ,Щ,2,9,10,cells_raw_100x100/p2_r09_c10_Щ.png,cells_64x64/p2_r09_c10_Щ.png,by_class/Щ/p2_r09_c10_Щ.png
p2_r09_c11_Щ,Щ,2,9,11,cells_raw_100x100/p2_r09_c11_Щ.png,cells_64x64/p2_r09_c11_Щ.png,by_class/Щ/p2_r09_c11_Щ.png
p2_r09_c12_Щ,Щ,2,9,12,cells_raw_100x100/p2_r09_c12_Щ.png,cells_64x64/p2_r09_c12_Щ.png,by_class/Щ/p2_r09_c12_Щ.png
p2_r09_c13_Щ,Щ,2,9,13,cells_raw_100x100/p2_r09_c13_Щ.png,cells_64x64/p2_r09_c13_Щ.png,by_class/Щ/p2_r09_c13_Щ.png
p2_r09_c14_Щ,Щ,2,9,14,cells_raw_100x100/p2_r09_c14_Щ.png,cells_64x64/p2_r09_c14_Щ.png,by_class/Щ/p2_r09_c14_Щ.png
p2_r09_c15_Щ,Щ,2,9,15,cells_raw_100x100/p2_r09_c15_Щ.png,cells_64x64/p2_r09_c15_Щ.png,by_class/Щ/p2_r09_c15_Щ.png
p2_r09_c16_Щ,Щ,2,9,16,cells_raw_100x100/p2_r09_c16_Щ.png,cells_64x64/p2_r09_c16_Щ.png,by_class/Щ/p2_r09_c16_Щ.png
p2_r09_c17_Щ,Щ,2,9,17,cells_raw_100x100/p2_r09_c17_Щ.png,cells_64x64/p2_r09_c17_Щ.png,by_class/Щ/p2_r09_c17_Щ.png
p2_r10_c01_Щ,Щ,2,10,1,cells_raw_100x100/p2_r10_c01_Щ.png,cells_64x64/p2_r10_c01_Щ.png,by_class/Щ/p2_r10_c01_Щ.png
p2_r10_c02_Щ,Щ,2,10,2,cells_raw_100x100/p2_r10_c02_Щ.png,cells_64x64/p2_r10_c02_Щ.png,by_class/Щ/p2_r10_c02_Щ.png
p2_r10_c03_Щ,Щ,2,10,3,cells_raw_100x100/p2_r10_c03_Щ.png,cells_64x64/p2_r10_c03_Щ.png,by_class/Щ/p2_r10_c03_Щ.png
p2_r10_c04_Щ,Щ,2,10,4,cells_raw_100x100/p2_r10_c04_Щ.png,cells_64x64/p2_r10_c04_Щ.png,by_class/Щ/p2_r10_c04_Щ.png
p2_r10_c05_Щ,Щ,2,10,5,cells_raw_100x100/p2_r10_c05_Щ.png,cells_64x64/p2_r10_c05_Щ.png,by_class/Щ/p2_r10_c05_Щ.png
p2_r10_c06_Щ,Щ,2,10,6,cells_raw_100x100/p2_r10_c06_Щ.png,cells_64x64/p2_r10_c06_Щ.png,by_class/Щ/p2_r10_c06_Щ.png
p2_r10_c07_Щ,Щ,2,10,7,cells_raw_100x100/p2_r10_c07_Щ.png,cells_64x64/p2_r10_c07_Щ.png,by_class/Щ/p2_r10_c07_Щ.png
p2_r10_c08_Щ,Щ,2,10,8,cells_raw_100x100/p2_r10_c08_Щ.png,cells_64x64/p2_r10_c08_Щ.png,by_class/Щ/p2_r10_c08_Щ.png
p2_r10_c09_Щ,Щ,2,10,9,cells_raw_100x100/p2_r10_c09_Щ.png,cells_64x64/p2_r10_c09_Щ.png,by_class/Щ/p2_r10_c09_Щ.png
p2_r10_c10_Щ,Щ,2,10,10,cells_raw_100x100/p2_r10_c10_Щ.png,cells_64x64/p2_r10_c10_Щ.png,by_class/Щ/p2_r10_c10_Щ.png
p2_r10_c11_Щ,Щ,2,10,11,cells_raw_100x100/p2_r10_c11_Щ.png,cells_64x64/p2_r10_c11_Щ.png,by_class/Щ/p2_r10_c11_Щ.png
p2_r10_c12_Щ,Щ,2,10,12,cells_raw_100x100/p2_r10_c12_Щ.png,cells_64x64/p2_r10_c12_Щ.png,by_class/Щ/p2_r10_c12_Щ.png
p2_r10_c13_Щ,Щ,2,10,13,cells_raw_100x100/p2_r10_c13_Щ.png,cells_64x64/p2_r10_c13_Щ.png,by_class/Щ/p2_r10_c13_Щ.png
p2_r10_c14_Щ,Щ,2,10,14,cells_raw_100x100/p2_r10_c14_Щ.png,cells_64x64/p2_r10_c14_Щ.png,by_class/Щ/p2_r10_c14_Щ.png
p2_r10_c15_Щ,Щ,2,10,15,cells_raw_100x100/p2_r10_c15_Щ.png,cells_64x64/p2_r10_c15_Щ.png,by_class/Щ/p2_r10_c15_Щ.png
p2_r10_c16_Щ,Щ,2,10,16,cells_raw_100x100/p2_r10_c16_Щ.png,cells_64x64/p2_r10_c16_Щ.png,by_class/Щ/p2_r10_c16_Щ.png
p2_r10_c17_Щ,Щ,2,10,17,cells_raw_100x100/p2_r10_c17_Щ.png,cells_64x64/p2_r10_c17_Щ.png,by_class/Щ/p2_r10_c17_Щ.png
p2_r11_c01_Ц,Ц,2,11,1,cells_raw_100x100/p2_r11_c01_Ц.png,cells_64x64/p2_r11_c01_Ц.png,by_class/Ц/p2_r11_c01_Ц.png
p2_r11_c02_Ц,Ц,2,11,2,cells_raw_100x100/p2_r11_c02_Ц.png,cells_64x64/p2_r11_c02_Ц.png,by_class/Ц/p2_r11_c02_Ц.png
p2_r11_c03_Ц,Ц,2,11,3,cells_raw_100x100/p2_r11_c03_Ц.png,cells_64x64/p2_r11_c03_Ц.png,by_class/Ц/p2_r11_c03_Ц.png
p2_r11_c04_Ц,Ц,2,11,4,cells_raw_100x100/p2_r11_c04_Ц.png,cells_64x64/p2_r11_c04_Ц.png,by_class/Ц/p2_r11_c04_Ц.png
p2_r11_c05_Ц,Ц,2,11,5,cells_raw_100x100/p2_r11_c05_Ц.png,cells_64x64/p2_r11_c05_Ц.png,by_class/Ц/p2_r11_c05_Ц.png
p2_r11_c06_Ц,Ц,2,11,6,cells_raw_100x100/p2_r11_c06_Ц.png,cells_64x64/p2_r11_c06_Ц.png,by_class/Ц/p2_r11_c06_Ц.png
p2_r11_c07_Ц,Ц,2,11,7,cells_raw_100x100/p2_r11_c07_Ц.png,cells_64x64/p2_r11_c07_Ц.png,by_class/Ц/p2_r11_c07_Ц.png
p2_r11_c08_Ц,Ц,2,11,8,cells_raw_100x100/p2_r11_c08_Ц.png,cells_64x64/p2_r11_c08_Ц.png,by_class/Ц/p2_r11_c08_Ц.png
p2_r11_c09_Ц,Ц,2,11,9,cells_raw_100x100/p2_r11_c09_Ц.png,cells_64x64/p2_r11_c09_Ц.png,by_class/Ц/p2_r11_c09_Ц.png
p2_r11_c10_Ц,Ц,2,11,10,cells_raw_100x100/p2_r11_c10_Ц.png,cells_64x64/p2_r11_c10_Ц.png,by_class/Ц/p2_r11_c10_Ц.png
p2_r11_c11_Ц,Ц,2,11,11,cells_raw_100x100/p2_r11_c11_Ц.png,cells_64x64/p2_r11_c11_Ц.png,by_class/Ц/p2_r11_c11_Ц.png
p2_r11_c12_Ц,Ц,2,11,12,cells_raw_100x100/p2_r11_c12_Ц.png,cells_64x64/p2_r11_c12_Ц.png,by_class/Ц/p2_r11_c12_Ц.png
p2_r11_c13_Ц,Ц,2,11,13,cells_raw_100x100/p2_r11_c13_Ц.png,cells_64x64/p2_r11_c13_Ц.png,by_class/Ц/p2_r11_c13_Ц.png
p2_r11_c14_Ц,Ц,2,11,14,cells_raw_100x100/p2_r11_c14_Ц.png,cells_64x64/p2_r11_c14_Ц.png,by_class/Ц/p2_r11_c14_Ц.png
p2_r11_c15_Ц,Ц,2,11,15,cells_raw_100x100/p2_r11_c15_Ц.png,cells_64x64/p2_r11_c15_Ц.png,by_class/Ц/p2_r11_c15_Ц.png
p2_r11_c16_Ц,Ц,2,11,16,cells_raw_100x100/p2_r11_c16_Ц.png,cells_64x64/p2_r11_c16_Ц.png,by_class/Ц/p2_r11_c16_Ц.png
p2_r11_c17_Ц,Ц,2,11,17,cells_raw_100x100/p2_r11_c17_Ц.png,cells_64x64/p2_r11_c17_Ц.png,by_class/Ц/p2_r11_c17_Ц.png
p2_r12_c01_Ц,Ц,2,12,1,cells_raw_100x100/p2_r12_c01_Ц.png,cells_64x64/p2_r12_c01_Ц.png,by_class/Ц/p2_r12_c01_Ц.png
p2_r12_c02_Ц,Ц,2,12,2,cells_raw_100x100/p2_r12_c02_Ц.png,cells_64x64/p2_r12_c02_Ц.png,by_class/Ц/p2_r12_c02_Ц.png
p2_r12_c03_Ц,Ц,2,12,3,cells_raw_100x100/p2_r12_c03_Ц.png,cells_64x64/p2_r12_c03_Ц.png,by_class/Ц/p2_r12_c03_Ц.png
p2_r12_c04_Ц,Ц,2,12,4,cells_raw_100x100/p2_r12_c04_Ц.png,cells_64x64/p2_r12_c04_Ц.png,by_class/Ц/p2_r12_c04_Ц.png
p2_r12_c05_Ц,Ц,2,12,5,cells_raw_100x100/p2_r12_c05_Ц.png,cells_64x64/p2_r12_c05_Ц.png,by_class/Ц/p2_r12_c05_Ц.png
p2_r12_c06_Ц,Ц,2,12,6,cells_raw_100x100/p2_r12_c06_Ц.png,cells_64x64/p2_r12_c06_Ц.png,by_class/Ц/p2_r12_c06_Ц.png
p2_r12_c07_Ц,Ц,2,12,7,cells_raw_100x100/p2_r12_c07_Ц.png,cells_64x64/p2_r12_c07_Ц.png,by_class/Ц/p2_r12_c07_Ц.png
p2_r12_c08_Ц,Ц,2,12,8,cells_raw_100x100/p2_r12_c08_Ц.png,cells_64x64/p2_r12_c08_Ц.png,by_class/Ц/p2_r12_c08_Ц.png
p2_r12_c09_Ц,Ц,2,12,9,cells_raw_100x100/p2_r12_c09_Ц.png,cells_64x64/p2_r12_c09_Ц.png,by_class/Ц/p2_r12_c09_Ц.png
p2_r12_c10_Ц,Ц,2,12,10,cells_raw_100x100/p2_r12_c10_Ц.png,cells_64x64/p2_r12_c10_Ц.png,by_class/Ц/p2_r12_c10_Ц.png
p2_r12_c11_Ц,Ц,2,12,11,cells_raw_100x100/p2_r12_c11_Ц.png,cells_64x64/p2_r12_c11_Ц.png,by_class/Ц/p2_r12_c11_Ц.png
p2_r12_c12_Ц,Ц,2,12,12,cells_raw_100x100/p2_r12_c12_Ц.png,cells_64x64/p2_r12_c12_Ц.png,by_class/Ц/p2_r12_c12_Ц.png
p2_r12_c13_Ц,Ц,2,12,13,cells_raw_100x100/p2_r12_c13_Ц.png,cells_64x64/p2_r12_c13_Ц.png,by_class/Ц/p2_r12_c13_Ц.png
p2_r12_c14_Ц,Ц,2,12,14,cells_raw_100x100/p2_r12_c14_Ц.png,cells_64x64/p2_r12_c14_Ц.png,by_class/Ц/p2_r12_c14_Ц.png
p2_r12_c15_Ц,Ц,2,12,15,cells_raw_100x100/p2_r12_c15_Ц.png,cells_64x64/p2_r12_c15_Ц.png,by_class/Ц/p2_r12_c15_Ц.png
p2_r12_c16_Ц,Ц,2,12,16,cells_raw_100x100/p2_r12_c16_Ц.png,cells_64x64/p2_r12_c16_Ц.png,by_class/Ц/p2_r12_c16_Ц.png
p2_r12_c17_Ц,Ц,2,12,17,cells_raw_100x100/p2_r12_c17_Ц.png,cells_64x64/p2_r12_c17_Ц.png,by_class/Ц/p2_r12_c17_Ц.png
p2_r13_c01_Ц,Ц,2,13,1,cells_raw_100x100/p2_r13_c01_Ц.png,cells_64x64/p2_r13_c01_Ц.png,by_class/Ц/p2_r13_c01_Ц.png
p2_r13_c02_Ц,Ц,2,13,2,cells_raw_100x100/p2_r13_c02_Ц.png,cells_64x64/p2_r13_c02_Ц.png,by_class/Ц/p2_r13_c02_Ц.png
p2_r13_c03_Ц,Ц,2,13,3,cells_raw_100x100/p2_r13_c03_Ц.png,cells_64x64/p2_r13_c03_Ц.png,by_class/Ц/p2_r13_c03_Ц.png
p2_r13_c04_Ц,Ц,2,13,4,cells_raw_100x100/p2_r13_c04_Ц.png,cells_64x64/p2_r13_c04_Ц.png,by_class/Ц/p2_r13_c04_Ц.png
p2_r13_c05_Ц,Ц,2,13,5,cells_raw_100x100/p2_r13_c05_Ц.png,cells_64x64/p2_r13_c05_Ц.png,by_class/Ц/p2_r13_c05_Ц.png
p2_r13_c06_Ц,Ц,2,13,6,cells_raw_100x100/p2_r13_c06_Ц.png,cells_64x64/p2_r13_c06_Ц.png,by_class/Ц/p2_r13_c06_Ц.png
p2_r13_c07_Ц,Ц,2,13,7,cells_raw_100x100/p2_r13_c07_Ц.png,cells_64x64/p2_r13_c07_Ц.png,by_class/Ц/p2_r13_c07_Ц.png
p2_r13_c08_Ц,Ц,2,13,8,cells_raw_100x100/p2_r13_c08_Ц.png,cells_64x64/p2_r13_c08_Ц.png,by_class/Ц/p2_r13_c08_Ц.png
p2_r13_c09_Ц,Ц,2,13,9,cells_raw_100x100/p2_r13_c09_Ц.png,cells_64x64/p2_r13_c09_Ц.png,by_class/Ц/p2_r13_c09_Ц.png
p2_r13_c10_Ц,Ц,2,13,10,cells_raw_100x100/p2_r13_c10_Ц.png,cells_64x64/p2_r13_c10_Ц.png,by_class/Ц/p2_r13_c10_Ц.png
p2_r13_c11_Ц,Ц,2,13,11,cells_raw_100x100/p2_r13_c11_Ц.png,cells_64x64/p2_r13_c11_Ц.png,by_class/Ц/p2_r13_c11_Ц.png
p2_r13_c12_Ц,Ц,2,13,12,cells_raw_100x100/p2_r13_c12_Ц.png,cells_64x64/p2_r13_c12_Ц.png,by_class/Ц/p2_r13_c12_Ц.png
p2_r13_c13_Ц,Ц,2,13,13,cells_raw_100x100/p2_r13_c13_Ц.png,cells_64x64/p2_r13_c13_Ц.png,by_class/Ц/p2_r13_c13_Ц.png
p2_r13_c14_Ц,Ц,2,13,14,cells_raw_100x100/p2_r13_c14_Ц.png,cells_64x64/p2_r13_c14_Ц.png,by_class/Ц/p2_r13_c14_Ц.png
p2_r13_c15_Ц,Ц,2,13,15,cells_raw_100x100/p2_r13_c15_Ц.png,cells_64x64/p2_r13_c15_Ц.png,by_class/Ц/p2_r13_c15_Ц.png
p2_r13_c16_Ц,Ц,2,13,16,cells_raw_100x100/p2_r13_c16_Ц.png,cells_64x64/p2_r13_c16_Ц.png,by_class/Ц/p2_r13_c16_Ц.png
p2_r13_c17_Ц,Ц,2,13,17,cells_raw_100x100/p2_r13_c17_Ц.png,cells_64x64/p2_r13_c17_Ц.png,by_class/Ц/p2_r13_c17_Ц.png
p2_r14_c01_Ц,Ц,2,14,1,cells_raw_100x100/p2_r14_c01_Ц.png,cells_64x64/p2_r14_c01_Ц.png,by_class/Ц/p2_r14_c01_Ц.png
p2_r14_c02_Ц,Ц,2,14,2,cells_raw_100x100/p2_r14_c02_Ц.png,cells_64x64/p2_r14_c02_Ц.png,by_class/Ц/p2_r14_c02_Ц.png
p2_r14_c03_Ц,Ц,2,14,3,cells_raw_100x100/p2_r14_c03_Ц.png,cells_64x64/p2_r14_c03_Ц.png,by_class/Ц/p2_r14_c03_Ц.png
p2_r14_c04_Ц,Ц,2,14,4,cells_raw_100x100/p2_r14_c04_Ц.png,cells_64x64/p2_r14_c04_Ц.png,by_class/Ц/p2_r14_c04_Ц.png
p2_r14_c05_Ц,Ц,2,14,5,cells_raw_100x100/p2_r14_c05_Ц.png,cells_64x64/p2_r14_c05_Ц.png,by_class/Ц/p2_r14_c05_Ц.png
p2_r14_c06_Ц,Ц,2,14,6,cells_raw_100x100/p2_r14_c06_Ц.png,cells_64x64/p2_r14_c06_Ц.png,by_class/Ц/p2_r14_c06_Ц.png
p2_r14_c07_Ц,Ц,2,14,7,cells_raw_100x100/p2_r14_c07_Ц.png,cells_64x64/p2_r14_c07_Ц.png,by_class/Ц/p2_r14_c07_Ц.png
p2_r14_c08_Ц,Ц,2,14,8,cells_raw_100x100/p2_r14_c08_Ц.png,cells_64x64/p2_r14_c08_Ц.png,by_class/Ц/p2_r14_c08_Ц.png
p2_r14_c09_Ц,Ц,2,14,9,cells_raw_100x100/p2_r14_c09_Ц.png,cells_64x64/p2_r14_c09_Ц.png,by_class/Ц/p2_r14_c09_Ц.png
p2_r14_c10_Ц,Ц,2,14,10,cells_raw_100x100/p2_r14_c10_Ц.png,cells_64x64/p2_r14_c10_Ц.png,by_class/Ц/p2_r14_c10_Ц.png
p2_r14_c11_Ц,Ц,2,14,11,cells_raw_100x100/p2_r14_c11_Ц.png,cells_64x64/p2_r14_c11_Ц.png,by_class/Ц/p2_r14_c11_Ц.png
p2_r14_c12_Ц,Ц,2,14,12,cells_raw_100x100/p2_r14_c12_Ц.png,cells_64x64/p2_r14_c12_Ц.png,by_class/Ц/p2_r14_c12_Ц.png
p2_r14_c13_Ц,Ц,2,14,13,cells_raw_100x100/p2_r14_c13_Ц.png,cells_64x64/p2_r14_c13_Ц.png,by_class/Ц/p2_r14_c13_Ц.png
p2_r14_c14_Ц,Ц,2,14,14,cells_raw_100x100/p2_r14_c14_Ц.png,cells_64x64/p2_r14_c14_Ц.png,by_class/Ц/p2_r14_c14_Ц.png
p2_r14_c15_Ц,Ц,2,14,15,cells_raw_100x100/p2_r14_c15_Ц.png,cells_64x64/p2_r14_c15_Ц.png,by_class/Ц/p2_r14_c15_Ц.png
p2_r14_c16_Ц,Ц,2,14,16,cells_raw_100x100/p2_r14_c16_Ц.png,cells_64x64/p2_r14_c16_Ц.png,by_class/Ц/p2_r14_c16_Ц.png
p2_r14_c17_Ц,Ц,2,14,17,cells_raw_100x100/p2_r14_c17_Ц.png,cells_64x64/p2_r14_c17_Ц.png,by_class/Ц/p2_r14_c17_Ц.png
p2_r15_c01_Ч,Ч,2,15,1,cells_raw_100x100/p2_r15_c01_Ч.png,cells_64x64/p2_r15_c01_Ч.png,by_class/Ч/p2_r15_c01_Ч.png
p2_r15_c02_Ч,Ч,2,15,2,cells_raw_100x100/p2_r15_c02_Ч.png,cells_64x64/p2_r15_c02_Ч.png,by_class/Ч/p2_r15_c02_Ч.png
p2_r15_c03_Ч,Ч,2,15,3,cells_raw_100x100/p2_r15_c03_Ч.png,cells_64x64/p2_r15_c03_Ч.png,by_class/Ч/p2_r15_c03_Ч.png
p2_r15_c04_Ч,Ч,2,15,4,cells_raw_100x100/p2_r15_c04_Ч.png,cells_64x64/p2_r15_c04_Ч.png,by_class/Ч/p2_r15_c04_Ч.png
p2_r15_c05_Ч,Ч,2,15,5,cells_raw_100x100/p2_r15_c05_Ч.png,cells_64x64/p2_r15_c05_Ч.png,by_class/Ч/p2_r15_c05_Ч.png
p2_r15_c06_Ч,Ч,2,15,6,cells_raw_100x100/p2_r15_c06_Ч.png,cells_64x64/p2_r15_c06_Ч.png,by_class/Ч/p2_r15_c06_Ч.png
p2_r15_c07_Ч,Ч,2,15,7,cells_raw_100x100/p2_r15_c07_Ч.png,cells_64x64/p2_r15_c07_Ч.png,by_class/Ч/p2_r15_c07_Ч.png
p2_r15_c08_Ч,Ч,2,15,8,cells_raw_100x100/p2_r15_c08_Ч.png,cells_64x64/p2_r15_c08_Ч.png,by_class/Ч/p2_r15_c08_Ч.png
p2_r15_c09_Ч,Ч,2,15,9,cells_raw_100x100/p2_r15_c09_Ч.png,cells_64x64/p2_r15_c09_Ч.png,by_class/Ч/p2_r15_c09_Ч.png
p2_r15_c10_Ч,Ч,2,15,10,cells_raw_100x100/p2_r15_c10_Ч.png,cells_64x64/p2_r15_c10_Ч.png,by_class/Ч/p2_r15_c10_Ч.png
p2_r15_c11_Ч,Ч,2,15,11,cells_raw_100x100/p2_r15_c11_Ч.png,cells_64x64/p2_r15_c11_Ч.png,by_class/Ч/p2_r15_c11_Ч.png
p2_r15_c12_Ч,Ч,2,15,12,cells_raw_100x100/p2_r15_c12_Ч.png,cells_64x64/p2_r15_c12_Ч.png,by_class/Ч/p2_r15_c12_Ч.png
p2_r15_c13_Ч,Ч,2,15,13,cells_raw_100x100/p2_r15_c13_Ч.png,cells_64x64/p2_r15_c13_Ч.png,by_class/Ч/p2_r15_c13_Ч.png
p2_r15_c14_Ч,Ч,2,15,14,cells_raw_100x100/p2_r15_c14_Ч.png,cells_64x64/p2_r15_c14_Ч.png,by_class/Ч/p2_r15_c14_Ч.png
p2_r15_c15_Ч,Ч,2,15,15,cells_raw_100x100/p2_r15_c15_Ч.png,cells_64x64/p2_r15_c15_Ч.png,by_class/Ч/p2_r15_c15_Ч.png
p2_r15_c16_Ч,Ч,2,15,16,cells_raw_100x100/p2_r15_c16_Ч.png,cells_64x64/p2_r15_c16_Ч.png,by_class/Ч/p2_r15_c16_Ч.png
p2_r15_c17_Ч,Ч,2,15,17,cells_raw_100x100/p2_r15_c17_Ч.png,cells_64x64/p2_r15_c17_Ч.png,by_class/Ч/p2_r15_c17_Ч.png
p2_r16_c01_Ч,Ч,2,16,1,cells_raw_100x100/p2_r16_c01_Ч.png,cells_64x64/p2_r16_c01_Ч.png,by_class/Ч/p2_r16_c01_Ч.png
p2_r16_c02_Ч,Ч,2,16,2,cells_raw_100x100/p2_r16_c02_Ч.png,cells_64x64/p2_r16_c02_Ч.png,by_class/Ч/p2_r16_c02_Ч.png
p2_r16_c03_Ч,Ч,2,16,3,cells_raw_100x100/p2_r16_c03_Ч.png,cells_64x64/p2_r16_c03_Ч.png,by_class/Ч/p2_r16_c03_Ч.png
p2_r16_c04_Ч,Ч,2,16,4,cells_raw_100x100/p2_r16_c04_Ч.png,cells_64x64/p2_r16_c04_Ч.png,by_class/Ч/p2_r16_c04_Ч.png
p2_r16_c05_Ч,Ч,2,16,5,cells_raw_100x100/p2_r16_c05_Ч.png,cells_64x64/p2_r16_c05_Ч.png,by_class/Ч/p2_r16_c05_Ч.png
p2_r16_c06_Ч,Ч,2,16,6,cells_raw_100x100/p2_r16_c06_Ч.png,cells_64x64/p2_r16_c06_Ч.png,by_class/Ч/p2_r16_c06_Ч.png
p2_r16_c07_Ч,Ч,2,16,7,cells_raw_100x100/p2_r16_c07_Ч.png,cells_64x64/p2_r16_c07_Ч.png,by_class/Ч/p2_r16_c07_Ч.png
p2_r16_c08_Ч,Ч,2,16,8,cells_raw_100x100/p2_r16_c08_Ч.png,cells_64x64/p2_r16_c08_Ч.png,by_class/Ч/p2_r16_c08_Ч.png
p2_r16_c09_Ч,Ч,2,16,9,cells_raw_100x100/p2_r16_c09_Ч.png,cells_64x64/p2_r16_c09_Ч.png,by_class/Ч/p2_r16_c09_Ч.png
p2_r16_c10_Ч,Ч,2,16,10,cells_raw_100x100/p2_r16_c10_Ч.png,cells_64x64/p2_r16_c10_Ч.png,by_class/Ч/p2_r16_c10_Ч.png
p2_r16_c11_Ч,Ч,2,16,11,cells_raw_100x100/p2_r16_c11_Ч.png,cells_64x64/p2_r16_c11_Ч.png,by_class/Ч/p2_r16_c11_Ч.png
p2_r16_c12_Ч,Ч,2,16,12,cells_raw_100x100/p2_r16_c12_Ч.png,cells_64x64/p2_r16_c12_Ч.png,by_class/Ч/p2_r16_c12_Ч.png
p2_r16_c13_Ч,Ч,2,16,13,cells_raw_100x100/p2_r16_c13_Ч.png,cells_64x64/p2_r16_c13_Ч.png,by_class/Ч/p2_r16_c13_Ч.png
p2_r16_c14_Ч,Ч,2,16,14,cells_raw_100x100/p2_r16_c14_Ч.png,cells_64x64/p2_r16_c14_Ч.png,by_class/Ч/p2_r16_c14_Ч.png
p2_r16_c15_Ч,Ч,2,16,15,cells_raw_100x100/p2_r16_c15_Ч.png,cells_64x64/p2_r16_c15_Ч.png,by_class/Ч/p2_r16_c15_Ч.png
p2_r16_c16_Ч,Ч,2,16,16,cells_raw_100x100/p2_r16_c16_Ч.png,cells_64x64/p2_r16_c16_Ч.png,by_class/Ч/p2_r16_c16_Ч.png
p2_r16_c17_Ч,Ч,2,16,17,cells_raw_100x100/p2_r16_c17_Ч.png,cells_64x64/p2_r16_c17_Ч.png,by_class/Ч/p2_r16_c17_Ч.png
p2_r17_c01_Ч,Ч,2,17,1,cells_raw_100x100/p2_r17_c01_Ч.png,cells_64x64/p2_r17_c01_Ч.png,by_class/Ч/p2_r17_c01_Ч.png
p2_r17_c02_Ч,Ч,2,17,2,cells_raw_100x100/p2_r17_c02_Ч.png,cells_64x64/p2_r17_c02_Ч.png,by_class/Ч/p2_r17_c02_Ч.png
p2_r17_c03_Ч,Ч,2,17,3,cells_raw_100x100/p2_r17_c03_Ч.png,cells_64x64/p2_r17_c03_Ч.png,by_class/Ч/p2_r17_c03_Ч.png
p2_r17_c04_Ч,Ч,2,17,4,cells_raw_100x100/p2_r17_c04_Ч.png,cells_64x64/p2_r17_c04_Ч.png,by_class/Ч/p2_r17_c04_Ч.png
p2_r17_c05_Ч,Ч,2,17,5,cells_raw_100x100/p2_r17_c05_Ч.png,cells_64x64/p2_r17_c05_Ч.png,by_class/Ч/p2_r17_c05_Ч.png
p2_r17_c06_Ч,Ч,2,17,6,cells_raw_100x100/p2_r17_c06_Ч.png,cells_64x64/p2_r17_c06_Ч.png,by_class/Ч/p2_r17_c06_Ч.png
p2_r17_c07_Ч,Ч,2,17,7,cells_raw_100x100/p2_r17_c07_Ч.png,cells_64x64/p2_r17_c07_Ч.png,by_class/Ч/p2_r17_c07_Ч.png
p2_r17_c08_Ч,Ч,2,17,8,cells_raw_100x100/p2_r17_c08_Ч.png,cells_64x64/p2_r17_c08_Ч.png,by_class/Ч/p2_r17_c08_Ч.png
p2_r17_c09_Ч,Ч,2,17,9,cells_raw_100x100/p2_r17_c09_Ч.png,cells_64x64/p2_r17_c09_Ч.png,by_class/Ч/p2_r17_c09_Ч.png
p2_r17_c10_Ч,Ч,2,17,10,cells_raw_100x100/p2_r17_c10_Ч.png,cells_64x64/p2_r17_c10_Ч.png,by_class/Ч/p2_r17_c10_Ч.png
p2_r17_c11_Ч,Ч,2,17,11,cells_raw_100x100/p2_r17_c11_Ч.png,cells_64x64/p2_r17_c11_Ч.png,by_class/Ч/p2_r17_c11_Ч.png
p2_r17_c12_Ч,Ч,2,17,12,cells_raw_100x100/p2_r17_c12_Ч.png,cells_64x64/p2_r17_c12_Ч.png,by_class/Ч/p2_r17_c12_Ч.png
p2_r17_c13_Ч,Ч,2,17,13,cells_raw_100x100/p2_r17_c13_Ч.png,cells_64x64/p2_r17_c13_Ч.png,by_class/Ч/p2_r17_c13_Ч.png
p2_r17_c14_Ч,Ч,2,17,14,cells_raw_100x100/p2_r17_c14_Ч.png,cells_64x64/p2_r17_c14_Ч.png,by_class/Ч/p2_r17_c14_Ч.png
p2_r17_c15_Ч,Ч,2,17,15,cells_raw_100x100/p2_r17_c15_Ч.png,cells_64x64/p2_r17_c15_Ч.png,by_class/Ч/p2_r17_c15_Ч.png
p2_r17_c16_Ч,Ч,2,17,16,cells_raw_100x100/p2_r17_c16_Ч.png,cells_64x64/p2_r17_c16_Ч.png,by_class/Ч/p2_r17_c16_Ч.png
p2_r17_c17_Ч,Ч,2,17,17,cells_raw_100x100/p2_r17_c17_Ч.png,cells_64x64/p2_r17_c17_Ч.png,by_class/Ч/p2_r17_c17_Ч.png
p2_r18_c01_Ч,Ч,2,18,1,cells_raw_100x100/p2_r18_c01_Ч.png,cells_64x64/p2_r18_c01_Ч.png,by_class/Ч/p2_r18_c01_Ч.png
p2_r18_c02_Ч,Ч,2,18,2,cells_raw_100x100/p2_r18_c02_Ч.png,cells_64x64/p2_r18_c02_Ч.png,by_class/Ч/p2_r18_c02_Ч.png
p2_r18_c03_Ч,Ч,2,18,3,cells_raw_100x100/p2_r18_c03_Ч.png,cells_64x64/p2_r18_c03_Ч.png,by_class/Ч/p2_r18_c03_Ч.png
p2_r18_c04_Ч,Ч,2,18,4,cells_raw_100x100/p2_r18_c04_Ч.png,cells_64x64/p2_r18_c04_Ч.png,by_class/Ч/p2_r18_c04_Ч.png
p2_r18_c05_Ч,Ч,2,18,5,cells_raw_100x100/p2_r18_c05_Ч.png,cells_64x64/p2_r18_c05_Ч.png,by_class/Ч/p2_r18_c05_Ч.png
p2_r18_c06_Ч,Ч,2,18,6,cells_raw_100x100/p2_r18_c06_Ч.png,cells_64x64/p2_r18_c06_Ч.png,by_class/Ч/p2_r18_c06_Ч.png
p2_r18_c07_Ч,Ч,2,18,7,cells_raw_100x100/p2_r18_c07_Ч.png,cells_64x64/p2_r18_c07_Ч.png,by_class/Ч/p2_r18_c07_Ч.png
p2_r18_c08_Ч,Ч,2,18,8,cells_raw_100x100/p2_r18_c08_Ч.png,cells_64x64/p2_r18_c08_Ч.png,by_class/Ч/p2_r18_c08_Ч.png
p2_r18_c09_Ч,Ч,2,18,9,cells_raw_100x100/p2_r18_c09_Ч.png,cells_64x64/p2_r18_c09_Ч.png,by_class/Ч/p2_r18_c09_Ч.png
p2_r18_c10_Ч,Ч,2,18,10,cells_raw_100x100/p2_r18_c10_Ч.png,cells_64x64/p2_r18_c10_Ч.png,by_class/Ч/p2_r18_c10_Ч.png
p2_r18_c11_Ч,Ч,2,18,11,cells_raw_100x100/p2_r18_c11_Ч.png,cells_64x64/p2_r18_c11_Ч.png,by_class/Ч/p2_r18_c11_Ч.png
p2_r18_c12_Ч,Ч,2,18,12,cells_raw_100x100/p2_r18_c12_Ч.png,cells_64x64/p2_r18_c12_Ч.png,by_class/Ч/p2_r18_c12_Ч.png
p2_r18_c13_Ч,Ч,2,18,13,cells_raw_100x100/p2_r18_c13_Ч.png,cells_64x64/p2_r18_c13_Ч.png,by_class/Ч/p2_r18_c13_Ч.png
p2_r18_c14_Ч,Ч,2,18,14,cells_raw_100x100/p2_r18_c14_Ч.png,cells_64x64/p2_r18_c14_Ч.png,by_class/Ч/p2_r18_c14_Ч.png
p2_r18_c15_Ч,Ч,2,18,15,cells_raw_100x100/p2_r18_c15_Ч.png,cells_64x64/p2_r18_c15_Ч.png,by_class/Ч/p2_r18_c15_Ч.png
p2_r18_c16_Ч,Ч,2,18,16,cells_raw_100x100/p2_r18_c16_Ч.png,cells_64x64/p2_r18_c16_Ч.png,by_class/Ч/p2_r18_c16_Ч.png
p2_r18_c17_Ч,Ч,2,18,17,cells_raw_100x100/p2_r18_c17_Ч.png,cells_64x64/p2_r18_c17_Ч.png,by_class/Ч/p2_r18_c17_Ч.png
p2_r19_c01_Ш,Ш,2,19,1,cells_raw_100x100/p2_r19_c01_Ш.png,cells_64x64/p2_r19_c01_Ш.png,by_class/Ш/p2_r19_c01_Ш.png
p2_r19_c02_Ш,Ш,2,19,2,cells_raw_100x100/p2_r19_c02_Ш.png,cells_64x64/p2_r19_c02_Ш.png,by_class/Ш/p2_r19_c02_Ш.png
p2_r19_c03_Ш,Ш,2,19,3,cells_raw_100x100/p2_r19_c03_Ш.png,cells_64x64/p2_r19_c03_Ш.png,by_class/Ш/p2_r19_c03_Ш.png
p2_r19_c04_Ш,Ш,2,19,4,cells_raw_100x100/p2_r19_c04_Ш.png,cells_64x64/p2_r19_c04_Ш.png,by_class/Ш/p2_r19_c04_Ш.png
p2_r19_c05_Ш,Ш,2,19,5,cells_raw_100x100/p2_r19_c05_Ш.png,cells_64x64/p2_r19_c05_Ш.png,by_class/Ш/p2_r19_c05_Ш.png
p2_r19_c06_Ш,Ш,2,19,6,cells_raw_100x100/p2_r19_c06_Ш.png,cells_64x64/p2_r19_c06_Ш.png,by_class/Ш/p2_r19_c06_Ш.png
p2_r19_c07_Ш,Ш,2,19,7,cells_raw_100x100/p2_r19_c07_Ш.png,cells_64x64/p2_r19_c07_Ш.png,by_class/Ш/p2_r19_c07_Ш.png
p2_r19_c08_Ш,Ш,2,19,8,cells_raw_100x100/p2_r19_c08_Ш.png,cells_64x64/p2_r19_c08_Ш.png,by_class/Ш/p2_r19_c08_Ш.png
p2_r19_c09_Ш,Ш,2,19,9,cells_raw_100x100/p2_r19_c09_Ш.png,cells_64x64/p2_r19_c09_Ш.png,by_class/Ш/p2_r19_c09_Ш.png
p2_r19_c10_Ш,Ш,2,19,10,cells_raw_100x100/p2_r19_c10_Ш.png,cells_64x64/p2_r19_c10_Ш.png,by_class/Ш/p2_r19_c10_Ш.png
p2_r19_c11_Ш,Ш,2,19,11,cells_raw_100x100/p2_r19_c11_Ш.png,cells_64x64/p2_r19_c11_Ш.png,by_class/Ш/p2_r19_c11_Ш.png
p2_r19_c12_Ш,Ш,2,19,12,cells_raw_100x100/p2_r19_c12_Ш.png,cells_64x64/p2_r19_c12_Ш.png,by_class/Ш/p2_r19_c12_Ш.png
p2_r19_c13_Ш,Ш,2,19,13,cells_raw_100x100/p2_r19_c13_Ш.png,cells_64x64/p2_r19_c13_Ш.png,by_class/Ш/p2_r19_c13_Ш.png
p2_r19_c14_Ш,Ш,2,19,14,cells_raw_100x100/p2_r19_c14_Ш.png,cells_64x64/p2_r19_c14_Ш.png,by_class/Ш/p2_r19_c14_Ш.png
p2_r19_c15_Ш,Ш,2,19,15,cells_raw_100x100/p2_r19_c15_Ш.png,cells_64x64/p2_r19_c15_Ш.png,by_class/Ш/p2_r19_c15_Ш.png
p2_r19_c16_Ш,Ш,2,19,16,cells_raw_100x100/p2_r19_c16_Ш.png,cells_64x64/p2_r19_c16_Ш.png,by_class/Ш/p2_r19_c16_Ш.png
p2_r19_c17_Ш,Ш,2,19,17,cells_raw_100x100/p2_r19_c17_Ш.png,cells_64x64/p2_r19_c17_Ш.png,by_class/Ш/p2_r19_c17_Ш.png
p2_r20_c01_Ш,Ш,2,20,1,cells_raw_100x100/p2_r20_c01_Ш.png,cells_64x64/p2_r20_c01_Ш.png,by_class/Ш/p2_r20_c01_Ш.png
p2_r20_c02_Ш,Ш,2,20,2,cells_raw_100x100/p2_r20_c02_Ш.png,cells_64x64/p2_r20_c02_Ш.png,by_class/Ш/p2_r20_c02_Ш.png
p2_r20_c03_Ш,Ш,2,20,3,cells_raw_100x100/p2_r20_c03_Ш.png,cells_64x64/p2_r20_c03_Ш.png,by_class/Ш/p2_r20_c03_Ш.png
p2_r20_c04_Ш,Ш,2,20,4,cells_raw_100x100/p2_r20_c04_Ш.png,cells_64x64/p2_r20_c04_Ш.png,by_class/Ш/p2_r20_c04_Ш.png
p2_r20_c05_Ш,Ш,2,20,5,cells_raw_100x100/p2_r20_c05_Ш.png,cells_64x64/p2_r20_c05_Ш.png,by_class/Ш/p2_r20_c05_Ш.png
p2_r20_c06_Ш,Ш,2,20,6,cells_raw_100x100/p2_r20_c06_Ш.png,cells_64x64/p2_r20_c06_Ш.png,by_class/Ш/p2_r20_c06_Ш.png
p2_r20_c07_Ш,Ш,2,20,7,cells_raw_100x100/p2_r20_c07_Ш.png,cells_64x64/p2_r20_c07_Ш.png,by_class/Ш/p2_r20_c07_Ш.png
p2_r20_c08_Ш,Ш,2,20,8,cells_raw_100x100/p2_r20_c08_Ш.png,cells_64x64/p2_r20_c08_Ш.png,by_class/Ш/p2_r20_c08_Ш.png
p2_r20_c09_Ш,Ш,2,20,9,cells_raw_100x100/p2_r20_c09_Ш.png,cells_64x64/p2_r20_c09_Ш.png,by_class/Ш/p2_r20_c09_Ш.png
p2_r20_c10_Ш,Ш,2,20,10,cells_raw_100x100/p2_r20_c10_Ш.png,cells_64x64/p2_r20_c10_Ш.png,by_class/Ш/p2_r20_c10_Ш.png
p2_r20_c11_Ш,Ш,2,20,11,cells_raw_100x100/p2_r20_c11_Ш.png,cells_64x64/p2_r20_c11_Ш.png,by_class/Ш/p2_r20_c11_Ш.png
p2_r20_c12_Ш,Ш,2,20,12,cells_raw_100x100/p2_r20_c12_Ш.png,cells_64x64/p2_r20_c12_Ш.png,by_class/Ш/p2_r20_c12_Ш.png
p2_r20_c13_Ш,Ш,2,20,13,cells_raw_100x100/p2_r20_c13_Ш.png,cells_64x64/p2_r20_c13_Ш.png,by_class/Ш/p2_r20_c13_Ш.png
p2_r20_c14_Ш,Ш,2,20,14,cells_raw_100x100/p2_r20_c14_Ш.png,cells_64x64/p2_r20_c14_Ш.png,by_class/Ш/p2_r20_c14_Ш.png
p2_r20_c15_Ш,Ш,2,20,15,cells_raw_100x100/p2_r20_c15_Ш.png,cells_64x64/p2_r20_c15_Ш.png,by_class/Ш/p2_r20_c15_Ш.png
p2_r20_c16_Ш,Ш,2,20,16,cells_raw_100x100/p2_r20_c16_Ш.png,cells_64x64/p2_r20_c16_Ш.png,by_class/Ш/p2_r20_c16_Ш.png
p2_r20_c17_Ш,Ш,2,20,17,cells_raw_100x100/p2_r20_c17_Ш.png,cells_64x64/p2_r20_c17_Ш.png,by_class/Ш/p2_r20_c17_Ш.png
p2_r21_c01_Ш,Ш,2,21,1,cells_raw_100x100/p2_r21_c01_Ш.png,cells_64x64/p2_r21_c01_Ш.png,by_class/Ш/p2_r21_c01_Ш.png
p2_r21_c02_Ш,Ш,2,21,2,cells_raw_100x100/p2_r21_c02_Ш.png,cells_64x64/p2_r21_c02_Ш.png,by_class/Ш/p2_r21_c02_Ш.png
p2_r21_c03_Ш,Ш,2,21,3,cells_raw_100x100/p2_r21_c03_Ш.png,cells_64x64/p2_r21_c03_Ш.png,by_class/Ш/p2_r21_c03_Ш.png
p2_r21_c04_Ш,Ш,2,21,4,cells_raw_100x100/p2_r21_c04_Ш.png,cells_64x64/p2_r21_c04_Ш.png,by_class/Ш/p2_r21_c04_Ш.png
p2_r21_c05_Ш,Ш,2,21,5,cells_raw_100x100/p2_r21_c05_Ш.png,cells_64x64/p2_r21_c05_Ш.png,by_class/Ш/p2_r21_c05_Ш.png
p2_r21_c06_Ш,Ш,2,21,6,cells_raw_100x100/p2_r21_c06_Ш.png,cells_64x64/p2_r21_c06_Ш.png,by_class/Ш/p2_r21_c06_Ш.png
p2_r21_c07_Ш,Ш,2,21,7,cells_raw_100x100/p2_r21_c07_Ш.png,cells_64x64/p2_r21_c07_Ш.png,by_class/Ш/p2_r21_c07_Ш.png
p2_r21_c08_Ш,Ш,2,21,8,cells_raw_100x100/p2_r21_c08_Ш.png,cells_64x64/p2_r21_c08_Ш.png,by_class/Ш/p2_r21_c08_Ш.png
p2_r21_c09_Ш,Ш,2,21,9,cells_raw_100x100/p2_r21_c09_Ш.png,cells_64x64/p2_r21_c09_Ш.png,by_class/Ш/p2_r21_c09_Ш.png
p2_r21_c10_Ш,Ш,2,21,10,cells_raw_100x100/p2_r21_c10_Ш.png,cells_64x64/p2_r21_c10_Ш.png,by_class/Ш/p2_r21_c10_Ш.png
p2_r21_c11_Ш,Ш,2,21,11,cells_raw_100x100/p2_r21_c11_Ш.png,cells_64x64/p2_r21_c11_Ш.png,by_class/Ш/p2_r21_c11_Ш.png
p2_r21_c12_Ш,Ш,2,21,12,cells_raw_100x100/p2_r21_c12_Ш.png,cells_64x64/p2_r21_c12_Ш.png,by_class/Ш/p2_r21_c12_Ш.png
p2_r21_c13_Ш,Ш,2,21,13,cells_raw_100x100/p2_r21_c13_Ш.png,cells_64x64/p2_r21_c13_Ш.png,by_class/Ш/p2_r21_c13_Ш.png
p2_r21_c14_Ш,Ш,2,21,14,cells_raw_100x100/p2_r21_c14_Ш.png,cells_64x64/p2_r21_c14_Ш.png,by_class/Ш/p2_r21_c14_Ш.png
p2_r21_c15_Ш,Ш,2,21,15,cells_raw_100x100/p2_r21_c15_Ш.png,cells_64x64/p2_r21_c15_Ш.png,by_class/Ш/p2_r21_c15_Ш.png
p2_r21_c16_Ш,Ш,2,21,16,cells_raw_100x100/p2_r21_c16_Ш.png,cells_64x64/p2_r21_c16_Ш.png,by_class/Ш/p2_r21_c16_Ш.png
p2_r21_c17_Ш,Ш,2,21,17,cells_raw_100x100/p2_r21_c17_Ш.png,cells_64x64/p2_r21_c17_Ш.png,by_class/Ш/p2_r21_c17_Ш.png
p2_r22_c01_Ш,Ш,2,22,1,cells_raw_100x100/p2_r22_c01_Ш.png,cells_64x64/p2_r22_c01_Ш.png,by_class/Ш/p2_r22_c01_Ш.png
p2_r22_c02_Ш,Ш,2,22,2,cells_raw_100x100/p2_r22_c02_Ш.png,cells_64x64/p2_r22_c02_Ш.png,by_class/Ш/p2_r22_c02_Ш.png
p2_r22_c03_Ш,Ш,2,22,3,cells_raw_100x100/p2_r22_c03_Ш.png,cells_64x64/p2_r22_c03_Ш.png,by_class/Ш/p2_r22_c03_Ш.png
p2_r22_c04_Ш,Ш,2,22,4,cells_raw_100x100/p2_r22_c04_Ш.png,cells_64x64/p2_r22_c04_Ш.png,by_class/Ш/p2_r22_c04_Ш.png
p2_r22_c05_Ш,Ш,2,22,5,cells_raw_100x100/p2_r22_c05_Ш.png,cells_64x64/p2_r22_c05_Ш.png,by_class/Ш/p2_r22_c05_Ш.png
p2_r22_c06_Ш,Ш,2,22,6,cells_raw_100x100/p2_r22_c06_Ш.png,cells_64x64/p2_r22_c06_Ш.png,by_class/Ш/p2_r22_c06_Ш.png
p2_r22_c07_Ш,Ш,2,22,7,cells_raw_100x100/p2_r22_c07_Ш.png,cells_64x64/p2_r22_c07_Ш.png,by_class/Ш/p2_r22_c07_Ш.png
p2_r22_c08_Ш,Ш,2,22,8,cells_raw_100x100/p2_r22_c08_Ш.png,cells_64x64/p2_r22_c08_Ш.png,by_class/Ш/p2_r22_c08_Ш.png
p2_r22_c09_Ш,Ш,2,22,9,cells_raw_100x100/p2_r22_c09_Ш.png,cells_64x64/p2_r22_c09_Ш.png,by_class/Ш/p2_r22_c09_Ш.png
p2_r22_c10_Ш,Ш,2,22,10,cells_raw_100x100/p2_r22_c10_Ш.png,cells_64x64/p2_r22_c10_Ш.png,by_class/Ш/p2_r22_c10_Ш.png
p2_r22_c11_Ш,Ш,2,22,11,cells_raw_100x100/p2_r22_c11_Ш.png,cells_64x64/p2_r22_c11_Ш.png,by_class/Ш/p2_r22_c11_Ш.png
p2_r22_c12_Ш,Ш,2,22,12,cells_raw_100x100/p2_r22_c12_Ш.png,cells_64x64/p2_r22_c12_Ш.png,by_class/Ш/p2_r22_c12_Ш.png
p2_r22_c13_Ш,Ш,2,22,13,cells_raw_100x100/p2_r22_c13_Ш.png,cells_64x64/p2_r22_c13_Ш.png,by_class/Ш/p2_r22_c13_Ш.png
p2_r22_c14_Ш,Ш,2,22,14,cells_raw_100x100/p2_r22_c14_Ш.png,cells_64x64/p2_r22_c14_Ш.png,by_class/Ш/p2_r22_c14_Ш.png
p2_r22_c15_Ш,Ш,2,22,15,cells_raw_100x100/p2_r22_c15_Ш.png,cells_64x64/p2_r22_c15_Ш.png,by_class/Ш/p2_r22_c15_Ш.png
p2_r22_c16_Ш,Ш,2,22,16,cells_raw_100x100/p2_r22_c16_Ш.png,cells_64x64/p2_r22_c16_Ш.png,by_class/Ш/p2_r22_c16_Ш.png
p2_r22_c17_Ш,Ш,2,22,17,cells_raw_100x100/p2_r22_c17_Ш.png,cells_64x64/p2_r22_c17_Ш.png,by_class/Ш/p2_r22_c17_Ш.png
p2_r23_c01_Д,Д,2,23,1,cells_raw_100x100/p2_r23_c01_Д.png,cells_64x64/p2_r23_c01_Д.png,by_class/Д/p2_r23_c01_Д.png
p2_r23_c02_Д,Д,2,23,2,cells_raw_100x100/p2_r23_c02_Д.png,cells_64x64/p2_r23_c02_Д.png,by_class/Д/p2_r23_c02_Д.png
p2_r23_c03_Д,Д,2,23,3,cells_raw_100x100/p2_r23_c03_Д.png,cells_64x64/p2_r23_c03_Д.png,by_class/Д/p2_r23_c03_Д.png
p2_r23_c04_Д,Д,2,23,4,cells_raw_100x100/p2_r23_c04_Д.png,cells_64x64/p2_r23_c04_Д.png,by_class/Д/p2_r23_c04_Д.png
p2_r23_c05_Д,Д,2,23,5,cells_raw_100x100/p2_r23_c05_Д.png,cells_64x64/p2_r23_c05_Д.png,by_class/Д/p2_r23_c05_Д.png
p2_r23_c06_Д,Д,2,23,6,cells_raw_100x100/p2_r23_c06_Д.png,cells_64x64/p2_r23_c06_Д.png,by_class/Д/p2_r23_c06_Д.png
p2_r23_c07_Д,Д,2,23,7,cells_raw_100x100/p2_r23_c07_Д.png,cells_64x64/p2_r23_c07_Д.png,by_class/Д/p2_r23_c07_Д.png
p2_r23_c08_Д,Д,2,23,8,cells_raw_100x100/p2_r23_c08_Д.png,cells_64x64/p2_r23_c08_Д.png,by_class/Д/p2_r23_c08_Д.png
p2_r23_c09_Д,Д,2,23,9,cells_raw_100x100/p2_r23_c09_Д.png,cells_64x64/p2_r23_c09_Д.png,by_class/Д/p2_r23_c09_Д.png
p2_r23_c10_Д,Д,2,23,10,cells_raw_100x100/p2_r23_c10_Д.png,cells_64x64/p2_r23_c10_Д.png,by_class/Д/p2_r23_c10_Д.png
p2_r23_c11_Д,Д,2,23,11,cells_raw_100x100/p2_r23_c11_Д.png,cells_64x64/p2_r23_c11_Д.png,by_class/Д/p2_r23_c11_Д.png
p2_r23_c12_Д,Д,2,23,12,cells_raw_100x100/p2_r23_c12_Д.png,cells_64x64/p2_r23_c12_Д.png,by_class/Д/p2_r23_c12_Д.png
p2_r23_c13_Д,Д,2,23,13,cells_raw_100x100/p2_r23_c13_Д.png,cells_64x64/p2_r23_c13_Д.png,by_class/Д/p2_r23_c13_Д.png
p2_r23_c14_Д,Д,2,23,14,cells_raw_100x100/p2_r23_c14_Д.png,cells_64x64/p2_r23_c14_Д.png,by_class/Д/p2_r23_c14_Д.png
p2_r23_c15_Д,Д,2,23,15,cells_raw_100x100/p2_r23_c15_Д.png,cells_64x64/p2_r23_c15_Д.png,by_class/Д/p2_r23_c15_Д.png
p2_r23_c16_Д,Д,2,23,16,cells_raw_100x100/p2_r23_c16_Д.png,cells_64x64/p2_r23_c16_Д.png,by_class/Д/p2_r23_c16_Д.png
p2_r23_c17_Д,Д,2,23,17,cells_raw_100x100/p2_r23_c17_Д.png,cells_64x64/p2_r23_c17_Д.png,by_class/Д/p2_r23_c17_Д.png
p2_r24_c01_Д,Д,2,24,1,cells_raw_100x100/p2_r24_c01_Д.png,cells_64x64/p2_r24_c01_Д.png,by_class/Д/p2_r24_c01_Д.png
p2_r24_c02_Д,Д,2,24,2,cells_raw_100x100/p2_r24_c02_Д.png,cells_64x64/p2_r24_c02_Д.png,by_class/Д/p2_r24_c02_Д.png
p2_r24_c03_Д,Д,2,24,3,cells_raw_100x100/p2_r24_c03_Д.png,cells_64x64/p2_r24_c03_Д.png,by_class/Д/p2_r24_c03_Д.png
p2_r24_c04_Д,Д,2,24,4,cells_raw_100x100/p2_r24_c04_Д.png,cells_64x64/p2_r24_c04_Д.png,by_class/Д/p2_r24_c04_Д.png
p2_r24_c05_Д,Д,2,24,5,cells_raw_100x100/p2_r24_c05_Д.png,cells_64x64/p2_r24_c05_Д.png,by_class/Д/p2_r24_c05_Д.png
p2_r24_c06_Д,Д,2,24,6,cells_raw_100x100/p2_r24_c06_Д.png,cells_64x64/p2_r24_c06_Д.png,by_class/Д/p2_r24_c06_Д.png
p2_r24_c07_Д,Д,2,24,7,cells_raw_100x100/p2_r24_c07_Д.png,cells_64x64/p2_r24_c07_Д.png,by_class/Д/p2_r24_c07_Д.png
p2_r24_c08_Д,Д,2,24,8,cells_raw_100x100/p2_r24_c08_Д.png,cells_64x64/p2_r24_c08_Д.png,by_class/Д/p2_r24_c08_Д.png
p2_r24_c09_Д,Д,2,24,9,cells_raw_100x100/p2_r24_c09_Д.png,cells_64x64/p2_r24_c09_Д.png,by_class/Д/p2_r24_c09_Д.png
p2_r24_c10_Д,Д,2,24,10,cells_raw_100x100/p2_r24_c10_Д.png,cells_64x64/p2_r24_c10_Д.png,by_class/Д/p2_r24_c10_Д.png
p2_r24_c11_Д,Д,2,24,11,cells_raw_100x100/p2_r24_c11_Д.png,cells_64x64/p2_r24_c11_Д.png,by_class/Д/p2_r24_c11_Д.png
p2_r24_c12_Д,Д,2,24,12,cells_raw_100x100/p2_r24_c12_Д.png,cells_64x64/p2_r24_c12_Д.png,by_class/Д/p2_r24_c12_Д.png
p2_r24_c13_Д,Д,2,24,13,cells_raw_100x100/p2_r24_c13_Д.png,cells_64x64/p2_r24_c13_Д.png,by_class/Д/p2_r24_c13_Д.png
p2_r24_c14_Д,Д,2,24,14,cells_raw_100x100/p2_r24_c14_Д.png,cells_64x64/p2_r24_c14_Д.png,by_class/Д/p2_r24_c14_Д.png
p2_r24_c15_Д,Д,2,24,15,cells_raw_100x100/p2_r24_c15_Д.png,cells_64x64/p2_r24_c15_Д.png,by_class/Д/p2_r24_c15_Д.png
p2_r24_c16_Д,Д,2,24,16,cells_raw_100x100/p2_r24_c16_Д.png,cells_64x64/p2_r24_c16_Д.png,by_class/Д/p2_r24_c16_Д.png
p2_r24_c17_Д,Д,2,24,17,cells_raw_100x100/p2_r24_c17_Д.png,cells_64x64/p2_r24_c17_Д.png,by_class/Д/p2_r24_c17_Д.png
p3_r01_c01_Д,Д,3,1,1,cells_raw_100x100/p3_r01_c01_Д.png,cells_64x64/p3_r01_c01_Д.png,by_class/Д/p3_r01_c01_Д.png
p3_r01_c02_Д,Д,3,1,2,cells_raw_100x100/p3_r01_c02_Д.png,cells_64x64/p3_r01_c02_Д.png,by_class/Д/p3_r01_c02_Д.png
p3_r01_c03_Д,Д,3,1,3,cells_raw_100x100/p3_r01_c03_Д.png,cells_64x64/p3_r01_c03_Д.png,by_class/Д/p3_r01_c03_Д.png
p3_r01_c04_Д,Д,3,1,4,cells_raw_100x100/p3_r01_c04_Д.png,cells_64x64/p3_r01_c04_Д.png,by_class/Д/p3_r01_c04_Д.png
p3_r01_c05_Д,Д,3,1,5,cells_raw_100x100/p3_r01_c05_Д.png,cells_64x64/p3_r01_c05_Д.png,by_class/Д/p3_r01_c05_Д.png
p3_r01_c06_Д,Д,3,1,6,cells_raw_100x100/p3_r01_c06_Д.png,cells_64x64/p3_r01_c06_Д.png,by_class/Д/p3_r01_c06_Д.png
p3_r01_c07_Д,Д,3,1,7,cells_raw_100x100/p3_r01_c07_Д.png,cells_64x64/p3_r01_c07_Д.png,by_class/Д/p3_r01_c07_Д.png
p3_r01_c08_Д,Д,3,1,8,cells_raw_100x100/p3_r01_c08_Д.png,cells_64x64/p3_r01_c08_Д.png,by_class/Д/p3_r01_c08_Д.png
p3_r01_c09_Д,Д,3,1,9,cells_raw_100x100/p3_r01_c09_Д.png,cells_64x64/p3_r01_c09_Д.png,by_class/Д/p3_r01_c09_Д.png
p3_r01_c10_Д,Д,3,1,10,cells_raw_100x100/p3_r01_c10_Д.png,cells_64x64/p3_r01_c10_Д.png,by_class/Д/p3_r01_c10_Д.png
p3_r01_c11_Д,Д,3,1,11,cells_raw_100x100/p3_r01_c11_Д.png,cells_64x64/p3_r01_c11_Д.png,by_class/Д/p3_r01_c11_Д.png
p3_r01_c12_Д,Д,3,1,12,cells_raw_100x100/p3_r01_c12_Д.png,cells_64x64/p3_r01_c12_Д.png,by_class/Д/p3_r01_c12_Д.png
p3_r01_c13_Д,Д,3,1,13,cells_raw_100x100/p3_r01_c13_Д.png,cells_64x64/p3_r01_c13_Д.png,by_class/Д/p3_r01_c13_Д.png
p3_r01_c14_Д,Д,3,1,14,cells_raw_100x100/p3_r01_c14_Д.png,cells_64x64/p3_r01_c14_Д.png,by_class/Д/p3_r01_c14_Д.png
p3_r01_c15_Д,Д,3,1,15,cells_raw_100x100/p3_r01_c15_Д.png,cells_64x64/p3_r01_c15_Д.png,by_class/Д/p3_r01_c15_Д.png
p3_r01_c16_Д,Д,3,1,16,cells_raw_100x100/p3_r01_c16_Д.png,cells_64x64/p3_r01_c16_Д.png,by_class/Д/p3_r01_c16_Д.png
p3_r01_c17_Д,Д,3,1,17,cells_raw_100x100/p3_r01_c17_Д.png,cells_64x64/p3_r01_c17_Д.png,by_class/Д/p3_r01_c17_Д.png
p3_r02_c01_Д,Д,3,2,1,cells_raw_100x100/p3_r02_c01_Д.png,cells_64x64/p3_r02_c01_Д.png,by_class/Д/p3_r02_c01_Д.png
p3_r02_c02_Д,Д,3,2,2,cells_raw_100x100/p3_r02_c02_Д.png,cells_64x64/p3_r02_c02_Д.png,by_class/Д/p3_r02_c02_Д.png
p3_r02_c03_Д,Д,3,2,3,cells_raw_100x100/p3_r02_c03_Д.png,cells_64x64/p3_r02_c03_Д.png,by_class/Д/p3_r02_c03_Д.png
p3_r02_c04_Д,Д,3,2,4,cells_raw_100x100/p3_r02_c04_Д.png,cells_64x64/p3_r02_c04_Д.png,by_class/Д/p3_r02_c04_Д.png
p3_r02_c05_Д,Д,3,2,5,cells_raw_100x100/p3_r02_c05_Д.png,cells_64x64/p3_r02_c05_Д.png,by_class/Д/p3_r02_c05_Д.png
p3_r02_c06_Д,Д,3,2,6,cells_raw_100x100/p3_r02_c06_Д.png,cells_64x64/p3_r02_c06_Д.png,by_class/Д/p3_r02_c06_Д.png
p3_r02_c07_Д,Д,3,2,7,cells_raw_100x100/p3_r02_c07_Д.png,cells_64x64/p3_r02_c07_Д.png,by_class/Д/p3_r02_c07_Д.png
p3_r02_c08_Д,Д,3,2,8,cells_raw_100x100/p3_r02_c08_Д.png,cells_64x64/p3_r02_c08_Д.png,by_class/Д/p3_r02_c08_Д.png
p3_r02_c09_Д,Д,3,2,9,cells_raw_100x100/p3_r02_c09_Д.png,cells_64x64/p3_r02_c09_Д.png,by_class/Д/p3_r02_c09_Д.png
p3_r02_c10_Д,Д,3,2,10,cells_raw_100x100/p3_r02_c10_Д.png,cells_64x64/p3_r02_c10_Д.png,by_class/Д/p3_r02_c10_Д.png
p3_r02_c11_Д,Д,3,2,11,cells_raw_100x100/p3_r02_c11_Д.png,cells_64x64/p3_r02_c11_Д.png,by_class/Д/p3_r02_c11_Д.png
p3_r02_c12_Д,Д,3,2,12,cells_raw_100x100/p3_r02_c12_Д.png,cells_64x64/p3_r02_c12_Д.png,by_class/Д/p3_r02_c12_Д.png
p3_r02_c13_Д,Д,3,2,13,cells_raw_100x100/p3_r02_c13_Д.png,cells_64x64/p3_r02_c13_Д.png,by_class/Д/p3_r02_c13_Д.png
p3_r02_c14_Д,Д,3,2,14,cells_raw_100x100/p3_r02_c14_Д.png,cells_64x64/p3_r02_c14_Д.png,by_class/Д/p3_r02_c14_Д.png
p3_r02_c15_Д,Д,3,2,15,cells_raw_100x100/p3_r02_c15_Д.png,cells_64x64/p3_r02_c15_Д.png,by_class/Д/p3_r02_c15_Д.png
p3_r02_c16_Д,Д,3,2,16,cells_raw_100x100/p3_r02_c16_Д.png,cells_64x64/p3_r02_c16_Д.png,by_class/Д/p3_r02_c16_Д.png
p3_r02_c17_Д,Д,3,2,17,cells_raw_100x100/p3_r02_c17_Д.png,cells_64x64/p3_r02_c17_Д.png,by_class/Д/p3_r02_c17_Д.png
p3_r03_c01_Ю,Ю,3,3,1,cells_raw_100x100/p3_r03_c01_Ю.png,cells_64x64/p3_r03_c01_Ю.png,by_class/Ю/p3_r03_c01_Ю.png
p3_r03_c02_Ю,Ю,3,3,2,cells_raw_100x100/p3_r03_c02_Ю.png,cells_64x64/p3_r03_c02_Ю.png,by_class/Ю/p3_r03_c02_Ю.png
p3_r03_c03_Ю,Ю,3,3,3,cells_raw_100x100/p3_r03_c03_Ю.png,cells_64x64/p3_r03_c03_Ю.png,by_class/Ю/p3_r03_c03_Ю.png
p3_r03_c04_Ю,Ю,3,3,4,cells_raw_100x100/p3_r03_c04_Ю.png,cells_64x64/p3_r03_c04_Ю.png,by_class/Ю/p3_r03_c04_Ю.png
p3_r03_c05_Ю,Ю,3,3,5,cells_raw_100x100/p3_r03_c05_Ю.png,cells_64x64/p3_r03_c05_Ю.png,by_class/Ю/p3_r03_c05_Ю.png
p3_r03_c06_Ю,Ю,3,3,6,cells_raw_100x100/p3_r03_c06_Ю.png,cells_64x64/p3_r03_c06_Ю.png,by_class/Ю/p3_r03_c06_Ю.png
p3_r03_c07_Ю,Ю,3,3,7,cells_raw_100x100/p3_r03_c07_Ю.png,cells_64x64/p3_r03_c07_Ю.png,by_class/Ю/p3_r03_c07_Ю.png
p3_r03_c08_Ю,Ю,3,3,8,cells_raw_100x100/p3_r03_c08_Ю.png,cells_64x64/p3_r03_c08_Ю.png,by_class/Ю/p3_r03_c08_Ю.png
p3_r03_c09_Ю,Ю,3,3,9,cells_raw_100x100/p3_r03_c09_Ю.png,cells_64x64/p3_r03_c09_Ю.png,by_class/Ю/p3_r03_c09_Ю.png
p3_r03_c10_Ю,Ю,3,3,10,cells_raw_100x100/p3_r03_c10_Ю.png,cells_64x64/p3_r03_c10_Ю.png,by_class/Ю/p3_r03_c10_Ю.png
p3_r03_c11_Ю,Ю,3,3,11,cells_raw_100x100/p3_r03_c11_Ю.png,cells_64x64/p3_r03_c11_Ю.png,by_class/Ю/p3_r03_c11_Ю.png
p3_r03_c12_Ю,Ю,3,3,12,cells_raw_100x100/p3_r03_c12_Ю.png,cells_64x64/p3_r03_c12_Ю.png,by_class/Ю/p3_r03_c12_Ю.png
p3_r03_c13_Ю,Ю,3,3,13,cells_raw_100x100/p3_r03_c13_Ю.png,cells_64x64/p3_r03_c13_Ю.png,by_class/Ю/p3_r03_c13_Ю.png
p3_r03_c14_Ю,Ю,3,3,14,cells_raw_100x100/p3_r03_c14_Ю.png,cells_64x64/p3_r03_c14_Ю.png,by_class/Ю/p3_r03_c14_Ю.png
p3_r03_c15_Ю,Ю,3,3,15,cells_raw_100x100/p3_r03_c15_Ю.png,cells_64x64/p3_r03_c15_Ю.png,by_class/Ю/p3_r03_c15_Ю.png
p3_r03_c16_Ю,Ю,3,3,16,cells_raw_100x100/p3_r03_c16_Ю.png,cells_64x64/p3_r03_c16_Ю.png,by_class/Ю/p3_r03_c16_Ю.png
p3_r03_c17_Ю,Ю,3,3,17,cells_raw_100x100/p3_r03_c17_Ю.png,cells_64x64/p3_r03_c17_Ю.png,by_class/Ю/p3_r03_c17_Ю.png
p3_r04_c01_Ю,Ю,3,4,1,cells_raw_100x100/p3_r04_c01_Ю.png,cells_64x64/p3_r04_c01_Ю.png,by_class/Ю/p3_r04_c01_Ю.png
p3_r04_c02_Ю,Ю,3,4,2,cells_raw_100x100/p3_r04_c02_Ю.png,cells_64x64/p3_r04_c02_Ю.png,by_class/Ю/p3_r04_c02_Ю.png
p3_r04_c03_Ю,Ю,3,4,3,cells_raw_100x100/p3_r04_c03_Ю.png,cells_64x64/p3_r04_c03_Ю.png,by_class/Ю/p3_r04_c03_Ю.png
p3_r04_c04_Ю,Ю,3,4,4,cells_raw_100x100/p3_r04_c04_Ю.png,cells_64x64/p3_r04_c04_Ю.png,by_class/Ю/p3_r04_c04_Ю.png
p3_r04_c05_Ю,Ю,3,4,5,cells_raw_100x100/p3_r04_c05_Ю.png,cells_64x64/p3_r04_c05_Ю.png,by_class/Ю/p3_r04_c05_Ю.png
p3_r04_c06_Ю,Ю,3,4,6,cells_raw_100x100/p3_r04_c06_Ю.png,cells_64x64/p3_r04_c06_Ю.png,by_class/Ю/p3_r04_c06_Ю.png
p3_r04_c07_Ю,Ю,3,4,7,cells_raw_100x100/p3_r04_c07_Ю.png,cells_64x64/p3_r04_c07_Ю.png,by_class/Ю/p3_r04_c07_Ю.png
p3_r04_c08_Ю,Ю,3,4,8,cells_raw_100x100/p3_r04_c08_Ю.png,cells_64x64/p3_r04_c08_Ю.png,by_class/Ю/p3_r04_c08_Ю.png
p3_r04_c09_Ю,Ю,3,4,9,cells_raw_100x100/p3_r04_c09_Ю.png,cells_64x64/p3_r04_c09_Ю.png,by_class/Ю/p3_r04_c09_Ю.png
p3_r04_c10_Ю,Ю,3,4,10,cells_raw_100x100/p3_r04_c10_Ю.png,cells_64x64/p3_r04_c10_Ю.png,by_class/Ю/p3_r04_c10_Ю.png
p3_r04_c11_Ю,Ю,3,4,11,cells_raw_100x100/p3_r04_c11_Ю.png,cells_64x64/p3_r04_c11_Ю.png,by_class/Ю/p3_r04_c11_Ю.png
p3_r04_c12_Ю,Ю,3,4,12,cells_raw_100x100/p3_r04_c12_Ю.png,cells_64x64/p3_r04_c12_Ю.png,by_class/Ю/p3_r04_c12_Ю.png
p3_r04_c13_Ю,Ю,3,4,13,cells_raw_100x100/p3_r04_c13_Ю.png,cells_64x64/p3_r04_c13_Ю.png,by_class/Ю/p3_r04_c13_Ю.png
p3_r04_c14_Ю,Ю,3,4,14,cells_raw_100x100/p3_r04_c14_Ю.png,cells_64x64/p3_r04_c14_Ю.png,by_class/Ю/p3_r04_c14_Ю.png
p3_r04_c15_Ю,Ю,3,4,15,cells_raw_100x100/p3_r04_c15_Ю.png,cells_64x64/p3_r04_c15_Ю.png,by_class/Ю/p3_r04_c15_Ю.png
p3_r04_c16_Ю,Ю,3,4,16,cells_raw_100x100/p3_r04_c16_Ю.png,cells_64x64/p3_r04_c16_Ю.png,by_class/Ю/p3_r04_c16_Ю.png
p3_r04_c17_Ю,Ю,3,4,17,cells_raw_100x100/p3_r04_c17_Ю.png,cells_64x64/p3_r04_c17_Ю.png,by_class/Ю/p3_r04_c17_Ю.png
p3_r05_c01_Ю,Ю,3,5,1,cells_raw_100x100/p3_r05_c01_Ю.png,cells_64x64/p3_r05_c01_Ю.png,by_class/Ю/p3_r05_c01_Ю.png
p3_r05_c02_Ю,Ю,3,5,2,cells_raw_100x100/p3_r05_c02_Ю.png,cells_64x64/p3_r05_c02_Ю.png,by_class/Ю/p3_r05_c02_Ю.png
p3_r05_c03_Ю,Ю,3,5,3,cells_raw_100x100/p3_r05_c03_Ю.png,cells_64x64/p3_r05_c03_Ю.png,by_class/Ю/p3_r05_c03_Ю.png
p3_r05_c04_Ю,Ю,3,5,4,cells_raw_100x100/p3_r05_c04_Ю.png,cells_64x64/p3_r05_c04_Ю.png,by_class/Ю/p3_r05_c04_Ю.png
p3_r05_c05_Ю,Ю,3,5,5,cells_raw_100x100/p3_r05_c05_Ю.png,cells_64x64/p3_r05_c05_Ю.png,by_class/Ю/p3_r05_c05_Ю.png
p3_r05_c06_Ю,Ю,3,5,6,cells_raw_100x100/p3_r05_c06_Ю.png,cells_64x64/p3_r05_c06_Ю.png,by_class/Ю/p3_r05_c06_Ю.png
p3_r05_c07_Ю,Ю,3,5,7,cells_raw_100x100/p3_r05_c07_Ю.png,cells_64x64/p3_r05_c07_Ю.png,by_class/Ю/p3_r05_c07_Ю.png
p3_r05_c08_Ю,Ю,3,5,8,cells_raw_100x100/p3_r05_c08_Ю.png,cells_64x64/p3_r05_c08_Ю.png,by_class/Ю/p3_r05_c08_Ю.png
p3_r05_c09_Ю,Ю,3,5,9,cells_raw_100x100/p3_r05_c09_Ю.png,cells_64x64/p3_r05_c09_Ю.png,by_class/Ю/p3_r05_c09_Ю.png
p3_r05_c10_Ю,Ю,3,5,10,cells_raw_100x100/p3_r05_c10_Ю.png,cells_64x64/p3_r05_c10_Ю.png,by_class/Ю/p3_r05_c10_Ю.png
p3_r05_c11_Ю,Ю,3,5,11,cells_raw_100x100/p3_r05_c11_Ю.png,cells_64x64/p3_r05_c11_Ю.png,by_class/Ю/p3_r05_c11_Ю.png
p3_r05_c12_Ю,Ю,3,5,12,cells_raw_100x100/p3_r05_c12_Ю.png,cells_64x64/p3_r05_c12_Ю.png,by_class/Ю/p3_r05_c12_Ю.png
p3_r05_c13_Ю,Ю,3,5,13,cells_raw_100x100/p3_r05_c13_Ю.png,cells_64x64/p3_r05_c13_Ю.png,by_class/Ю/p3_r05_c13_Ю.png
p3_r05_c14_Ю,Ю,3,5,14,cells_raw_100x100/p3_r05_c14_Ю.png,cells_64x64/p3_r05_c14_Ю.png,by_class/Ю/p3_r05_c14_Ю.png
p3_r05_c15_Ю,Ю,3,5,15,cells_raw_100x100/p3_r05_c15_Ю.png,cells_64x64/p3_r05_c15_Ю.png,by_class/Ю/p3_r05_c15_Ю.png
p3_r05_c16_Ю,Ю,3,5,16,cells_raw_100x100/p3_r05_c16_Ю.png,cells_64x64/p3_r05_c16_Ю.png,by_class/Ю/p3_r05_c16_Ю.png
p3_r05_c17_Ю,Ю,3,5,17,cells_raw_100x100/p3_r05_c17_Ю.png,cells_64x64/p3_r05_c17_Ю.png,by_class/Ю/p3_r05_c17_Ю.png
p3_r06_c01_Ю,Ю,3,6,1,cells_raw_100x100/p3_r06_c01_Ю.png,cells_64x64/p3_r06_c01_Ю.png,by_class/Ю/p3_r06_c01_Ю.png
p3_r06_c02_Ю,Ю,3,6,2,cells_raw_100x100/p3_r06_c02_Ю.png,cells_64x64/p3_r06_c02_Ю.png,by_class/Ю/p3_r06_c02_Ю.png
p3_r06_c03_Ю,Ю,3,6,3,cells_raw_100x100/p3_r06_c03_Ю.png,cells_64x64/p3_r06_c03_Ю.png,by_class/Ю/p3_r06_c03_Ю.png
p3_r06_c04_Ю,Ю,3,6,4,cells_raw_100x100/p3_r06_c04_Ю.png,cells_64x64/p3_r06_c04_Ю.png,by_class/Ю/p3_r06_c04_Ю.png
p3_r06_c05_Ю,Ю,3,6,5,cells_raw_100x100/p3_r06_c05_Ю.png,cells_64x64/p3_r06_c05_Ю.png,by_class/Ю/p3_r06_c05_Ю.png
p3_r06_c06_Ю,Ю,3,6,6,cells_raw_100x100/p3_r06_c06_Ю.png,cells_64x64/p3_r06_c06_Ю.png,by_class/Ю/p3_r06_c06_Ю.png
p3_r06_c07_Ю,Ю,3,6,7,cells_raw_100x100/p3_r06_c07_Ю.png,cells_64x64/p3_r06_c07_Ю.png,by_class/Ю/p3_r06_c07_Ю.png
p3_r06_c08_Ю,Ю,3,6,8,cells_raw_100x100/p3_r06_c08_Ю.png,cells_64x64/p3_r06_c08_Ю.png,by_class/Ю/p3_r06_c08_Ю.png
p3_r06_c09_Ю,Ю,3,6,9,cells_raw_100x100/p3_r06_c09_Ю.png,cells_64x64/p3_r06_c09_Ю.png,by_class/Ю/p3_r06_c09_Ю.png
p3_r06_c10_Ю,Ю,3,6,10,cells_raw_100x100/p3_r06_c10_Ю.png,cells_64x64/p3_r06_c10_Ю.png,by_class/Ю/p3_r06_c10_Ю.png
p3_r06_c11_Ю,Ю,3,6,11,cells_raw_100x100/p3_r06_c11_Ю.png,cells_64x64/p3_r06_c11_Ю.png,by_class/Ю/p3_r06_c11_Ю.png
p3_r06_c12_Ю,Ю,3,6,12,cells_raw_100x100/p3_r06_c12_Ю.png,cells_64x64/p3_r06_c12_Ю.png,by_class/Ю/p3_r06_c12_Ю.png
p3_r06_c13_Ю,Ю,3,6,13,cells_raw_100x100/p3_r06_c13_Ю.png,cells_64x64/p3_r06_c13_Ю.png,by_class/Ю/p3_r06_c13_Ю.png
p3_r06_c14_Ю,Ю,3,6,14,cells_raw_100x100/p3_r06_c14_Ю.png,cells_64x64/p3_r06_c14_Ю.png,by_class/Ю/p3_r06_c14_Ю.png
p3_r06_c15_Ю,Ю,3,6,15,cells_raw_100x100/p3_r06_c15_Ю.png,cells_64x64/p3_r06_c15_Ю.png,by_class/Ю/p3_r06_c15_Ю.png
p3_r06_c16_Ю,Ю,3,6,16,cells_raw_100x100/p3_r06_c16_Ю.png,cells_64x64/p3_r06_c16_Ю.png,by_class/Ю/p3_r06_c16_Ю.png
p3_r06_c17_Ю,Ю,3,6,17,cells_raw_100x100/p3_r06_c17_Ю.png,cells_64x64/p3_r06_c17_Ю.png,by_class/Ю/p3_r06_c17_Ю.png
p3_r07_c01_Б,Б,3,7,1,cells_raw_100x100/p3_r07_c01_Б.png,cells_64x64/p3_r07_c01_Б.png,by_class/Б/p3_r07_c01_Б.png
p3_r07_c02_Б,Б,3,7,2,cells_raw_100x100/p3_r07_c02_Б.png,cells_64x64/p3_r07_c02_Б.png,by_class/Б/p3_r07_c02_Б.png
p3_r07_c03_Б,Б,3,7,3,cells_raw_100x100/p3_r07_c03_Б.png,cells_64x64/p3_r07_c03_Б.png,by_class/Б/p3_r07_c03_Б.png
p3_r07_c04_Б,Б,3,7,4,cells_raw_100x100/p3_r07_c04_Б.png,cells_64x64/p3_r07_c04_Б.png,by_class/Б/p3_r07_c04_Б.png
p3_r07_c05_Б,Б,3,7,5,cells_raw_100x100/p3_r07_c05_Б.png,cells_64x64/p3_r07_c05_Б.png,by_class/Б/p3_r07_c05_Б.png
p3_r07_c06_Б,Б,3,7,6,cells_raw_100x100/p3_r07_c06_Б.png,cells_64x64/p3_r07_c06_Б.png,by_class/Б/p3_r07_c06_Б.png
p3_r07_c07_Б,Б,3,7,7,cells_raw_100x100/p3_r07_c07_Б.png,cells_64x64/p3_r07_c07_Б.png,by_class/Б/p3_r07_c07_Б.png
p3_r07_c08_Б,Б,3,7,8,cells_raw_100x100/p3_r07_c08_Б.png,cells_64x64/p3_r07_c08_Б.png,by_class/Б/p3_r07_c08_Б.png
p3_r07_c09_Б,Б,3,7,9,cells_raw_100x100/p3_r07_c09_Б.png,cells_64x64/p3_r07_c09_Б.png,by_class/Б/p3_r07_c09_Б.png
p3_r07_c10_Б,Б,3,7,10,cells_raw_100x100/p3_r07_c10_Б.png,cells_64x64/p3_r07_c10_Б.png,by_class/Б/p3_r07_c10_Б.png
p3_r07_c11_Б,Б,3,7,11,cells_raw_100x100/p3_r07_c11_Б.png,cells_64x64/p3_r07_c11_Б.png,by_class/Б/p3_r07_c11_Б.png
p3_r07_c12_Б,Б,3,7,12,cells_raw_100x100/p3_r07_c12_Б.png,cells_64x64/p3_r07_c12_Б.png,by_class/Б/p3_r07_c12_Б.png
p3_r07_c13_Б,Б,3,7,13,cells_raw_100x100/p3_r07_c13_Б.png,cells_64x64/p3_r07_c13_Б.png,by_class/Б/p3_r07_c13_Б.png
p3_r07_c14_Б,Б,3,7,14,cells_raw_100x100/p3_r07_c14_Б.png,cells_64x64/p3_r07_c14_Б.png,by_class/Б/p3_r07_c14_Б.png
p3_r07_c15_Б,Б,3,7,15,cells_raw_100x100/p3_r07_c15_Б.png,cells_64x64/p3_r07_c15_Б.png,by_class/Б/p3_r07_c15_Б.png
p3_r07_c16_Б,Б,3,7,16,cells_raw_100x100/p3_r07_c16_Б.png,cells_64x64/p3_r07_c16_Б.png,by_class/Б/p3_r07_c16_Б.png
p3_r07_c17_Б,Б,3,7,17,cells_raw_100x100/p3_r07_c17_Б.png,cells_64x64/p3_r07_c17_Б.png,by_class/Б/p3_r07_c17_Б.png
p3_r08_c01_Б,Б,3,8,1,cells_raw_100x100/p3_r08_c01_Б.png,cells_64x64/p3_r08_c01_Б.png,by_class/Б/p3_r08_c01_Б.png
p3_r08_c02_Б,Б,3,8,2,cells_raw_100x100/p3_r08_c02_Б.png,cells_64x64/p3_r08_c02_Б.png,by_class/Б/p3_r08_c02_Б.png
p3_r08_c03_Б,Б,3,8,3,cells_raw_100x100/p3_r08_c03_Б.png,cells_64x64/p3_r08_c03_Б.png,by_class/Б/p3_r08_c03_Б.png
p3_r08_c04_Б,Б,3,8,4,cells_raw_100x100/p3_r08_c04_Б.png,cells_64x64/p3_r08_c04_Б.png,by_class/Б/p3_r08_c04_Б.png
p3_r08_c05_Б,Б,3,8,5,cells_raw_100x100/p3_r08_c05_Б.png,cells_64x64/p3_r08_c05_Б.png,by_class/Б/p3_r08_c05_Б.png
p3_r08_c06_Б,Б,3,8,6,cells_raw_100x100/p3_r08_c06_Б.png,cells_64x64/p3_r08_c06_Б.png,by_class/Б/p3_r08_c06_Б.png
p3_r08_c07_Б,Б,3,8,7,cells_raw_100x100/p3_r08_c07_Б.png,cells_64x64/p3_r08_c07_Б.png,by_class/Б/p3_r08_c07_Б.png
p3_r08_c08_Б,Б,3,8,8,cells_raw_100x100/p3_r08_c08_Б.png,cells_64x64/p3_r08_c08_Б.png,by_class/Б/p3_r08_c08_Б.png
p3_r08_c09_Б,Б,3,8,9,cells_raw_100x100/p3_r08_c09_Б.png,cells_64x64/p3_r08_c09_Б.png,by_class/Б/p3_r08_c09_Б.png
p3_r08_c10_Б,Б,3,8,10,cells_raw_100x100/p3_r08_c10_Б.png,cells_64x64/p3_r08_c10_Б.png,by_class/Б/p3_r08_c10_Б.png
p3_r08_c11_Б,Б,3,8,11,cells_raw_100x100/p3_r08_c11_Б.png,cells_64x64/p3_r08_c11_Б.png,by_class/Б/p3_r08_c11_Б.png
p3_r08_c12_Б,Б,3,8,12,cells_raw_100x100/p3_r08_c12_Б.png,cells_64x64/p3_r08_c12_Б.png,by_class/Б/p3_r08_c12_Б.png
p3_r08_c13_Б,Б,3,8,13,cells_raw_100x100/p3_r08_c13_Б.png,cells_64x64/p3_r08_c13_Б.png,by_class/Б/p3_r08_c13_Б.png
p3_r08_c14_Б,Б,3,8,14,cells_raw_100x100/p3_r08_c14_Б.png,cells_64x64/p3_r08_c14_Б.png,by_class/Б/p3_r08_c14_Б.png
p3_r08_c15_Б,Б,3,8,15,cells_raw_100x100/p3_r08_c15_Б.png,cells_64x64/p3_r08_c15_Б.png,by_class/Б/p3_r08_c15_Б.png
p3_r08_c16_Б,Б,3,8,16,cells_raw_100x100/p3_r08_c16_Б.png,cells_64x64/p3_r08_c16_Б.png,by_class/Б/p3_r08_c16_Б.png
p3_r08_c17_Б,Б,3,8,17,cells_raw_100x100/p3_r08_c17_Б.png,cells_64x64/p3_r08_c17_Б.png,by_class/Б/p3_r08_c17_Б.png
p3_r09_c01_Б,Б,3,9,1,cells_raw_100x100/p3_r09_c01_Б.png,cells_64x64/p3_r09_c01_Б.png,by_class/Б/p3_r09_c01_Б.png
p3_r09_c02_Б,Б,3,9,2,cells_raw_100x100/p3_r09_c02_Б.png,cells_64x64/p3_r09_c02_Б.png,by_class/Б/p3_r09_c02_Б.png
p3_r09_c03_Б,Б,3,9,3,cells_raw_100x100/p3_r09_c03_Б.png,cells_64x64/p3_r09_c03_Б.png,by_class/Б/p3_r09_c03_Б.png
p3_r09_c04_Б,Б,3,9,4,cells_raw_100x100/p3_r09_c04_Б.png,cells_64x64/p3_r09_c04_Б.png,by_class/Б/p3_r09_c04_Б.png
p3_r09_c05_Б,Б,3,9,5,cells_raw_100x100/p3_r09_c05_Б.png,cells_64x64/p3_r09_c05_Б.png,by_class/Б/p3_r09_c05_Б.png
p3_r09_c06_Б,Б,3,9,6,cells_raw_100x100/p3_r09_c06_Б.png,cells_64x64/p3_r09_c06_Б.png,by_class/Б/p3_r09_c06_Б.png
p3_r09_c07_Б,Б,3,9,7,cells_raw_100x100/p3_r09_c07_Б.png,cells_64x64/p3_r09_c07_Б.png,by_class/Б/p3_r09_c07_Б.png
p3_r09_c08_Б,Б,3,9,8,cells_raw_100x100/p3_r09_c08_Б.png,cells_64x64/p3_r09_c08_Б.png,by_class/Б/p3_r09_c08_Б.png
p3_r09_c09_Б,Б,3,9,9,cells_raw_100x100/p3_r09_c09_Б.png,cells_64x64/p3_r09_c09_Б.png,by_class/Б/p3_r09_c09_Б.png
p3_r09_c10_Б,Б,3,9,10,cells_raw_100x100/p3_r09_c10_Б.png,cells_64x64/p3_r09_c10_Б.png,by_class/Б/p3_r09_c10_Б.png
p3_r09_c11_Б,Б,3,9,11,cells_raw_100x100/p3_r09_c11_Б.png,cells_64x64/p3_r09_c11_Б.png,by_class/Б/p3_r09_c11_Б.png
p3_r09_c12_Б,Б,3,9,12,cells_raw_100x100/p3_r09_c12_Б.png,cells_64x64/p3_r09_c12_Б.png,by_class/Б/p3_r09_c12_Б.png
p3_r09_c13_Б,Б,3,9,13,cells_raw_100x100/p3_r09_c13_Б.png,cells_64x64/p3_r09_c13_Б.png,by_class/Б/p3_r09_c13_Б.png
p3_r09_c14_Б,Б,3,9,14,cells_raw_100x100/p3_r09_c14_Б.png,cells_64x64/p3_r09_c14_Б.png,by_class/Б/p3_r09_c14_Б.png
p3_r09_c15_Б,Б,3,9,15,cells_raw_100x100/p3_r09_c15_Б.png,cells_64x64/p3_r09_c15_Б.png,by_class/Б/p3_r09_c15_Б.png
p3_r09_c16_Б,Б,3,9,16,cells_raw_100x100/p3_r09_c16_Б.png,cells_64x64/p3_r09_c16_Б.png,by_class/Б/p3_r09_c16_Б.png
p3_r09_c17_Б,Б,3,9,17,cells_raw_100x100/p3_r09_c17_Б.png,cells_64x64/p3_r09_c17_Б.png,by_class/Б/p3_r09_c17_Б.png
p3_r10_c01_Б,Б,3,10,1,cells_raw_100x100/p3_r10_c01_Б.png,cells_64x64/p3_r10_c01_Б.png,by_class/Б/p3_r10_c01_Б.png
p3_r10_c02_Б,Б,3,10,2,cells_raw_100x100/p3_r10_c02_Б.png,cells_64x64/p3_r10_c02_Б.png,by_class/Б/p3_r10_c02_Б.png
p3_r10_c03_Б,Б,3,10,3,cells_raw_100x100/p3_r10_c03_Б.png,cells_64x64/p3_r10_c03_Б.png,by_class/Б/p3_r10_c03_Б.png
p3_r10_c04_Б,Б,3,10,4,cells_raw_100x100/p3_r10_c04_Б.png,cells_64x64/p3_r10_c04_Б.png,by_class/Б/p3_r10_c04_Б.png
p3_r10_c05_Б,Б,3,10,5,cells_raw_100x100/p3_r10_c05_Б.png,cells_64x64/p3_r10_c05_Б.png,by_class/Б/p3_r10_c05_Б.png
p3_r10_c06_Б,Б,3,10,6,cells_raw_100x100/p3_r10_c06_Б.png,cells_64x64/p3_r10_c06_Б.png,by_class/Б/p3_r10_c06_Б.png
p3_r10_c07_Б,Б,3,10,7,cells_raw_100x100/p3_r10_c07_Б.png,cells_64x64/p3_r10_c07_Б.png,by_class/Б/p3_r10_c07_Б.png
p3_r10_c08_Б,Б,3,10,8,cells_raw_100x100/p3_r10_c08_Б.png,cells_64x64/p3_r10_c08_Б.png,by_class/Б/p3_r10_c08_Б.png
p3_r10_c09_Б,Б,3,10,9,cells_raw_100x100/p3_r10_c09_Б.png,cells_64x64/p3_r10_c09_Б.png,by_class/Б/p3_r10_c09_Б.png
p3_r10_c10_Б,Б,3,10,10,cells_raw_100x100/p3_r10_c10_Б.png,cells_64x64/p3_r10_c10_Б.png,by_class/Б/p3_r10_c10_Б.png
p3_r10_c11_Б,Б,3,10,11,cells_raw_100x100/p3_r10_c11_Б.png,cells_64x64/p3_r10_c11_Б.png,by_class/Б/p3_r10_c11_Б.png
p3_r10_c12_Б,Б,3,10,12,cells_raw_100x100/p3_r10_c12_Б.png,cells_64x64/p3_r10_c12_Б.png,by_class/Б/p3_r10_c12_Б.png
p3_r10_c13_Б,Б,3,10,13,cells_raw_100x100/p3_r10_c13_Б.png,cells_64x64/p3_r10_c13_Б.png,by_class/Б/p3_r10_c13_Б.png
p3_r10_c14_Б,Б,3,10,14,cells_raw_100x100/p3_r10_c14_Б.png,cells_64x64/p3_r10_c14_Б.png,by_class/Б/p3_r10_c14_Б.png
p3_r10_c15_Б,Б,3,10,15,cells_raw_100x100/p3_r10_c15_Б.png,cells_64x64/p3_r10_c15_Б.png,by_class/Б/p3_r10_c15_Б.png
p3_r10_c16_Б,Б,3,10,16,cells_raw_100x100/p3_r10_c16_Б.png,cells_64x64/p3_r10_c16_Б.png,by_class/Б/p3_r10_c16_Б.png
p3_r10_c17_Б,Б,3,10,17,cells_raw_100x100/p3_r10_c17_Б.png,cells_64x64/p3_r10_c17_Б.png,by_class/Б/p3_r10_c17_Б.png
p3_r11_c01_Э,Э,3,11,1,cells_raw_100x100/p3_r11_c01_Э.png,cells_64x64/p3_r11_c01_Э.png,by_class/Э/p3_r11_c01_Э.png
p3_r11_c02_Э,Э,3,11,2,cells_raw_100x100/p3_r11_c02_Э.png,cells_64x64/p3_r11_c02_Э.png,by_class/Э/p3_r11_c02_Э.png
p3_r11_c03_Э,Э,3,11,3,cells_raw_100x100/p3_r11_c03_Э.png,cells_64x64/p3_r11_c03_Э.png,by_class/Э/p3_r11_c03_Э.png
p3_r11_c04_Э,Э,3,11,4,cells_raw_100x100/p3_r11_c04_Э.png,cells_64x64/p3_r11_c04_Э.png,by_class/Э/p3_r11_c04_Э.png
p3_r11_c05_Э,Э,3,11,5,cells_raw_100x100/p3_r11_c05_Э.png,cells_64x64/p3_r11_c05_Э.png,by_class/Э/p3_r11_c05_Э.png
p3_r11_c06_Э,Э,3,11,6,cells_raw_100x100/p3_r11_c06_Э.png,cells_64x64/p3_r11_c06_Э.png,by_class/Э/p3_r11_c06_Э.png
p3_r11_c07_Э,Э,3,11,7,cells_raw_100x100/p3_r11_c07_Э.png,cells_64x64/p3_r11_c07_Э.png,by_class/Э/p3_r11_c07_Э.png
p3_r11_c08_Э,Э,3,11,8,cells_raw_100x100/p3_r11_c08_Э.png,cells_64x64/p3_r11_c08_Э.png,by_class/Э/p3_r11_c08_Э.png
p3_r11_c09_Э,Э,3,11,9,cells_raw_100x100/p3_r11_c09_Э.png,cells_64x64/p3_r11_c09_Э.png,by_class/Э/p3_r11_c09_Э.png
p3_r11_c10_Э,Э,3,11,10,cells_raw_100x100/p3_r11_c10_Э.png,cells_64x64/p3_r11_c10_Э.png,by_class/Э/p3_r11_c10_Э.png
p3_r11_c11_Э,Э,3,11,11,cells_raw_100x100/p3_r11_c11_Э.png,cells_64x64/p3_r11_c11_Э.png,by_class/Э/p3_r11_c11_Э.png
p3_r11_c12_Э,Э,3,11,12,cells_raw_100x100/p3_r11_c12_Э.png,cells_64x64/p3_r11_c12_Э.png,by_class/Э/p3_r11_c12_Э.png
p3_r11_c13_Э,Э,3,11,13,cells_raw_100x100/p3_r11_c13_Э.png,cells_64x64/p3_r11_c13_Э.png,by_class/Э/p3_r11_c13_Э.png
p3_r11_c14_Э,Э,3,11,14,cells_raw_100x100/p3_r11_c14_Э.png,cells_64x64/p3_r11_c14_Э.png,by_class/Э/p3_r11_c14_Э.png
p3_r11_c15_Э,Э,3,11,15,cells_raw_100x100/p3_r11_c15_Э.png,cells_64x64/p3_r11_c15_Э.png,by_class/Э/p3_r11_c15_Э.png
p3_r11_c16_Э,Э,3,11,16,cells_raw_100x100/p3_r11_c16_Э.png,cells_64x64/p3_r11_c16_Э.png,by_class/Э/p3_r11_c16_Э.png
p3_r11_c17_Э,Э,3,11,17,cells_raw_100x100/p3_r11_c17_Э.png,cells_64x64/p3_r11_c17_Э.png,by_class/Э/p3_r11_c17_Э.png
p3_r12_c01_Э,Э,3,12,1,cells_raw_100x100/p3_r12_c01_Э.png,cells_64x64/p3_r12_c01_Э.png,by_class/Э/p3_r12_c01_Э.png
p3_r12_c02_Э,Э,3,12,2,cells_raw_100x100/p3_r12_c02_Э.png,cells_64x64/p3_r12_c02_Э.png,by_class/Э/p3_r12_c02_Э.png
p3_r12_c03_Э,Э,3,12,3,cells_raw_100x100/p3_r12_c03_Э.png,cells_64x64/p3_r12_c03_Э.png,by_class/Э/p3_r12_c03_Э.png
p3_r12_c04_Э,Э,3,12,4,cells_raw_100x100/p3_r12_c04_Э.png,cells_64x64/p3_r12_c04_Э.png,by_class/Э/p3_r12_c04_Э.png
p3_r12_c05_Э,Э,3,12,5,cells_raw_100x100/p3_r12_c05_Э.png,cells_64x64/p3_r12_c05_Э.png,by_class/Э/p3_r12_c05_Э.png
p3_r12_c06_Э,Э,3,12,6,cells_raw_100x100/p3_r12_c06_Э.png,cells_64x64/p3_r12_c06_Э.png,by_class/Э/p3_r12_c06_Э.png
p3_r12_c07_Э,Э,3,12,7,cells_raw_100x100/p3_r12_c07_Э.png,cells_64x64/p3_r12_c07_Э.png,by_class/Э/p3_r12_c07_Э.png
p3_r12_c08_Э,Э,3,12,8,cells_raw_100x100/p3_r12_c08_Э.png,cells_64x64/p3_r12_c08_Э.png,by_class/Э/p3_r12_c08_Э.png
p3_r12_c09_Э,Э,3,12,9,cells_raw_100x100/p3_r12_c09_Э.png,cells_64x64/p3_r12_c09_Э.png,by_class/Э/p3_r12_c09_Э.png
p3_r12_c10_Э,Э,3,12,10,cells_raw_100x100/p3_r12_c10_Э.png,cells_64x64/p3_r12_c10_Э.png,by_class/Э/p3_r12_c10_Э.png
p3_r12_c11_Э,Э,3,12,11,cells_raw_100x100/p3_r12_c11_Э.png,cells_64x64/p3_r12_c11_Э.png,by_class/Э/p3_r12_c11_Э.png
p3_r12_c12_Э,Э,3,12,12,cells_raw_100x100/p3_r12_c12_Э.png,cells_64x64/p3_r12_c12_Э.png,by_class/Э/p3_r12_c12_Э.png
p3_r12_c13_Э,Э,3,12,13,cells_raw_100x100/p3_r12_c13_Э.png,cells_64x64/p3_r12_c13_Э.png,by_class/Э/p3_r12_c13_Э.png
p3_r12_c14_Э,Э,3,12,14,cells_raw_100x100/p3_r12_c14_Э.png,cells_64x64/p3_r12_c14_Э.png,by_class/Э/p3_r12_c14_Э.png
p3_r12_c15_Э,Э,3,12,15,cells_raw_100x100/p3_r12_c15_Э.png,cells_64x64/p3_r12_c15_Э.png,by_class/Э/p3_r12_c15_Э.png
p3_r12_c16_Э,Э,3,12,16,cells_raw_100x100/p3_r12_c16_Э.png,cells_64x64/p3_r12_c16_Э.png,by_class/Э/p3_r12_c16_Э.png
p3_r12_c17_Э,Э,3,12,17,cells_raw_100x100/p3_r12_c17_Э.png,cells_64x64/p3_r12_c17_Э.png,by_class/Э/p3_r12_c17_Э.png
p3_r13_c01_Э,Э,3,13,1,cells_raw_100x100/p3_r13_c01_Э.png,cells_64x64/p3_r13_c01_Э.png,by_class/Э/p3_r13_c01_Э.png
p3_r13_c02_Э,Э,3,13,2,cells_raw_100x100/p3_r13_c02_Э.png,cells_64x64/p3_r13_c02_Э.png,by_class/Э/p3_r13_c02_Э.png
p3_r13_c03_Э,Э,3,13,3,cells_raw_100x100/p3_r13_c03_Э.png,cells_64x64/p3_r13_c03_Э.png,by_class/Э/p3_r13_c03_Э.png
p3_r13_c04_Э,Э,3,13,4,cells_raw_100x100/p3_r13_c04_Э.png,cells_64x64/p3_r13_c04_Э.png,by_class/Э/p3_r13_c04_Э.png
p3_r13_c05_Э,Э,3,13,5,cells_raw_100x100/p3_r13_c05_Э.png,cells_64x64/p3_r13_c05_Э.png,by_class/Э/p3_r13_c05_Э.png
p3_r13_c06_Э,Э,3,13,6,cells_raw_100x100/p3_r13_c06_Э.png,cells_64x64/p3_r13_c06_Э.png,by_class/Э/p3_r13_c06_Э.png
p3_r13_c07_Э,Э,3,13,7,cells_raw_100x100/p3_r13_c07_Э.png,cells_64x64/p3_r13_c07_Э.png,by_class/Э/p3_r13_c07_Э.png
p3_r13_c08_Э,Э,3,13,8,cells_raw_100x100/p3_r13_c08_Э.png,cells_64x64/p3_r13_c08_Э.png,by_class/Э/p3_r13_c08_Э.png
p3_r13_c09_Э,Э,3,13,9,cells_raw_100x100/p3_r13_c09_Э.png,cells_64x64/p3_r13_c09_Э.png,by_class/Э/p3_r13_c09_Э.png
p3_r13_c10_Э,Э,3,13,10,cells_raw_100x100/p3_r13_c10_Э.png,cells_64x64/p3_r13_c10_Э.png,by_class/Э/p3_r13_c10_Э.png
p3_r13_c11_Э,Э,3,13,11,cells_raw_100x100/p3_r13_c11_Э.png,cells_64x64/p3_r13_c11_Э.png,by_class/Э/p3_r13_c11_Э.png
p3_r13_c12_Э,Э,3,13,12,cells_raw_100x100/p3_r13_c12_Э.png,cells_64x64/p3_r13_c12_Э.png,by_class/Э/p3_r13_c12_Э.png
p3_r13_c13_Э,Э,3,13,13,cells_raw_100x100/p3_r13_c13_Э.png,cells_64x64/p3_r13_c13_Э.png,by_class/Э/p3_r13_c13_Э.png
p3_r13_c14_Э,Э,3,13,14,cells_raw_100x100/p3_r13_c14_Э.png,cells_64x64/p3_r13_c14_Э.png,by_class/Э/p3_r13_c14_Э.png
p3_r13_c15_Э,Э,3,13,15,cells_raw_100x100/p3_r13_c15_Э.png,cells_64x64/p3_r13_c15_Э.png,by_class/Э/p3_r13_c15_Э.png
p3_r13_c16_Э,Э,3,13,16,cells_raw_100x100/p3_r13_c16_Э.png,cells_64x64/p3_r13_c16_Э.png,by_class/Э/p3_r13_c16_Э.png
p3_r13_c17_Э,Э,3,13,17,cells_raw_100x100/p3_r13_c17_Э.png,cells_64x64/p3_r13_c17_Э.png,by_class/Э/p3_r13_c17_Э.png
p3_r14_c01_Э,Э,3,14,1,cells_raw_100x100/p3_r14_c01_Э.png,cells_64x64/p3_r14_c01_Э.png,by_class/Э/p3_r14_c01_Э.png
p3_r14_c02_Э,Э,3,14,2,cells_raw_100x100/p3_r14_c02_Э.png,cells_64x64/p3_r14_c02_Э.png,by_class/Э/p3_r14_c02_Э.png
p3_r14_c03_Э,Э,3,14,3,cells_raw_100x100/p3_r14_c03_Э.png,cells_64x64/p3_r14_c03_Э.png,by_class/Э/p3_r14_c03_Э.png
p3_r14_c04_Э,Э,3,14,4,cells_raw_100x100/p3_r14_c04_Э.png,cells_64x64/p3_r14_c04_Э.png,by_class/Э/p3_r14_c04_Э.png
p3_r14_c05_Э,Э,3,14,5,cells_raw_100x100/p3_r14_c05_Э.png,cells_64x64/p3_r14_c05_Э.png,by_class/Э/p3_r14_c05_Э.png
p3_r14_c06_Э,Э,3,14,6,cells_raw_100x100/p3_r14_c06_Э.png,cells_64x64/p3_r14_c06_Э.png,by_class/Э/p3_r14_c06_Э.png
p3_r14_c07_Э,Э,3,14,7,cells_raw_100x100/p3_r14_c07_Э.png,cells_64x64/p3_r14_c07_Э.png,by_class/Э/p3_r14_c07_Э.png
p3_r14_c08_Э,Э,3,14,8,cells_raw_100x100/p3_r14_c08_Э.png,cells_64x64/p3_r14_c08_Э.png,by_class/Э/p3_r14_c08_Э.png
p3_r14_c09_Э,Э,3,14,9,cells_raw_100x100/p3_r14_c09_Э.png,cells_64x64/p3_r14_c09_Э.png,by_class/Э/p3_r14_c09_Э.png
p3_r14_c10_Э,Э,3,14,10,cells_raw_100x100/p3_r14_c10_Э.png,cells_64x64/p3_r14_c10_Э.png,by_class/Э/p3_r14_c10_Э.png
p3_r14_c11_Э,Э,3,14,11,cells_raw_100x100/p3_r14_c11_Э.png,cells_64x64/p3_r14_c11_Э.png,by_class/Э/p3_r14_c11_Э.png
p3_r14_c12_Э,Э,3,14,12,cells_raw_100x100/p3_r14_c12_Э.png,cells_64x64/p3_r14_c12_Э.png,by_class/Э/p3_r14_c12_Э.png
p3_r14_c13_Э,Э,3,14,13,cells_raw_100x100/p3_r14_c13_Э.png,cells_64x64/p3_r14_c13_Э.png,by_class/Э/p3_r14_c13_Э.png
p3_r14_c14_Э,Э,3,14,14,cells_raw_100x100/p3_r14_c14_Э.png,cells_64x64/p3_r14_c14_Э.png,by_class/Э/p3_r14_c14_Э.png
p3_r14_c15_Э,Э,3,14,15,cells_raw_100x100/p3_r14_c15_Э.png,cells_64x64/p3_r14_c15_Э.png,by_class/Э/p3_r14_c15_Э.png
p3_r14_c16_Э,Э,3,14,16,cells_raw_100x100/p3_r14_c16_Э.png,cells_64x64/p3_r14_c16_Э.png,by_class/Э/p3_r14_c16_Э.png
p3_r14_c17_Э,Э,3,14,17,cells_raw_100x100/p3_r14_c17_Э.png,cells_64x64/p3_r14_c17_Э.png,by_class/Э/p3_r14_c17_Э.png
p3_r15_c01_А,А,3,15,1,cells_raw_100x100/p3_r15_c01_А.png,cells_64x64/p3_r15_c01_А.png,by_class/А/p3_r15_c01_А.png
p3_r15_c02_А,А,3,15,2,cells_raw_100x100/p3_r15_c02_А.png,cells_64x64/p3_r15_c02_А.png,by_class/А/p3_r15_c02_А.png
p3_r15_c03_А,А,3,15,3,cells_raw_100x100/p3_r15_c03_А.png,cells_64x64/p3_r15_c03_А.png,by_class/А/p3_r15_c03_А.png
p3_r15_c04_А,А,3,15,4,cells_raw_100x100/p3_r15_c04_А.png,cells_64x64/p3_r15_c04_А.png,by_class/А/p3_r15_c04_А.png
p3_r15_c05_А,А,3,15,5,cells_raw_100x100/p3_r15_c05_А.png,cells_64x64/p3_r15_c05_А.png,by_class/А/p3_r15_c05_А.png
p3_r15_c06_А,А,3,15,6,cells_raw_100x100/p3_r15_c06_А.png,cells_64x64/p3_r15_c06_А.png,by_class/А/p3_r15_c06_А.png
p3_r15_c07_А,А,3,15,7,cells_raw_100x100/p3_r15_c07_А.png,cells_64x64/p3_r15_c07_А.png,by_class/А/p3_r15_c07_А.png
p3_r15_c08_А,А,3,15,8,cells_raw_100x100/p3_r15_c08_А.png,cells_64x64/p3_r15_c08_А.png,by_class/А/p3_r15_c08_А.png
p3_r15_c09_А,А,3,15,9,cells_raw_100x100/p3_r15_c09_А.png,cells_64x64/p3_r15_c09_А.png,by_class/А/p3_r15_c09_А.png
p3_r15_c10_А,А,3,15,10,cells_raw_100x100/p3_r15_c10_А.png,cells_64x64/p3_r15_c10_А.png,by_class/А/p3_r15_c10_А.png
p3_r15_c11_А,А,3,15,11,cells_raw_100x100/p3_r15_c11_А.png,cells_64x64/p3_r15_c11_А.png,by_class/А/p3_r15_c11_А.png
p3_r15_c12_А,А,3,15,12,cells_raw_100x100/p3_r15_c12_А.png,cells_64x64/p3_r15_c12_А.png,by_class/А/p3_r15_c12_А.png
p3_r15_c13_А,А,3,15,13,cells_raw_100x100/p3_r15_c13_А.png,cells_64x64/p3_r15_c13_А.png,by_class/А/p3_r15_c13_А.png
p3_r15_c14_А,А,3,15,14,cells_raw_100x100/p3_r15_c14_А.png,cells_64x64/p3_r15_c14_А.png,by_class/А/p3_r15_c14_А.png
p3_r15_c15_А,А,3,15,15,cells_raw_100x100/p3_r15_c15_А.png,cells_64x64/p3_r15_c15_А.png,by_class/А/p3_r15_c15_А.png
p3_r15_c16_А,А,3,15,16,cells_raw_100x100/p3_r15_c16_А.png,cells_64x64/p3_r15_c16_А.png,by_class/А/p3_r15_c16_А.png
p3_r15_c17_А,А,3,15,17,cells_raw_100x100/p3_r15_c17_А.png,cells_64x64/p3_r15_c17_А.png,by_class/А/p3_r15_c17_А.png
p3_r16_c01_А,А,3,16,1,cells_raw_100x100/p3_r16_c01_А.png,cells_64x64/p3_r16_c01_А.png,by_class/А/p3_r16_c01_А.png
p3_r16_c02_А,А,3,16,2,cells_raw_100x100/p3_r16_c02_А.png,cells_64x64/p3_r16_c02_А.png,by_class/А/p3_r16_c02_А.png
p3_r16_c03_А,А,3,16,3,cells_raw_100x100/p3_r16_c03_А.png,cells_64x64/p3_r16_c03_А.png,by_class/А/p3_r16_c03_А.png
p3_r16_c04_А,А,3,16,4,cells_raw_100x100/p3_r16_c04_А.png,cells_64x64/p3_r16_c04_А.png,by_class/А/p3_r16_c04_А.png
p3_r16_c05_А,А,3,16,5,cells_raw_100x100/p3_r16_c05_А.png,cells_64x64/p3_r16_c05_А.png,by_class/А/p3_r16_c05_А.png
p3_r16_c06_А,А,3,16,6,cells_raw_100x100/p3_r16_c06_А.png,cells_64x64/p3_r16_c06_А.png,by_class/А/p3_r16_c06_А.png
p3_r16_c07_А,А,3,16,7,cells_raw_100x100/p3_r16_c07_А.png,cells_64x64/p3_r16_c07_А.png,by_class/А/p3_r16_c07_А.png
p3_r16_c08_А,А,3,16,8,cells_raw_100x100/p3_r16_c08_А.png,cells_64x64/p3_r16_c08_А.png,by_class/А/p3_r16_c08_А.png
p3_r16_c09_А,А,3,16,9,cells_raw_100x100/p3_r16_c09_А.png,cells_64x64/p3_r16_c09_А.png,by_class/А/p3_r16_c09_А.png
p3_r16_c10_А,А,3,16,10,cells_raw_100x100/p3_r16_c10_А.png,cells_64x64/p3_r16_c10_А.png,by_class/А/p3_r16_c10_А.png
p3_r16_c11_А,А,3,16,11,cells_raw_100x100/p3_r16_c11_А.png,cells_64x64/p3_r16_c11_А.png,by_class/А/p3_r16_c11_А.png
p3_r16_c12_А,А,3,16,12,cells_raw_100x100/p3_r16_c12_А.png,cells_64x64/p3_r16_c12_А.png,by_class/А/p3_r16_c12_А.png
p3_r16_c13_А,А,3,16,13,cells_raw_100x100/p3_r16_c13_А.png,cells_64x64/p3_r16_c13_А.png,by_class/А/p3_r16_c13_А.png
p3_r16_c14_А,А,3,16,14,cells_raw_100x100/p3_r16_c14_А.png,cells_64x64/p3_r16_c14_А.png,by_class/А/p3_r16_c14_А.png
p3_r16_c15_А,А,3,16,15,cells_raw_100x100/p3_r16_c15_А.png,cells_64x64/p3_r16_c15_А.png,by_class/А/p3_r16_c15_А.png
p3_r16_c16_А,А,3,16,16,cells_raw_100x100/p3_r16_c16_А.png,cells_64x64/p3_r16_c16_А.png,by_class/А/p3_r16_c16_А.png
p3_r16_c17_А,А,3,16,17,cells_raw_100x100/p3_r16_c17_А.png,cells_64x64/p3_r16_c17_А.png,by_class/А/p3_r16_c17_А.png
p3_r17_c01_В,В,3,17,1,cells_raw_100x100/p3_r17_c01_В.png,cells_64x64/p3_r17_c01_В.png,by_class/В/p3_r17_c01_В.png
p3_r17_c02_В,В,3,17,2,cells_raw_100x100/p3_r17_c02_В.png,cells_64x64/p3_r17_c02_В.png,by_class/В/p3_r17_c02_В.png
p3_r17_c03_В,В,3,17,3,cells_raw_100x100/p3_r17_c03_В.png,cells_64x64/p3_r17_c03_В.png,by_class/В/p3_r17_c03_В.png
p3_r17_c04_В,В,3,17,4,cells_raw_100x100/p3_r17_c04_В.png,cells_64x64/p3_r17_c04_В.png,by_class/В/p3_r17_c04_В.png
p3_r17_c05_В,В,3,17,5,cells_raw_100x100/p3_r17_c05_В.png,cells_64x64/p3_r17_c05_В.png,by_class/В/p3_r17_c05_В.png
p3_r17_c06_В,В,3,17,6,cells_raw_100x100/p3_r17_c06_В.png,cells_64x64/p3_r17_c06_В.png,by_class/В/p3_r17_c06_В.png
p3_r17_c07_В,В,3,17,7,cells_raw_100x100/p3_r17_c07_В.png,cells_64x64/p3_r17_c07_В.png,by_class/В/p3_r17_c07_В.png
p3_r17_c08_В,В,3,17,8,cells_raw_100x100/p3_r17_c08_В.png,cells_64x64/p3_r17_c08_В.png,by_class/В/p3_r17_c08_В.png
p3_r17_c09_В,В,3,17,9,cells_raw_100x100/p3_r17_c09_В.png,cells_64x64/p3_r17_c09_В.png,by_class/В/p3_r17_c09_В.png
p3_r17_c10_В,В,3,17,10,cells_raw_100x100/p3_r17_c10_В.png,cells_64x64/p3_r17_c10_В.png,by_class/В/p3_r17_c10_В.png
p3_r17_c11_В,В,3,17,11,cells_raw_100x100/p3_r17_c11_В.png,cells_64x64/p3_r17_c11_В.png,by_class/В/p3_r17_c11_В.png
p3_r17_c12_В,В,3,17,12,cells_raw_100x100/p3_r17_c12_В.png,cells_64x64/p3_r17_c12_В.png,by_class/В/p3_r17_c12_В.png
p3_r17_c13_В,В,3,17,13,cells_raw_100x100/p3_r17_c13_В.png,cells_64x64/p3_r17_c13_В.png,by_class/В/p3_r17_c13_В.png
p3_r17_c14_В,В,3,17,14,cells_raw_100x100/p3_r17_c14_В.png,cells_64x64/p3_r17_c14_В.png,by_class/В/p3_r17_c14_В.png
p3_r17_c15_В,В,3,17,15,cells_raw_100x100/p3_r17_c15_В.png,cells_64x64/p3_r17_c15_В.png,by_class/В/p3_r17_c15_В.png
p3_r17_c16_В,В,3,17,16,cells_raw_100x100/p3_r17_c16_В.png,cells_64x64/p3_r17_c16_В.png,by_class/В/p3_r17_c16_В.png
p3_r17_c17_В,В,3,17,17,cells_raw_100x100/p3_r17_c17_В.png,cells_64x64/p3_r17_c17_В.png,by_class/В/p3_r17_c17_В.png
p3_r18_c01_В,В,3,18,1,cells_raw_100x100/p3_r18_c01_В.png,cells_64x64/p3_r18_c01_В.png,by_class/В/p3_r18_c01_В.png
p3_r18_c02_В,В,3,18,2,cells_raw_100x100/p3_r18_c02_В.png,cells_64x64/p3_r18_c02_В.png,by_class/В/p3_r18_c02_В.png
p3_r18_c03_В,В,3,18,3,cells_raw_100x100/p3_r18_c03_В.png,cells_64x64/p3_r18_c03_В.png,by_class/В/p3_r18_c03_В.png
p3_r18_c04_В,В,3,18,4,cells_raw_100x100/p3_r18_c04_В.png,cells_64x64/p3_r18_c04_В.png,by_class/В/p3_r18_c04_В.png
p3_r18_c05_В,В,3,18,5,cells_raw_100x100/p3_r18_c05_В.png,cells_64x64/p3_r18_c05_В.png,by_class/В/p3_r18_c05_В.png
p3_r18_c06_В,В,3,18,6,cells_raw_100x100/p3_r18_c06_В.png,cells_64x64/p3_r18_c06_В.png,by_class/В/p3_r18_c06_В.png
p3_r18_c07_В,В,3,18,7,cells_raw_100x100/p3_r18_c07_В.png,cells_64x64/p3_r18_c07_В.png,by_class/В/p3_r18_c07_В.png
p3_r18_c08_В,В,3,18,8,cells_raw_100x100/p3_r18_c08_В.png,cells_64x64/p3_r18_c08_В.png,by_class/В/p3_r18_c08_В.png
p3_r18_c09_В,В,3,18,9,cells_raw_100x100/p3_r18_c09_В.png,cells_64x64/p3_r18_c09_В.png,by_class/В/p3_r18_c09_В.png
p3_r18_c10_В,В,3,18,10,cells_raw_100x100/p3_r18_c10_В.png,cells_64x64/p3_r18_c10_В.png,by_class/В/p3_r18_c10_В.png
p3_r18_c11_В,В,3,18,11,cells_raw_100x100/p3_r18_c11_В.png,cells_64x64/p3_r18_c11_В.png,by_class/В/p3_r18_c11_В.png
p3_r18_c12_В,В,3,18,12,cells_raw_100x100/p3_r18_c12_В.png,cells_64x64/p3_r18_c12_В.png,by_class/В/p3_r18_c12_В.png
p3_r18_c13_В,В,3,18,13,cells_raw_100x100/p3_r18_c13_В.png,cells_64x64/p3_r18_c13_В.png,by_class/В/p3_r18_c13_В.png
p3_r18_c14_В,В,3,18,14,cells_raw_100x100/p3_r18_c14_В.png,cells_64x64/p3_r18_c14_В.png,by_class/В/p3_r18_c14_В.png
p3_r18_c15_В,В,3,18,15,cells_raw_100x100/p3_r18_c15_В.png,cells_64x64/p3_r18_c15_В.png,by_class/В/p3_r18_c15_В.png
p3_r18_c16_В,В,3,18,16,cells_raw_100x100/p3_r18_c16_В.png,cells_64x64/p3_r18_c16_В.png,by_class/В/p3_r18_c16_В.png
p3_r18_c17_В,В,3,18,17,cells_raw_100x100/p3_r18_c17_В.png,cells_64x64/p3_r18_c17_В.png,by_class/В/p3_r18_c17_В.png
p3_r19_c01_Г,Г,3,19,1,cells_raw_100x100/p3_r19_c01_Г.png,cells_64x64/p3_r19_c01_Г.png,by_class/Г/p3_r19_c01_Г.png
p3_r19_c02_Г,Г,3,19,2,cells_raw_100x100/p3_r19_c02_Г.png,cells_64x64/p3_r19_c02_Г.png,by_class/Г/p3_r19_c02_Г.png
p3_r19_c03_Г,Г,3,19,3,cells_raw_100x100/p3_r19_c03_Г.png,cells_64x64/p3_r19_c03_Г.png,by_class/Г/p3_r19_c03_Г.png
p3_r19_c04_Г,Г,3,19,4,cells_raw_100x100/p3_r19_c04_Г.png,cells_64x64/p3_r19_c04_Г.png,by_class/Г/p3_r19_c04_Г.png
p3_r19_c05_Г,Г,3,19,5,cells_raw_100x100/p3_r19_c05_Г.png,cells_64x64/p3_r19_c05_Г.png,by_class/Г/p3_r19_c05_Г.png
p3_r19_c06_Г,Г,3,19,6,cells_raw_100x100/p3_r19_c06_Г.png,cells_64x64/p3_r19_c06_Г.png,by_class/Г/p3_r19_c06_Г.png
p3_r19_c07_Г,Г,3,19,7,cells_raw_100x100/p3_r19_c07_Г.png,cells_64x64/p3_r19_c07_Г.png,by_class/Г/p3_r19_c07_Г.png
p3_r19_c08_Г,Г,3,19,8,cells_raw_100x100/p3_r19_c08_Г.png,cells_64x64/p3_r19_c08_Г.png,by_class/Г/p3_r19_c08_Г.png
p3_r19_c09_Г,Г,3,19,9,cells_raw_100x100/p3_r19_c09_Г.png,cells_64x64/p3_r19_c09_Г.png,by_class/Г/p3_r19_c09_Г.png
p3_r19_c10_Г,Г,3,19,10,cells_raw_100x100/p3_r19_c10_Г.png,cells_64x64/p3_r19_c10_Г.png,by_class/Г/p3_r19_c10_Г.png
p3_r19_c11_Г,Г,3,19,11,cells_raw_100x100/p3_r19_c11_Г.png,cells_64x64/p3_r19_c11_Г.png,by_class/Г/p3_r19_c11_Г.png
p3_r19_c12_Г,Г,3,19,12,cells_raw_100x100/p3_r19_c12_Г.png,cells_64x64/p3_r19_c12_Г.png,by_class/Г/p3_r19_c12_Г.png
p3_r19_c13_Г,Г,3,19,13,cells_raw_100x100/p3_r19_c13_Г.png,cells_64x64/p3_r19_c13_Г.png,by_class/Г/p3_r19_c13_Г.png
p3_r19_c14_Г,Г,3,19,14,cells_raw_100x100/p3_r19_c14_Г.png,cells_64x64/p3_r19_c14_Г.png,by_class/Г/p3_r19_c14_Г.png
p3_r19_c15_Г,Г,3,19,15,cells_raw_100x100/p3_r19_c15_Г.png,cells_64x64/p3_r19_c15_Г.png,by_class/Г/p3_r19_c15_Г.png
p3_r19_c16_Г,Г,3,19,16,cells_raw_100x100/p3_r19_c16_Г.png,cells_64x64/p3_r19_c16_Г.png,by_class/Г/p3_r19_c16_Г.png
p3_r19_c17_Г,Г,3,19,17,cells_raw_100x100/p3_r19_c17_Г.png,cells_64x64/p3_r19_c17_Г.png,by_class/Г/p3_r19_c17_Г.png
p3_r20_c01_Г,Г,3,20,1,cells_raw_100x100/p3_r20_c01_Г.png,cells_64x64/p3_r20_c01_Г.png,by_class/Г/p3_r20_c01_Г.png
p3_r20_c02_Г,Г,3,20,2,cells_raw_100x100/p3_r20_c02_Г.png,cells_64x64/p3_r20_c02_Г.png,by_class/Г/p3_r20_c02_Г.png
p3_r20_c03_Г,Г,3,20,3,cells_raw_100x100/p3_r20_c03_Г.png,cells_64x64/p3_r20_c03_Г.png,by_class/Г/p3_r20_c03_Г.png
p3_r20_c04_Г,Г,3,20,4,cells_raw_100x100/p3_r20_c04_Г.png,cells_64x64/p3_r20_c04_Г.png,by_class/Г/p3_r20_c04_Г.png
p3_r20_c05_Г,Г,3,20,5,cells_raw_100x100/p3_r20_c05_Г.png,cells_64x64/p3_r20_c05_Г.png,by_class/Г/p3_r20_c05_Г.png
p3_r20_c06_Г,Г,3,20,6,cells_raw_100x100/p3_r20_c06_Г.png,cells_64x64/p3_r20_c06_Г.png,by_class/Г/p3_r20_c06_Г.png
p3_r20_c07_Г,Г,3,20,7,cells_raw_100x100/p3_r20_c07_Г.png,cells_64x64/p3_r20_c07_Г.png,by_class/Г/p3_r20_c07_Г.png
p3_r20_c08_Г,Г,3,20,8,cells_raw_100x100/p3_r20_c08_Г.png,cells_64x64/p3_r20_c08_Г.png,by_class/Г/p3_r20_c08_Г.png
p3_r20_c09_Г,Г,3,20,9,cells_raw_100x100/p3_r20_c09_Г.png,cells_64x64/p3_r20_c09_Г.png,by_class/Г/p3_r20_c09_Г.png
p3_r20_c10_Г,Г,3,20,10,cells_raw_100x100/p3_r20_c10_Г.png,cells_64x64/p3_r20_c10_Г.png,by_class/Г/p3_r20_c10_Г.png
p3_r20_c11_Г,Г,3,20,11,cells_raw_100x100/p3_r20_c11_Г.png,cells_64x64/p3_r20_c11_Г.png,by_class/Г/p3_r20_c11_Г.png
p3_r20_c12_Г,Г,3,20,12,cells_raw_100x100/p3_r20_c12_Г.png,cells_64x64/p3_r20_c12_Г.png,by_class/Г/p3_r20_c12_Г.png
p3_r20_c13_Г,Г,3,20,13,cells_raw_100x100/p3_r20_c13_Г.png,cells_64x64/p3_r20_c13_Г.png,by_class/Г/p3_r20_c13_Г.png
p3_r20_c14_Г,Г,3,20,14,cells_raw_100x100/p3_r20_c14_Г.png,cells_64x64/p3_r20_c14_Г.png,by_class/Г/p3_r20_c14_Г.png
p3_r20_c15_Г,Г,3,20,15,cells_raw_100x100/p3_r20_c15_Г.png,cells_64x64/p3_r20_c15_Г.png,by_class/Г/p3_r20_c15_Г.png
p3_r20_c16_Г,Г,3,20,16,cells_raw_100x100/p3_r20_c16_Г.png,cells_64x64/p3_r20_c16_Г.png,by_class/Г/p3_r20_c16_Г.png
p3_r20_c17_Г,Г,3,20,17,cells_raw_100x100/p3_r20_c17_Г.png,cells_64x64/p3_r20_c17_Г.png,by_class/Г/p3_r20_c17_Г.png
p3_r21_c01_Е,Е,3,21,1,cells_raw_100x100/p3_r21_c01_Е.png,cells_64x64/p3_r21_c01_Е.png,by_class/Е/p3_r21_c01_Е.png
p3_r21_c02_Е,Е,3,21,2,cells_raw_100x100/p3_r21_c02_Е.png,cells_64x64/p3_r21_c02_Е.png,by_class/Е/p3_r21_c02_Е.png
p3_r21_c03_Е,Е,3,21,3,cells_raw_100x100/p3_r21_c03_Е.png,cells_64x64/p3_r21_c03_Е.png,by_class/Е/p3_r21_c03_Е.png
p3_r21_c04_Е,Е,3,21,4,cells_raw_100x100/p3_r21_c04_Е.png,cells_64x64/p3_r21_c04_Е.png,by_class/Е/p3_r21_c04_Е.png
p3_r21_c05_Е,Е,3,21,5,cells_raw_100x100/p3_r21_c05_Е.png,cells_64x64/p3_r21_c05_Е.png,by_class/Е/p3_r21_c05_Е.png
p3_r21_c06_Е,Е,3,21,6,cells_raw_100x100/p3_r21_c06_Е.png,cells_64x64/p3_r21_c06_Е.png,by_class/Е/p3_r21_c06_Е.png
p3_r21_c07_Е,Е,3,21,7,cells_raw_100x100/p3_r21_c07_Е.png,cells_64x64/p3_r21_c07_Е.png,by_class/Е/p3_r21_c07_Е.png
p3_r21_c08_Е,Е,3,21,8,cells_raw_100x100/p3_r21_c08_Е.png,cells_64x64/p3_r21_c08_Е.png,by_class/Е/p3_r21_c08_Е.png
p3_r21_c09_Е,Е,3,21,9,cells_raw_100x100/p3_r21_c09_Е.png,cells_64x64/p3_r21_c09_Е.png,by_class/Е/p3_r21_c09_Е.png
p3_r21_c10_Е,Е,3,21,10,cells_raw_100x100/p3_r21_c10_Е.png,cells_64x64/p3_r21_c10_Е.png,by_class/Е/p3_r21_c10_Е.png
p3_r21_c11_Е,Е,3,21,11,cells_raw_100x100/p3_r21_c11_Е.png,cells_64x64/p3_r21_c11_Е.png,by_class/Е/p3_r21_c11_Е.png
p3_r21_c12_Е,Е,3,21,12,cells_raw_100x100/p3_r21_c12_Е.png,cells_64x64/p3_r21_c12_Е.png,by_class/Е/p3_r21_c12_Е.png
p3_r21_c13_Е,Е,3,21,13,cells_raw_100x100/p3_r21_c13_Е.png,cells_64x64/p3_r21_c13_Е.png,by_class/Е/p3_r21_c13_Е.png
p3_r21_c14_Е,Е,3,21,14,cells_raw_100x100/p3_r21_c14_Е.png,cells_64x64/p3_r21_c14_Е.png,by_class/Е/p3_r21_c14_Е.png
p3_r21_c15_Е,Е,3,21,15,cells_raw_100x100/p3_r21_c15_Е.png,cells_64x64/p3_r21_c15_Е.png,by_class/Е/p3_r21_c15_Е.png
p3_r21_c16_Е,Е,3,21,16,cells_raw_100x100/p3_r21_c16_Е.png,cells_64x64/p3_r21_c16_Е.png,by_class/Е/p3_r21_c16_Е.png
p3_r21_c17_Е,Е,3,21,17,cells_raw_100x100/p3_r21_c17_Е.png,cells_64x64/p3_r21_c17_Е.png,by_class/Е/p3_r21_c17_Е.png
p3_r22_c01_Е,Е,3,22,1,cells_raw_100x100/p3_r22_c01_Е.png,cells_64x64/p3_r22_c01_Е.png,by_class/Е/p3_r22_c01_Е.png
p3_r22_c02_Е,Е,3,22,2,cells_raw_100x100/p3_r22_c02_Е.png,cells_64x64/p3_r22_c02_Е.png,by_class/Е/p3_r22_c02_Е.png
p3_r22_c03_Е,Е,3,22,3,cells_raw_100x100/p3_r22_c03_Е.png,cells_64x64/p3_r22_c03_Е.png,by_class/Е/p3_r22_c03_Е.png
p3_r22_c04_Е,Е,3,22,4,cells_raw_100x100/p3_r22_c04_Е.png,cells_64x64/p3_r22_c04_Е.png,by_class/Е/p3_r22_c04_Е.png
p3_r22_c05_Е,Е,3,22,5,cells_raw_100x100/p3_r22_c05_Е.png,cells_64x64/p3_r22_c05_Е.png,by_class/Е/p3_r22_c05_Е.png
p3_r22_c06_Е,Е,3,22,6,cells_raw_100x100/p3_r22_c06_Е.png,cells_64x64/p3_r22_c06_Е.png,by_class/Е/p3_r22_c06_Е.png
p3_r22_c07_Е,Е,3,22,7,cells_raw_100x100/p3_r22_c07_Е.png,cells_64x64/p3_r22_c07_Е.png,by_class/Е/p3_r22_c07_Е.png
p3_r22_c08_Е,Е,3,22,8,cells_raw_100x100/p3_r22_c08_Е.png,cells_64x64/p3_r22_c08_Е.png,by_class/Е/p3_r22_c08_Е.png
p3_r22_c09_Е,Е,3,22,9,cells_raw_100x100/p3_r22_c09_Е.png,cells_64x64/p3_r22_c09_Е.png,by_class/Е/p3_r22_c09_Е.png
p3_r22_c10_Е,Е,3,22,10,cells_raw_100x100/p3_r22_c10_Е.png,cells_64x64/p3_r22_c10_Е.png,by_class/Е/p3_r22_c10_Е.png
p3_r22_c11_Е,Е,3,22,11,cells_raw_100x100/p3_r22_c11_Е.png,cells_64x64/p3_r22_c11_Е.png,by_class/Е/p3_r22_c11_Е.png
p3_r22_c12_Е,Е,3,22,12,cells_raw_100x100/p3_r22_c12_Е.png,cells_64x64/p3_r22_c12_Е.png,by_class/Е/p3_r22_c12_Е.png
p3_r22_c13_Е,Е,3,22,13,cells_raw_100x100/p3_r22_c13_Е.png,cells_64x64/p3_r22_c13_Е.png,by_class/Е/p3_r22_c13_Е.png
p3_r22_c14_Е,Е,3,22,14,cells_raw_100x100/p3_r22_c14_Е.png,cells_64x64/p3_r22_c14_Е.png,by_class/Е/p3_r22_c14_Е.png
p3_r22_c15_Е,Е,3,22,15,cells_raw_100x100/p3_r22_c15_Е.png,cells_64x64/p3_r22_c15_Е.png,by_class/Е/p3_r22_c15_Е.png
p3_r22_c16_Е,Е,3,22,16,cells_raw_100x100/p3_r22_c16_Е.png,cells_64x64/p3_r22_c16_Е.png,by_class/Е/p3_r22_c16_Е.png
p3_r22_c17_Е,Е,3,22,17,cells_raw_100x100/p3_r22_c17_Е.png,cells_64x64/p3_r22_c17_Е.png,by_class/Е/p3_r22_c17_Е.png
p3_r23_c01_Ё,Ё,3,23,1,cells_raw_100x100/p3_r23_c01_Ё.png,cells_64x64/p3_r23_c01_Ё.png,by_class/Ё/p3_r23_c01_Ё.png
p3_r23_c02_Ё,Ё,3,23,2,cells_raw_100x100/p3_r23_c02_Ё.png,cells_64x64/p3_r23_c02_Ё.png,by_class/Ё/p3_r23_c02_Ё.png
p3_r23_c03_Ё,Ё,3,23,3,cells_raw_100x100/p3_r23_c03_Ё.png,cells_64x64/p3_r23_c03_Ё.png,by_class/Ё/p3_r23_c03_Ё.png
p3_r23_c04_Ё,Ё,3,23,4,cells_raw_100x100/p3_r23_c04_Ё.png,cells_64x64/p3_r23_c04_Ё.png,by_class/Ё/p3_r23_c04_Ё.png
p3_r23_c05_Ё,Ё,3,23,5,cells_raw_100x100/p3_r23_c05_Ё.png,cells_64x64/p3_r23_c05_Ё.png,by_class/Ё/p3_r23_c05_Ё.png
p3_r23_c06_Ё,Ё,3,23,6,cells_raw_100x100/p3_r23_c06_Ё.png,cells_64x64/p3_r23_c06_Ё.png,by_class/Ё/p3_r23_c06_Ё.png
p3_r23_c07_Ё,Ё,3,23,7,cells_raw_100x100/p3_r23_c07_Ё.png,cells_64x64/p3_r23_c07_Ё.png,by_class/Ё/p3_r23_c07_Ё.png
p3_r23_c08_Ё,Ё,3,23,8,cells_raw_100x100/p3_r23_c08_Ё.png,cells_64x64/p3_r23_c08_Ё.png,by_class/Ё/p3_r23_c08_Ё.png
p3_r23_c09_Ё,Ё,3,23,9,cells_raw_100x100/p3_r23_c09_Ё.png,cells_64x64/p3_r23_c09_Ё.png,by_class/Ё/p3_r23_c09_Ё.png
p3_r23_c10_Ё,Ё,3,23,10,cells_raw_100x100/p3_r23_c10_Ё.png,cells_64x64/p3_r23_c10_Ё.png,by_class/Ё/p3_r23_c10_Ё.png
p3_r23_c11_Ё,Ё,3,23,11,cells_raw_100x100/p3_r23_c11_Ё.png,cells_64x64/p3_r23_c11_Ё.png,by_class/Ё/p3_r23_c11_Ё.png
p3_r23_c12_Ё,Ё,3,23,12,cells_raw_100x100/p3_r23_c12_Ё.png,cells_64x64/p3_r23_c12_Ё.png,by_class/Ё/p3_r23_c12_Ё.png
p3_r23_c13_Ё,Ё,3,23,13,cells_raw_100x100/p3_r23_c13_Ё.png,cells_64x64/p3_r23_c13_Ё.png,by_class/Ё/p3_r23_c13_Ё.png
p3_r23_c14_Ё,Ё,3,23,14,cells_raw_100x100/p3_r23_c14_Ё.png,cells_64x64/p3_r23_c14_Ё.png,by_class/Ё/p3_r23_c14_Ё.png
p3_r23_c15_Ё,Ё,3,23,15,cells_raw_100x100/p3_r23_c15_Ё.png,cells_64x64/p3_r23_c15_Ё.png,by_class/Ё/p3_r23_c15_Ё.png
p3_r23_c16_Ё,Ё,3,23,16,cells_raw_100x100/p3_r23_c16_Ё.png,cells_64x64/p3_r23_c16_Ё.png,by_class/Ё/p3_r23_c16_Ё.png
p3_r23_c17_Ё,Ё,3,23,17,cells_raw_100x100/p3_r23_c17_Ё.png,cells_64x64/p3_r23_c17_Ё.png,by_class/Ё/p3_r23_c17_Ё.png
p3_r24_c01_Ё,Ё,3,24,1,cells_raw_100x100/p3_r24_c01_Ё.png,cells_64x64/p3_r24_c01_Ё.png,by_class/Ё/p3_r24_c01_Ё.png
p3_r24_c02_Ё,Ё,3,24,2,cells_raw_100x100/p3_r24_c02_Ё.png,cells_64x64/p3_r24_c02_Ё.png,by_class/Ё/p3_r24_c02_Ё.png
p3_r24_c03_Ё,Ё,3,24,3,cells_raw_100x100/p3_r24_c03_Ё.png,cells_64x64/p3_r24_c03_Ё.png,by_class/Ё/p3_r24_c03_Ё.png
p3_r24_c04_Ё,Ё,3,24,4,cells_raw_100x100/p3_r24_c04_Ё.png,cells_64x64/p3_r24_c04_Ё.png,by_class/Ё/p3_r24_c04_Ё.png
p3_r24_c05_Ё,Ё,3,24,5,cells_raw_100x100/p3_r24_c05_Ё.png,cells_64x64/p3_r24_c05_Ё.png,by_class/Ё/p3_r24_c05_Ё.png
p3_r24_c06_Ё,Ё,3,24,6,cells_raw_100x100/p3_r24_c06_Ё.png,cells_64x64/p3_r24_c06_Ё.png,by_class/Ё/p3_r24_c06_Ё.png
p3_r24_c07_Ё,Ё,3,24,7,cells_raw_100x100/p3_r24_c07_Ё.png,cells_64x64/p3_r24_c07_Ё.png,by_class/Ё/p3_r24_c07_Ё.png
p3_r24_c08_Ё,Ё,3,24,8,cells_raw_100x100/p3_r24_c08_Ё.png,cells_64x64/p3_r24_c08_Ё.png,by_class/Ё/p3_r24_c08_Ё.png
p3_r24_c09_Ё,Ё,3,24,9,cells_raw_100x100/p3_r24_c09_Ё.png,cells_64x64/p3_r24_c09_Ё.png,by_class/Ё/p3_r24_c09_Ё.png
p3_r24_c10_Ё,Ё,3,24,10,cells_raw_100x100/p3_r24_c10_Ё.png,cells_64x64/p3_r24_c10_Ё.png,by_class/Ё/p3_r24_c10_Ё.png
p3_r24_c11_Ё,Ё,3,24,11,cells_raw_100x100/p3_r24_c11_Ё.png,cells_64x64/p3_r24_c11_Ё.png,by_class/Ё/p3_r24_c11_Ё.png
p3_r24_c12_Ё,Ё,3,24,12,cells_raw_100x100/p3_r24_c12_Ё.png,cells_64x64/p3_r24_c12_Ё.png,by_class/Ё/p3_r24_c12_Ё.png
p3_r24_c13_Ё,Ё,3,24,13,cells_raw_100x100/p3_r24_c13_Ё.png,cells_64x64/p3_r24_c13_Ё.png,by_class/Ё/p3_r24_c13_Ё.png
p3_r24_c14_Ё,Ё,3,24,14,cells_raw_100x100/p3_r24_c14_Ё.png,cells_64x64/p3_r24_c14_Ё.png,by_class/Ё/p3_r24_c14_Ё.png
p3_r24_c15_Ё,Ё,3,24,15,cells_raw_100x100/p3_r24_c15_Ё.png,cells_64x64/p3_r24_c15_Ё.png,by_class/Ё/p3_r24_c15_Ё.png
p3_r24_c16_Ё,Ё,3,24,16,cells_raw_100x100/p3_r24_c16_Ё.png,cells_64x64/p3_r24_c16_Ё.png,by_class/Ё/p3_r24_c16_Ё.png
p3_r24_c17_Ё,Ё,3,24,17,cells_raw_100x100/p3_r24_c17_Ё.png,cells_64x64/p3_r24_c17_Ё.png,by_class/Ё/p3_r24_c17_Ё.png
p4_r01_c01_Ж,Ж,4,1,1,cells_raw_100x100/p4_r01_c01_Ж.png,cells_64x64/p4_r01_c01_Ж.png,by_class/Ж/p4_r01_c01_Ж.png
p4_r01_c02_Ж,Ж,4,1,2,cells_raw_100x100/p4_r01_c02_Ж.png,cells_64x64/p4_r01_c02_Ж.png,by_class/Ж/p4_r01_c02_Ж.png
p4_r01_c03_Ж,Ж,4,1,3,cells_raw_100x100/p4_r01_c03_Ж.png,cells_64x64/p4_r01_c03_Ж.png,by_class/Ж/p4_r01_c03_Ж.png
p4_r01_c04_Ж,Ж,4,1,4,cells_raw_100x100/p4_r01_c04_Ж.png,cells_64x64/p4_r01_c04_Ж.png,by_class/Ж/p4_r01_c04_Ж.png
p4_r01_c05_Ж,Ж,4,1,5,cells_raw_100x100/p4_r01_c05_Ж.png,cells_64x64/p4_r01_c05_Ж.png,by_class/Ж/p4_r01_c05_Ж.png
p4_r01_c06_Ж,Ж,4,1,6,cells_raw_100x100/p4_r01_c06_Ж.png,cells_64x64/p4_r01_c06_Ж.png,by_class/Ж/p4_r01_c06_Ж.png
p4_r01_c07_Ж,Ж,4,1,7,cells_raw_100x100/p4_r01_c07_Ж.png,cells_64x64/p4_r01_c07_Ж.png,by_class/Ж/p4_r01_c07_Ж.png
p4_r01_c08_Ж,Ж,4,1,8,cells_raw_100x100/p4_r01_c08_Ж.png,cells_64x64/p4_r01_c08_Ж.png,by_class/Ж/p4_r01_c08_Ж.png
p4_r01_c09_Ж,Ж,4,1,9,cells_raw_100x100/p4_r01_c09_Ж.png,cells_64x64/p4_r01_c09_Ж.png,by_class/Ж/p4_r01_c09_Ж.png
p4_r01_c10_Ж,Ж,4,1,10,cells_raw_100x100/p4_r01_c10_Ж.png,cells_64x64/p4_r01_c10_Ж.png,by_class/Ж/p4_r01_c10_Ж.png
p4_r01_c11_Ж,Ж,4,1,11,cells_raw_100x100/p4_r01_c11_Ж.png,cells_64x64/p4_r01_c11_Ж.png,by_class/Ж/p4_r01_c11_Ж.png
p4_r01_c12_Ж,Ж,4,1,12,cells_raw_100x100/p4_r01_c12_Ж.png,cells_64x64/p4_r01_c12_Ж.png,by_class/Ж/p4_r01_c12_Ж.png
p4_r01_c13_Ж,Ж,4,1,13,cells_raw_100x100/p4_r01_c13_Ж.png,cells_64x64/p4_r01_c13_Ж.png,by_class/Ж/p4_r01_c13_Ж.png
p4_r01_c14_Ж,Ж,4,1,14,cells_raw_100x100/p4_r01_c14_Ж.png,cells_64x64/p4_r01_c14_Ж.png,by_class/Ж/p4_r01_c14_Ж.png
p4_r01_c15_Ж,Ж,4,1,15,cells_raw_100x100/p4_r01_c15_Ж.png,cells_64x64/p4_r01_c15_Ж.png,by_class/Ж/p4_r01_c15_Ж.png
p4_r01_c16_Ж,Ж,4,1,16,cells_raw_100x100/p4_r01_c16_Ж.png,cells_64x64/p4_r01_c16_Ж.png,by_class/Ж/p4_r01_c16_Ж.png
p4_r01_c17_Ж,Ж,4,1,17,cells_raw_100x100/p4_r01_c17_Ж.png,cells_64x64/p4_r01_c17_Ж.png,by_class/Ж/p4_r01_c17_Ж.png
p4_r02_c01_Ж,Ж,4,2,1,cells_raw_100x100/p4_r02_c01_Ж.png,cells_64x64/p4_r02_c01_Ж.png,by_class/Ж/p4_r02_c01_Ж.png
p4_r02_c02_Ж,Ж,4,2,2,cells_raw_100x100/p4_r02_c02_Ж.png,cells_64x64/p4_r02_c02_Ж.png,by_class/Ж/p4_r02_c02_Ж.png
p4_r02_c03_Ж,Ж,4,2,3,cells_raw_100x100/p4_r02_c03_Ж.png,cells_64x64/p4_r02_c03_Ж.png,by_class/Ж/p4_r02_c03_Ж.png
p4_r02_c04_Ж,Ж,4,2,4,cells_raw_100x100/p4_r02_c04_Ж.png,cells_64x64/p4_r02_c04_Ж.png,by_class/Ж/p4_r02_c04_Ж.png
p4_r02_c05_Ж,Ж,4,2,5,cells_raw_100x100/p4_r02_c05_Ж.png,cells_64x64/p4_r02_c05_Ж.png,by_class/Ж/p4_r02_c05_Ж.png
p4_r02_c06_Ж,Ж,4,2,6,cells_raw_100x100/p4_r02_c06_Ж.png,cells_64x64/p4_r02_c06_Ж.png,by_class/Ж/p4_r02_c06_Ж.png
p4_r02_c07_Ж,Ж,4,2,7,cells_raw_100x100/p4_r02_c07_Ж.png,cells_64x64/p4_r02_c07_Ж.png,by_class/Ж/p4_r02_c07_Ж.png
p4_r02_c08_Ж,Ж,4,2,8,cells_raw_100x100/p4_r02_c08_Ж.png,cells_64x64/p4_r02_c08_Ж.png,by_class/Ж/p4_r02_c08_Ж.png
p4_r02_c09_Ж,Ж,4,2,9,cells_raw_100x100/p4_r02_c09_Ж.png,cells_64x64/p4_r02_c09_Ж.png,by_class/Ж/p4_r02_c09_Ж.png
p4_r02_c10_Ж,Ж,4,2,10,cells_raw_100x100/p4_r02_c10_Ж.png,cells_64x64/p4_r02_c10_Ж.png,by_class/Ж/p4_r02_c10_Ж.png
p4_r02_c11_Ж,Ж,4,2,11,cells_raw_100x100/p4_r02_c11_Ж.png,cells_64x64/p4_r02_c11_Ж.png,by_class/Ж/p4_r02_c11_Ж.png
p4_r02_c12_Ж,Ж,4,2,12,cells_raw_100x100/p4_r02_c12_Ж.png,cells_64x64/p4_r02_c12_Ж.png,by_class/Ж/p4_r02_c12_Ж.png
p4_r02_c13_Ж,Ж,4,2,13,cells_raw_100x100/p4_r02_c13_Ж.png,cells_64x64/p4_r02_c13_Ж.png,by_class/Ж/p4_r02_c13_Ж.png
p4_r02_c14_Ж,Ж,4,2,14,cells_raw_100x100/p4_r02_c14_Ж.png,cells_64x64/p4_r02_c14_Ж.png,by_class/Ж/p4_r02_c14_Ж.png
p4_r02_c15_Ж,Ж,4,2,15,cells_raw_100x100/p4_r02_c15_Ж.png,cells_64x64/p4_r02_c15_Ж.png,by_class/Ж/p4_r02_c15_Ж.png
p4_r02_c16_Ж,Ж,4,2,16,cells_raw_100x100/p4_r02_c16_Ж.png,cells_64x64/p4_r02_c16_Ж.png,by_class/Ж/p4_r02_c16_Ж.png
p4_r02_c17_Ж,Ж,4,2,17,cells_raw_100x100/p4_r02_c17_Ж.png,cells_64x64/p4_r02_c17_Ж.png,by_class/Ж/p4_r02_c17_Ж.png
p4_r03_c01_З,З,4,3,1,cells_raw_100x100/p4_r03_c01_З.png,cells_64x64/p4_r03_c01_З.png,by_class/З/p4_r03_c01_З.png
p4_r03_c02_З,З,4,3,2,cells_raw_100x100/p4_r03_c02_З.png,cells_64x64/p4_r03_c02_З.png,by_class/З/p4_r03_c02_З.png
p4_r03_c03_З,З,4,3,3,cells_raw_100x100/p4_r03_c03_З.png,cells_64x64/p4_r03_c03_З.png,by_class/З/p4_r03_c03_З.png
p4_r03_c04_З,З,4,3,4,cells_raw_100x100/p4_r03_c04_З.png,cells_64x64/p4_r03_c04_З.png,by_class/З/p4_r03_c04_З.png
p4_r03_c05_З,З,4,3,5,cells_raw_100x100/p4_r03_c05_З.png,cells_64x64/p4_r03_c05_З.png,by_class/З/p4_r03_c05_З.png
p4_r03_c06_З,З,4,3,6,cells_raw_100x100/p4_r03_c06_З.png,cells_64x64/p4_r03_c06_З.png,by_class/З/p4_r03_c06_З.png
p4_r03_c07_З,З,4,3,7,cells_raw_100x100/p4_r03_c07_З.png,cells_64x64/p4_r03_c07_З.png,by_class/З/p4_r03_c07_З.png
p4_r03_c08_З,З,4,3,8,cells_raw_100x100/p4_r03_c08_З.png,cells_64x64/p4_r03_c08_З.png,by_class/З/p4_r03_c08_З.png
p4_r03_c09_З,З,4,3,9,cells_raw_100x100/p4_r03_c09_З.png,cells_64x64/p4_r03_c09_З.png,by_class/З/p4_r03_c09_З.png
p4_r03_c10_З,З,4,3,10,cells_raw_100x100/p4_r03_c10_З.png,cells_64x64/p4_r03_c10_З.png,by_class/З/p4_r03_c10_З.png
p4_r03_c11_З,З,4,3,11,cells_raw_100x100/p4_r03_c11_З.png,cells_64x64/p4_r03_c11_З.png,by_class/З/p4_r03_c11_З.png
p4_r03_c12_З,З,4,3,12,cells_raw_100x100/p4_r03_c12_З.png,cells_64x64/p4_r03_c12_З.png,by_class/З/p4_r03_c12_З.png
p4_r03_c13_З,З,4,3,13,cells_raw_100x100/p4_r03_c13_З.png,cells_64x64/p4_r03_c13_З.png,by_class/З/p4_r03_c13_З.png
p4_r03_c14_З,З,4,3,14,cells_raw_100x100/p4_r03_c14_З.png,cells_64x64/p4_r03_c14_З.png,by_class/З/p4_r03_c14_З.png
p4_r03_c15_З,З,4,3,15,cells_raw_100x100/p4_r03_c15_З.png,cells_64x64/p4_r03_c15_З.png,by_class/З/p4_r03_c15_З.png
p4_r03_c16_З,З,4,3,16,cells_raw_100x100/p4_r03_c16_З.png,cells_64x64/p4_r03_c16_З.png,by_class/З/p4_r03_c16_З.png
p4_r03_c17_З,З,4,3,17,cells_raw_100x100/p4_r03_c17_З.png,cells_64x64/p4_r03_c17_З.png,by_class/З/p4_r03_c17_З.png
p4_r04_c01_З,З,4,4,1,cells_raw_100x100/p4_r04_c01_З.png,cells_64x64/p4_r04_c01_З.png,by_class/З/p4_r04_c01_З.png
p4_r04_c02_З,З,4,4,2,cells_raw_100x100/p4_r04_c02_З.png,cells_64x64/p4_r04_c02_З.png,by_class/З/p4_r04_c02_З.png
p4_r04_c03_З,З,4,4,3,cells_raw_100x100/p4_r04_c03_З.png,cells_64x64/p4_r04_c03_З.png,by_class/З/p4_r04_c03_З.png
p4_r04_c04_З,З,4,4,4,cells_raw_100x100/p4_r04_c04_З.png,cells_64x64/p4_r04_c04_З.png,by_class/З/p4_r04_c04_З.png
p4_r04_c05_З,З,4,4,5,cells_raw_100x100/p4_r04_c05_З.png,cells_64x64/p4_r04_c05_З.png,by_class/З/p4_r04_c05_З.png
p4_r04_c06_З,З,4,4,6,cells_raw_100x100/p4_r04_c06_З.png,cells_64x64/p4_r04_c06_З.png,by_class/З/p4_r04_c06_З.png
p4_r04_c07_З,З,4,4,7,cells_raw_100x100/p4_r04_c07_З.png,cells_64x64/p4_r04_c07_З.png,by_class/З/p4_r04_c07_З.png
p4_r04_c08_З,З,4,4,8,cells_raw_100x100/p4_r04_c08_З.png,cells_64x64/p4_r04_c08_З.png,by_class/З/p4_r04_c08_З.png
p4_r04_c09_З,З,4,4,9,cells_raw_100x100/p4_r04_c09_З.png,cells_64x64/p4_r04_c09_З.png,by_class/З/p4_r04_c09_З.png
p4_r04_c10_З,З,4,4,10,cells_raw_100x100/p4_r04_c10_З.png,cells_64x64/p4_r04_c10_З.png,by_class/З/p4_r04_c10_З.png
p4_r04_c11_З,З,4,4,11,cells_raw_100x100/p4_r04_c11_З.png,cells_64x64/p4_r04_c11_З.png,by_class/З/p4_r04_c11_З.png
p4_r04_c12_З,З,4,4,12,cells_raw_100x100/p4_r04_c12_З.png,cells_64x64/p4_r04_c12_З.png,by_class/З/p4_r04_c12_З.png
p4_r04_c13_З,З,4,4,13,cells_raw_100x100/p4_r04_c13_З.png,cells_64x64/p4_r04_c13_З.png,by_class/З/p4_r04_c13_З.png
p4_r04_c14_З,З,4,4,14,cells_raw_100x100/p4_r04_c14_З.png,cells_64x64/p4_r04_c14_З.png,by_class/З/p4_r04_c14_З.png
p4_r04_c15_З,З,4,4,15,cells_raw_100x100/p4_r04_c15_З.png,cells_64x64/p4_r04_c15_З.png,by_class/З/p4_r04_c15_З.png
p4_r04_c16_З,З,4,4,16,cells_raw_100x100/p4_r04_c16_З.png,cells_64x64/p4_r04_c16_З.png,by_class/З/p4_r04_c16_З.png
p4_r04_c17_З,З,4,4,17,cells_raw_100x100/p4_r04_c17_З.png,cells_64x64/p4_r04_c17_З.png,by_class/З/p4_r04_c17_З.png
p4_r05_c01_И,И,4,5,1,cells_raw_100x100/p4_r05_c01_И.png,cells_64x64/p4_r05_c01_И.png,by_class/И/p4_r05_c01_И.png
p4_r05_c02_И,И,4,5,2,cells_raw_100x100/p4_r05_c02_И.png,cells_64x64/p4_r05_c02_И.png,by_class/И/p4_r05_c02_И.png
p4_r05_c03_И,И,4,5,3,cells_raw_100x100/p4_r05_c03_И.png,cells_64x64/p4_r05_c03_И.png,by_class/И/p4_r05_c03_И.png
p4_r05_c04_И,И,4,5,4,cells_raw_100x100/p4_r05_c04_И.png,cells_64x64/p4_r05_c04_И.png,by_class/И/p4_r05_c04_И.png
p4_r05_c05_И,И,4,5,5,cells_raw_100x100/p4_r05_c05_И.png,cells_64x64/p4_r05_c05_И.png,by_class/И/p4_r05_c05_И.png
p4_r05_c06_И,И,4,5,6,cells_raw_100x100/p4_r05_c06_И.png,cells_64x64/p4_r05_c06_И.png,by_class/И/p4_r05_c06_И.png
p4_r05_c07_И,И,4,5,7,cells_raw_100x100/p4_r05_c07_И.png,cells_64x64/p4_r05_c07_И.png,by_class/И/p4_r05_c07_И.png
p4_r05_c08_И,И,4,5,8,cells_raw_100x100/p4_r05_c08_И.png,cells_64x64/p4_r05_c08_И.png,by_class/И/p4_r05_c08_И.png
p4_r05_c09_И,И,4,5,9,cells_raw_100x100/p4_r05_c09_И.png,cells_64x64/p4_r05_c09_И.png,by_class/И/p4_r05_c09_И.png
p4_r05_c10_И,И,4,5,10,cells_raw_100x100/p4_r05_c10_И.png,cells_64x64/p4_r05_c10_И.png,by_class/И/p4_r05_c10_И.png
p4_r05_c11_И,И,4,5,11,cells_raw_100x100/p4_r05_c11_И.png,cells_64x64/p4_r05_c11_И.png,by_class/И/p4_r05_c11_И.png
p4_r05_c12_И,И,4,5,12,cells_raw_100x100/p4_r05_c12_И.png,cells_64x64/p4_r05_c12_И.png,by_class/И/p4_r05_c12_И.png
p4_r05_c13_И,И,4,5,13,cells_raw_100x100/p4_r05_c13_И.png,cells_64x64/p4_r05_c13_И.png,by_class/И/p4_r05_c13_И.png
p4_r05_c14_И,И,4,5,14,cells_raw_100x100/p4_r05_c14_И.png,cells_64x64/p4_r05_c14_И.png,by_class/И/p4_r05_c14_И.png
p4_r05_c15_И,И,4,5,15,cells_raw_100x100/p4_r05_c15_И.png,cells_64x64/p4_r05_c15_И.png,by_class/И/p4_r05_c15_И.png
p4_r05_c16_И,И,4,5,16,cells_raw_100x100/p4_r05_c16_И.png,cells_64x64/p4_r05_c16_И.png,by_class/И/p4_r05_c16_И.png
p4_r05_c17_И,И,4,5,17,cells_raw_100x100/p4_r05_c17_И.png,cells_64x64/p4_r05_c17_И.png,by_class/И/p4_r05_c17_И.png
p4_r06_c01_И,И,4,6,1,cells_raw_100x100/p4_r06_c01_И.png,cells_64x64/p4_r06_c01_И.png,by_class/И/p4_r06_c01_И.png
p4_r06_c02_И,И,4,6,2,cells_raw_100x100/p4_r06_c02_И.png,cells_64x64/p4_r06_c02_И.png,by_class/И/p4_r06_c02_И.png
p4_r06_c03_И,И,4,6,3,cells_raw_100x100/p4_r06_c03_И.png,cells_64x64/p4_r06_c03_И.png,by_class/И/p4_r06_c03_И.png
p4_r06_c04_И,И,4,6,4,cells_raw_100x100/p4_r06_c04_И.png,cells_64x64/p4_r06_c04_И.png,by_class/И/p4_r06_c04_И.png
p4_r06_c05_И,И,4,6,5,cells_raw_100x100/p4_r06_c05_И.png,cells_64x64/p4_r06_c05_И.png,by_class/И/p4_r06_c05_И.png
p4_r06_c06_И,И,4,6,6,cells_raw_100x100/p4_r06_c06_И.png,cells_64x64/p4_r06_c06_И.png,by_class/И/p4_r06_c06_И.png
p4_r06_c07_И,И,4,6,7,cells_raw_100x100/p4_r06_c07_И.png,cells_64x64/p4_r06_c07_И.png,by_class/И/p4_r06_c07_И.png
p4_r06_c08_И,И,4,6,8,cells_raw_100x100/p4_r06_c08_И.png,cells_64x64/p4_r06_c08_И.png,by_class/И/p4_r06_c08_И.png
p4_r06_c09_И,И,4,6,9,cells_raw_100x100/p4_r06_c09_И.png,cells_64x64/p4_r06_c09_И.png,by_class/И/p4_r06_c09_И.png
p4_r06_c10_И,И,4,6,10,cells_raw_100x100/p4_r06_c10_И.png,cells_64x64/p4_r06_c10_И.png,by_class/И/p4_r06_c10_И.png
p4_r06_c11_И,И,4,6,11,cells_raw_100x100/p4_r06_c11_И.png,cells_64x64/p4_r06_c11_И.png,by_class/И/p4_r06_c11_И.png
p4_r06_c12_И,И,4,6,12,cells_raw_100x100/p4_r06_c12_И.png,cells_64x64/p4_r06_c12_И.png,by_class/И/p4_r06_c12_И.png
p4_r06_c13_И,И,4,6,13,cells_raw_100x100/p4_r06_c13_И.png,cells_64x64/p4_r06_c13_И.png,by_class/И/p4_r06_c13_И.png
p4_r06_c14_И,И,4,6,14,cells_raw_100x100/p4_r06_c14_И.png,cells_64x64/p4_r06_c14_И.png,by_class/И/p4_r06_c14_И.png
p4_r06_c15_И,И,4,6,15,cells_raw_100x100/p4_r06_c15_И.png,cells_64x64/p4_r06_c15_И.png,by_class/И/p4_r06_c15_И.png
p4_r06_c16_И,И,4,6,16,cells_raw_100x100/p4_r06_c16_И.png,cells_64x64/p4_r06_c16_И.png,by_class/И/p4_r06_c16_И.png
p4_r06_c17_И,И,4,6,17,cells_raw_100x100/p4_r06_c17_И.png,cells_64x64/p4_r06_c17_И.png,by_class/И/p4_r06_c17_И.png
p4_r07_c01_Й,Й,4,7,1,cells_raw_100x100/p4_r07_c01_Й.png,cells_64x64/p4_r07_c01_Й.png,by_class/Й/p4_r07_c01_Й.png
p4_r07_c02_Й,Й,4,7,2,cells_raw_100x100/p4_r07_c02_Й.png,cells_64x64/p4_r07_c02_Й.png,by_class/Й/p4_r07_c02_Й.png
p4_r07_c03_Й,Й,4,7,3,cells_raw_100x100/p4_r07_c03_Й.png,cells_64x64/p4_r07_c03_Й.png,by_class/Й/p4_r07_c03_Й.png
p4_r07_c04_Й,Й,4,7,4,cells_raw_100x100/p4_r07_c04_Й.png,cells_64x64/p4_r07_c04_Й.png,by_class/Й/p4_r07_c04_Й.png
p4_r07_c05_Й,Й,4,7,5,cells_raw_100x100/p4_r07_c05_Й.png,cells_64x64/p4_r07_c05_Й.png,by_class/Й/p4_r07_c05_Й.png
p4_r07_c06_Й,Й,4,7,6,cells_raw_100x100/p4_r07_c06_Й.png,cells_64x64/p4_r07_c06_Й.png,by_class/Й/p4_r07_c06_Й.png
p4_r07_c07_Й,Й,4,7,7,cells_raw_100x100/p4_r07_c07_Й.png,cells_64x64/p4_r07_c07_Й.png,by_class/Й/p4_r07_c07_Й.png
p4_r07_c08_Й,Й,4,7,8,cells_raw_100x100/p4_r07_c08_Й.png,cells_64x64/p4_r07_c08_Й.png,by_class/Й/p4_r07_c08_Й.png
p4_r07_c09_Й,Й,4,7,9,cells_raw_100x100/p4_r07_c09_Й.png,cells_64x64/p4_r07_c09_Й.png,by_class/Й/p4_r07_c09_Й.png
p4_r07_c10_Й,Й,4,7,10,cells_raw_100x100/p4_r07_c10_Й.png,cells_64x64/p4_r07_c10_Й.png,by_class/Й/p4_r07_c10_Й.png
p4_r07_c11_Й,Й,4,7,11,cells_raw_100x100/p4_r07_c11_Й.png,cells_64x64/p4_r07_c11_Й.png,by_class/Й/p4_r07_c11_Й.png
p4_r07_c12_Й,Й,4,7,12,cells_raw_100x100/p4_r07_c12_Й.png,cells_64x64/p4_r07_c12_Й.png,by_class/Й/p4_r07_c12_Й.png
p4_r07_c13_Й,Й,4,7,13,cells_raw_100x100/p4_r07_c13_Й.png,cells_64x64/p4_r07_c13_Й.png,by_class/Й/p4_r07_c13_Й.png
p4_r07_c14_Й,Й,4,7,14,cells_raw_100x100/p4_r07_c14_Й.png,cells_64x64/p4_r07_c14_Й.png,by_class/Й/p4_r07_c14_Й.png
p4_r07_c15_Й,Й,4,7,15,cells_raw_100x100/p4_r07_c15_Й.png,cells_64x64/p4_r07_c15_Й.png,by_class/Й/p4_r07_c15_Й.png
p4_r07_c16_Й,Й,4,7,16,cells_raw_100x100/p4_r07_c16_Й.png,cells_64x64/p4_r07_c16_Й.png,by_class/Й/p4_r07_c16_Й.png
p4_r07_c17_Й,Й,4,7,17,cells_raw_100x100/p4_r07_c17_Й.png,cells_64x64/p4_r07_c17_Й.png,by_class/Й/p4_r07_c17_Й.png
p4_r08_c01_Й,Й,4,8,1,cells_raw_100x100/p4_r08_c01_Й.png,cells_64x64/p4_r08_c01_Й.png,by_class/Й/p4_r08_c01_Й.png
p4_r08_c02_Й,Й,4,8,2,cells_raw_100x100/p4_r08_c02_Й.png,cells_64x64/p4_r08_c02_Й.png,by_class/Й/p4_r08_c02_Й.png
p4_r08_c03_Й,Й,4,8,3,cells_raw_100x100/p4_r08_c03_Й.png,cells_64x64/p4_r08_c03_Й.png,by_class/Й/p4_r08_c03_Й.png
p4_r08_c04_Й,Й,4,8,4,cells_raw_100x100/p4_r08_c04_Й.png,cells_64x64/p4_r08_c04_Й.png,by_class/Й/p4_r08_c04_Й.png
p4_r08_c05_Й,Й,4,8,5,cells_raw_100x100/p4_r08_c05_Й.png,cells_64x64/p4_r08_c05_Й.png,by_class/Й/p4_r08_c05_Й.png
p4_r08_c06_Й,Й,4,8,6,cells_raw_100x100/p4_r08_c06_Й.png,cells_64x64/p4_r08_c06_Й.png,by_class/Й/p4_r08_c06_Й.png
p4_r08_c07_Й,Й,4,8,7,cells_raw_100x100/p4_r08_c07_Й.png,cells_64x64/p4_r08_c07_Й.png,by_class/Й/p4_r08_c07_Й.png
p4_r08_c08_Й,Й,4,8,8,cells_raw_100x100/p4_r08_c08_Й.png,cells_64x64/p4_r08_c08_Й.png,by_class/Й/p4_r08_c08_Й.png
p4_r08_c09_Й,Й,4,8,9,cells_raw_100x100/p4_r08_c09_Й.png,cells_64x64/p4_r08_c09_Й.png,by_class/Й/p4_r08_c09_Й.png
p4_r08_c10_Й,Й,4,8,10,cells_raw_100x100/p4_r08_c10_Й.png,cells_64x64/p4_r08_c10_Й.png,by_class/Й/p4_r08_c10_Й.png
p4_r08_c11_Й,Й,4,8,11,cells_raw_100x100/p4_r08_c11_Й.png,cells_64x64/p4_r08_c11_Й.png,by_class/Й/p4_r08_c11_Й.png
p4_r08_c12_Й,Й,4,8,12,cells_raw_100x100/p4_r08_c12_Й.png,cells_64x64/p4_r08_c12_Й.png,by_class/Й/p4_r08_c12_Й.png
p4_r08_c13_Й,Й,4,8,13,cells_raw_100x100/p4_r08_c13_Й.png,cells_64x64/p4_r08_c13_Й.png,by_class/Й/p4_r08_c13_Й.png
p4_r08_c14_Й,Й,4,8,14,cells_raw_100x100/p4_r08_c14_Й.png,cells_64x64/p4_r08_c14_Й.png,by_class/Й/p4_r08_c14_Й.png
p4_r08_c15_Й,Й,4,8,15,cells_raw_100x100/p4_r08_c15_Й.png,cells_64x64/p4_r08_c15_Й.png,by_class/Й/p4_r08_c15_Й.png
p4_r08_c16_Й,Й,4,8,16,cells_raw_100x100/p4_r08_c16_Й.png,cells_64x64/p4_r08_c16_Й.png,by_class/Й/p4_r08_c16_Й.png
p4_r08_c17_Й,Й,4,8,17,cells_raw_100x100/p4_r08_c17_Й.png,cells_64x64/p4_r08_c17_Й.png,by_class/Й/p4_r08_c17_Й.png
p4_r09_c01_К,К,4,9,1,cells_raw_100x100/p4_r09_c01_К.png,cells_64x64/p4_r09_c01_К.png,by_class/К/p4_r09_c01_К.png
p4_r09_c02_К,К,4,9,2,cells_raw_100x100/p4_r09_c02_К.png,cells_64x64/p4_r09_c02_К.png,by_class/К/p4_r09_c02_К.png
p4_r09_c03_К,К,4,9,3,cells_raw_100x100/p4_r09_c03_К.png,cells_64x64/p4_r09_c03_К.png,by_class/К/p4_r09_c03_К.png
p4_r09_c04_К,К,4,9,4,cells_raw_100x100/p4_r09_c04_К.png,cells_64x64/p4_r09_c04_К.png,by_class/К/p4_r09_c04_К.png
p4_r09_c05_К,К,4,9,5,cells_raw_100x100/p4_r09_c05_К.png,cells_64x64/p4_r09_c05_К.png,by_class/К/p4_r09_c05_К.png
p4_r09_c06_К,К,4,9,6,cells_raw_100x100/p4_r09_c06_К.png,cells_64x64/p4_r09_c06_К.png,by_class/К/p4_r09_c06_К.png
p4_r09_c07_К,К,4,9,7,cells_raw_100x100/p4_r09_c07_К.png,cells_64x64/p4_r09_c07_К.png,by_class/К/p4_r09_c07_К.png
p4_r09_c08_К,К,4,9,8,cells_raw_100x100/p4_r09_c08_К.png,cells_64x64/p4_r09_c08_К.png,by_class/К/p4_r09_c08_К.png
p4_r09_c09_К,К,4,9,9,cells_raw_100x100/p4_r09_c09_К.png,cells_64x64/p4_r09_c09_К.png,by_class/К/p4_r09_c09_К.png
p4_r09_c10_К,К,4,9,10,cells_raw_100x100/p4_r09_c10_К.png,cells_64x64/p4_r09_c10_К.png,by_class/К/p4_r09_c10_К.png
p4_r09_c11_К,К,4,9,11,cells_raw_100x100/p4_r09_c11_К.png,cells_64x64/p4_r09_c11_К.png,by_class/К/p4_r09_c11_К.png
p4_r09_c12_К,К,4,9,12,cells_raw_100x100/p4_r09_c12_К.png,cells_64x64/p4_r09_c12_К.png,by_class/К/p4_r09_c12_К.png
p4_r09_c13_К,К,4,9,13,cells_raw_100x100/p4_r09_c13_К.png,cells_64x64/p4_r09_c13_К.png,by_class/К/p4_r09_c13_К.png
p4_r09_c14_К,К,4,9,14,cells_raw_100x100/p4_r09_c14_К.png,cells_64x64/p4_r09_c14_К.png,by_class/К/p4_r09_c14_К.png
p4_r09_c15_К,К,4,9,15,cells_raw_100x100/p4_r09_c15_К.png,cells_64x64/p4_r09_c15_К.png,by_class/К/p4_r09_c15_К.png
p4_r09_c16_К,К,4,9,16,cells_raw_100x100/p4_r09_c16_К.png,cells_64x64/p4_r09_c16_К.png,by_class/К/p4_r09_c16_К.png
p4_r09_c17_К,К,4,9,17,cells_raw_100x100/p4_r09_c17_К.png,cells_64x64/p4_r09_c17_К.png,by_class/К/p4_r09_c17_К.png
p4_r10_c01_К,К,4,10,1,cells_raw_100x100/p4_r10_c01_К.png,cells_64x64/p4_r10_c01_К.png,by_class/К/p4_r10_c01_К.png
p4_r10_c02_К,К,4,10,2,cells_raw_100x100/p4_r10_c02_К.png,cells_64x64/p4_r10_c02_К.png,by_class/К/p4_r10_c02_К.png
p4_r10_c03_К,К,4,10,3,cells_raw_100x100/p4_r10_c03_К.png,cells_64x64/p4_r10_c03_К.png,by_class/К/p4_r10_c03_К.png
p4_r10_c04_К,К,4,10,4,cells_raw_100x100/p4_r10_c04_К.png,cells_64x64/p4_r10_c04_К.png,by_class/К/p4_r10_c04_К.png
p4_r10_c05_К,К,4,10,5,cells_raw_100x100/p4_r10_c05_К.png,cells_64x64/p4_r10_c05_К.png,by_class/К/p4_r10_c05_К.png
p4_r10_c06_К,К,4,10,6,cells_raw_100x100/p4_r10_c06_К.png,cells_64x64/p4_r10_c06_К.png,by_class/К/p4_r10_c06_К.png
p4_r10_c07_К,К,4,10,7,cells_raw_100x100/p4_r10_c07_К.png,cells_64x64/p4_r10_c07_К.png,by_class/К/p4_r10_c07_К.png
p4_r10_c08_К,К,4,10,8,cells_raw_100x100/p4_r10_c08_К.png,cells_64x64/p4_r10_c08_К.png,by_class/К/p4_r10_c08_К.png
p4_r10_c09_К,К,4,10,9,cells_raw_100x100/p4_r10_c09_К.png,cells_64x64/p4_r10_c09_К.png,by_class/К/p4_r10_c09_К.png
p4_r10_c10_К,К,4,10,10,cells_raw_100x100/p4_r10_c10_К.png,cells_64x64/p4_r10_c10_К.png,by_class/К/p4_r10_c10_К.png
p4_r10_c11_К,К,4,10,11,cells_raw_100x100/p4_r10_c11_К.png,cells_64x64/p4_r10_c11_К.png,by_class/К/p4_r10_c11_К.png
p4_r10_c12_К,К,4,10,12,cells_raw_100x100/p4_r10_c12_К.png,cells_64x64/p4_r10_c12_К.png,by_class/К/p4_r10_c12_К.png
p4_r10_c13_К,К,4,10,13,cells_raw_100x100/p4_r10_c13_К.png,cells_64x64/p4_r10_c13_К.png,by_class/К/p4_r10_c13_К.png
p4_r10_c14_К,К,4,10,14,cells_raw_100x100/p4_r10_c14_К.png,cells_64x64/p4_r10_c14_К.png,by_class/К/p4_r10_c14_К.png
p4_r10_c15_К,К,4,10,15,cells_raw_100x100/p4_r10_c15_К.png,cells_64x64/p4_r10_c15_К.png,by_class/К/p4_r10_c15_К.png
p4_r10_c16_К,К,4,10,16,cells_raw_100x100/p4_r10_c16_К.png,cells_64x64/p4_r10_c16_К.png,by_class/К/p4_r10_c16_К.png
p4_r10_c17_К,К,4,10,17,cells_raw_100x100/p4_r10_c17_К.png,cells_64x64/p4_r10_c17_К.png,by_class/К/p4_r10_c17_К.png
p4_r11_c01_Л,Л,4,11,1,cells_raw_100x100/p4_r11_c01_Л.png,cells_64x64/p4_r11_c01_Л.png,by_class/Л/p4_r11_c01_Л.png
p4_r11_c02_Л,Л,4,11,2,cells_raw_100x100/p4_r11_c02_Л.png,cells_64x64/p4_r11_c02_Л.png,by_class/Л/p4_r11_c02_Л.png
p4_r11_c03_Л,Л,4,11,3,cells_raw_100x100/p4_r11_c03_Л.png,cells_64x64/p4_r11_c03_Л.png,by_class/Л/p4_r11_c03_Л.png
p4_r11_c04_Л,Л,4,11,4,cells_raw_100x100/p4_r11_c04_Л.png,cells_64x64/p4_r11_c04_Л.png,by_class/Л/p4_r11_c04_Л.png
p4_r11_c05_Л,Л,4,11,5,cells_raw_100x100/p4_r11_c05_Л.png,cells_64x64/p4_r11_c05_Л.png,by_class/Л/p4_r11_c05_Л.png
p4_r11_c06_Л,Л,4,11,6,cells_raw_100x100/p4_r11_c06_Л.png,cells_64x64/p4_r11_c06_Л.png,by_class/Л/p4_r11_c06_Л.png
p4_r11_c07_Л,Л,4,11,7,cells_raw_100x100/p4_r11_c07_Л.png,cells_64x64/p4_r11_c07_Л.png,by_class/Л/p4_r11_c07_Л.png
p4_r11_c08_Л,Л,4,11,8,cells_raw_100x100/p4_r11_c08_Л.png,cells_64x64/p4_r11_c08_Л.png,by_class/Л/p4_r11_c08_Л.png
p4_r11_c09_Л,Л,4,11,9,cells_raw_100x100/p4_r11_c09_Л.png,cells_64x64/p4_r11_c09_Л.png,by_class/Л/p4_r11_c09_Л.png
p4_r11_c10_Л,Л,4,11,10,cells_raw_100x100/p4_r11_c10_Л.png,cells_64x64/p4_r11_c10_Л.png,by_class/Л/p4_r11_c10_Л.png
p4_r11_c11_Л,Л,4,11,11,cells_raw_100x100/p4_r11_c11_Л.png,cells_64x64/p4_r11_c11_Л.png,by_class/Л/p4_r11_c11_Л.png
p4_r11_c12_Л,Л,4,11,12,cells_raw_100x100/p4_r11_c12_Л.png,cells_64x64/p4_r11_c12_Л.png,by_class/Л/p4_r11_c12_Л.png
p4_r11_c13_Л,Л,4,11,13,cells_raw_100x100/p4_r11_c13_Л.png,cells_64x64/p4_r11_c13_Л.png,by_class/Л/p4_r11_c13_Л.png
p4_r11_c14_Л,Л,4,11,14,cells_raw_100x100/p4_r11_c14_Л.png,cells_64x64/p4_r11_c14_Л.png,by_class/Л/p4_r11_c14_Л.png
p4_r11_c15_Л,Л,4,11,15,cells_raw_100x100/p4_r11_c15_Л.png,cells_64x64/p4_r11_c15_Л.png,by_class/Л/p4_r11_c15_Л.png
p4_r11_c16_Л,Л,4,11,16,cells_raw_100x100/p4_r11_c16_Л.png,cells_64x64/p4_r11_c16_Л.png,by_class/Л/p4_r11_c16_Л.png
p4_r11_c17_Л,Л,4,11,17,cells_raw_100x100/p4_r11_c17_Л.png,cells_64x64/p4_r11_c17_Л.png,by_class/Л/p4_r11_c17_Л.png
p4_r12_c01_Л,Л,4,12,1,cells_raw_100x100/p4_r12_c01_Л.png,cells_64x64/p4_r12_c01_Л.png,by_class/Л/p4_r12_c01_Л.png
p4_r12_c02_Л,Л,4,12,2,cells_raw_100x100/p4_r12_c02_Л.png,cells_64x64/p4_r12_c02_Л.png,by_class/Л/p4_r12_c02_Л.png
p4_r12_c03_Л,Л,4,12,3,cells_raw_100x100/p4_r12_c03_Л.png,cells_64x64/p4_r12_c03_Л.png,by_class/Л/p4_r12_c03_Л.png
p4_r12_c04_Л,Л,4,12,4,cells_raw_100x100/p4_r12_c04_Л.png,cells_64x64/p4_r12_c04_Л.png,by_class/Л/p4_r12_c04_Л.png
p4_r12_c05_Л,Л,4,12,5,cells_raw_100x100/p4_r12_c05_Л.png,cells_64x64/p4_r12_c05_Л.png,by_class/Л/p4_r12_c05_Л.png
p4_r12_c06_Л,Л,4,12,6,cells_raw_100x100/p4_r12_c06_Л.png,cells_64x64/p4_r12_c06_Л.png,by_class/Л/p4_r12_c06_Л.png
p4_r12_c07_Л,Л,4,12,7,cells_raw_100x100/p4_r12_c07_Л.png,cells_64x64/p4_r12_c07_Л.png,by_class/Л/p4_r12_c07_Л.png
p4_r12_c08_Л,Л,4,12,8,cells_raw_100x100/p4_r12_c08_Л.png,cells_64x64/p4_r12_c08_Л.png,by_class/Л/p4_r12_c08_Л.png
p4_r12_c09_Л,Л,4,12,9,cells_raw_100x100/p4_r12_c09_Л.png,cells_64x64/p4_r12_c09_Л.png,by_class/Л/p4_r12_c09_Л.png
p4_r12_c10_Л,Л,4,12,10,cells_raw_100x100/p4_r12_c10_Л.png,cells_64x64/p4_r12_c10_Л.png,by_class/Л/p4_r12_c10_Л.png
p4_r12_c11_Л,Л,4,12,11,cells_raw_100x100/p4_r12_c11_Л.png,cells_64x64/p4_r12_c11_Л.png,by_class/Л/p4_r12_c11_Л.png
p4_r12_c12_Л,Л,4,12,12,cells_raw_100x100/p4_r12_c12_Л.png,cells_64x64/p4_r12_c12_Л.png,by_class/Л/p4_r12_c12_Л.png
p4_r12_c13_Л,Л,4,12,13,cells_raw_100x100/p4_r12_c13_Л.png,cells_64x64/p4_r12_c13_Л.png,by_class/Л/p4_r12_c13_Л.png
p4_r12_c14_Л,Л,4,12,14,cells_raw_100x100/p4_r12_c14_Л.png,cells_64x64/p4_r12_c14_Л.png,by_class/Л/p4_r12_c14_Л.png
p4_r12_c15_Л,Л,4,12,15,cells_raw_100x100/p4_r12_c15_Л.png,cells_64x64/p4_r12_c15_Л.png,by_class/Л/p4_r12_c15_Л.png
p4_r12_c16_Л,Л,4,12,16,cells_raw_100x100/p4_r12_c16_Л.png,cells_64x64/p4_r12_c16_Л.png,by_class/Л/p4_r12_c16_Л.png
p4_r12_c17_Л,Л,4,12,17,cells_raw_100x100/p4_r12_c17_Л.png,cells_64x64/p4_r12_c17_Л.png,by_class/Л/p4_r12_c17_Л.png
p4_r13_c01_М,М,4,13,1,cells_raw_100x100/p4_r13_c01_М.png,cells_64x64/p4_r13_c01_М.png,by_class/М/p4_r13_c01_М.png
p4_r13_c02_М,М,4,13,2,cells_raw_100x100/p4_r13_c02_М.png,cells_64x64/p4_r13_c02_М.png,by_class/М/p4_r13_c02_М.png
p4_r13_c03_М,М,4,13,3,cells_raw_100x100/p4_r13_c03_М.png,cells_64x64/p4_r13_c03_М.png,by_class/М/p4_r13_c03_М.png
p4_r13_c04_М,М,4,13,4,cells_raw_100x100/p4_r13_c04_М.png,cells_64x64/p4_r13_c04_М.png,by_class/М/p4_r13_c04_М.png
p4_r13_c05_М,М,4,13,5,cells_raw_100x100/p4_r13_c05_М.png,cells_64x64/p4_r13_c05_М.png,by_class/М/p4_r13_c05_М.png
p4_r13_c06_М,М,4,13,6,cells_raw_100x100/p4_r13_c06_М.png,cells_64x64/p4_r13_c06_М.png,by_class/М/p4_r13_c06_М.png
p4_r13_c07_М,М,4,13,7,cells_raw_100x100/p4_r13_c07_М.png,cells_64x64/p4_r13_c07_М.png,by_class/М/p4_r13_c07_М.png
p4_r13_c08_М,М,4,13,8,cells_raw_100x100/p4_r13_c08_М.png,cells_64x64/p4_r13_c08_М.png,by_class/М/p4_r13_c08_М.png
p4_r13_c09_М,М,4,13,9,cells_raw_100x100/p4_r13_c09_М.png,cells_64x64/p4_r13_c09_М.png,by_class/М/p4_r13_c09_М.png
p4_r13_c10_М,М,4,13,10,cells_raw_100x100/p4_r13_c10_М.png,cells_64x64/p4_r13_c10_М.png,by_class/М/p4_r13_c10_М.png
p4_r13_c11_М,М,4,13,11,cells_raw_100x100/p4_r13_c11_М.png,cells_64x64/p4_r13_c11_М.png,by_class/М/p4_r13_c11_М.png
p4_r13_c12_М,М,4,13,12,cells_raw_100x100/p4_r13_c12_М.png,cells_64x64/p4_r13_c12_М.png,by_class/М/p4_r13_c12_М.png
p4_r13_c13_М,М,4,13,13,cells_raw_100x100/p4_r13_c13_М.png,cells_64x64/p4_r13_c13_М.png,by_class/М/p4_r13_c13_М.png
p4_r13_c14_М,М,4,13,14,cells_raw_100x100/p4_r13_c14_М.png,cells_64x64/p4_r13_c14_М.png,by_class/М/p4_r13_c14_М.png
p4_r13_c15_М,М,4,13,15,cells_raw_100x100/p4_r13_c15_М.png,cells_64x64/p4_r13_c15_М.png,by_class/М/p4_r13_c15_М.png
p4_r13_c16_М,М,4,13,16,cells_raw_100x100/p4_r13_c16_М.png,cells_64x64/p4_r13_c16_М.png,by_class/М/p4_r13_c16_М.png
p4_r13_c17_М,М,4,13,17,cells_raw_100x100/p4_r13_c17_М.png,cells_64x64/p4_r13_c17_М.png,by_class/М/p4_r13_c17_М.png
p4_r14_c01_М,М,4,14,1,cells_raw_100x100/p4_r14_c01_М.png,cells_64x64/p4_r14_c01_М.png,by_class/М/p4_r14_c01_М.png
p4_r14_c02_М,М,4,14,2,cells_raw_100x100/p4_r14_c02_М.png,cells_64x64/p4_r14_c02_М.png,by_class/М/p4_r14_c02_М.png
p4_r14_c03_М,М,4,14,3,cells_raw_100x100/p4_r14_c03_М.png,cells_64x64/p4_r14_c03_М.png,by_class/М/p4_r14_c03_М.png
p4_r14_c04_М,М,4,14,4,cells_raw_100x100/p4_r14_c04_М.png,cells_64x64/p4_r14_c04_М.png,by_class/М/p4_r14_c04_М.png
p4_r14_c05_М,М,4,14,5,cells_raw_100x100/p4_r14_c05_М.png,cells_64x64/p4_r14_c05_М.png,by_class/М/p4_r14_c05_М.png
p4_r14_c06_М,М,4,14,6,cells_raw_100x100/p4_r14_c06_М.png,cells_64x64/p4_r14_c06_М.png,by_class/М/p4_r14_c06_М.png
p4_r14_c07_М,М,4,14,7,cells_raw_100x100/p4_r14_c07_М.png,cells_64x64/p4_r14_c07_М.png,by_class/М/p4_r14_c07_М.png
p4_r14_c08_М,М,4,14,8,cells_raw_100x100/p4_r14_c08_М.png,cells_64x64/p4_r14_c08_М.png,by_class/М/p4_r14_c08_М.png
p4_r14_c09_М,М,4,14,9,cells_raw_100x100/p4_r14_c09_М.png,cells_64x64/p4_r14_c09_М.png,by_class/М/p4_r14_c09_М.png
p4_r14_c10_М,М,4,14,10,cells_raw_100x100/p4_r14_c10_М.png,cells_64x64/p4_r14_c10_М.png,by_class/М/p4_r14_c10_М.png
p4_r14_c11_М,М,4,14,11,cells_raw_100x100/p4_r14_c11_М.png,cells_64x64/p4_r14_c11_М.png,by_class/М/p4_r14_c11_М.png
p4_r14_c12_М,М,4,14,12,cells_raw_100x100/p4_r14_c12_М.png,cells_64x64/p4_r14_c12_М.png,by_class/М/p4_r14_c12_М.png
p4_r14_c13_М,М,4,14,13,cells_raw_100x100/p4_r14_c13_М.png,cells_64x64/p4_r14_c13_М.png,by_class/М/p4_r14_c13_М.png
p4_r14_c14_М,М,4,14,14,cells_raw_100x100/p4_r14_c14_М.png,cells_64x64/p4_r14_c14_М.png,by_class/М/p4_r14_c14_М.png
p4_r14_c15_М,М,4,14,15,cells_raw_100x100/p4_r14_c15_М.png,cells_64x64/p4_r14_c15_М.png,by_class/М/p4_r14_c15_М.png
p4_r14_c16_М,М,4,14,16,cells_raw_100x100/p4_r14_c16_М.png,cells_64x64/p4_r14_c16_М.png,by_class/М/p4_r14_c16_М.png
p4_r14_c17_М,М,4,14,17,cells_raw_100x100/p4_r14_c17_М.png,cells_64x64/p4_r14_c17_М.png,by_class/М/p4_r14_c17_М.png
p4_r15_c01_Н,Н,4,15,1,cells_raw_100x100/p4_r15_c01_Н.png,cells_64x64/p4_r15_c01_Н.png,by_class/Н/p4_r15_c01_Н.png
p4_r15_c02_Н,Н,4,15,2,cells_raw_100x100/p4_r15_c02_Н.png,cells_64x64/p4_r15_c02_Н.png,by_class/Н/p4_r15_c02_Н.png
p4_r15_c03_Н,Н,4,15,3,cells_raw_100x100/p4_r15_c03_Н.png,cells_64x64/p4_r15_c03_Н.png,by_class/Н/p4_r15_c03_Н.png
p4_r15_c04_Н,Н,4,15,4,cells_raw_100x100/p4_r15_c04_Н.png,cells_64x64/p4_r15_c04_Н.png,by_class/Н/p4_r15_c04_Н.png
p4_r15_c05_Н,Н,4,15,5,cells_raw_100x100/p4_r15_c05_Н.png,cells_64x64/p4_r15_c05_Н.png,by_class/Н/p4_r15_c05_Н.png
p4_r15_c06_Н,Н,4,15,6,cells_raw_100x100/p4_r15_c06_Н.png,cells_64x64/p4_r15_c06_Н.png,by_class/Н/p4_r15_c06_Н.png
p4_r15_c07_Н,Н,4,15,7,cells_raw_100x100/p4_r15_c07_Н.png,cells_64x64/p4_r15_c07_Н.png,by_class/Н/p4_r15_c07_Н.png
p4_r15_c08_Н,Н,4,15,8,cells_raw_100x100/p4_r15_c08_Н.png,cells_64x64/p4_r15_c08_Н.png,by_class/Н/p4_r15_c08_Н.png
p4_r15_c09_Н,Н,4,15,9,cells_raw_100x100/p4_r15_c09_Н.png,cells_64x64/p4_r15_c09_Н.png,by_class/Н/p4_r15_c09_Н.png
p4_r15_c10_Н,Н,4,15,10,cells_raw_100x100/p4_r15_c10_Н.png,cells_64x64/p4_r15_c10_Н.png,by_class/Н/p4_r15_c10_Н.png
p4_r15_c11_Н,Н,4,15,11,cells_raw_100x100/p4_r15_c11_Н.png,cells_64x64/p4_r15_c11_Н.png,by_class/Н/p4_r15_c11_Н.png
p4_r15_c12_Н,Н,4,15,12,cells_raw_100x100/p4_r15_c12_Н.png,cells_64x64/p4_r15_c12_Н.png,by_class/Н/p4_r15_c12_Н.png
p4_r15_c13_Н,Н,4,15,13,cells_raw_100x100/p4_r15_c13_Н.png,cells_64x64/p4_r15_c13_Н.png,by_class/Н/p4_r15_c13_Н.png
p4_r15_c14_Н,Н,4,15,14,cells_raw_100x100/p4_r15_c14_Н.png,cells_64x64/p4_r15_c14_Н.png,by_class/Н/p4_r15_c14_Н.png
p4_r15_c15_Н,Н,4,15,15,cells_raw_100x100/p4_r15_c15_Н.png,cells_64x64/p4_r15_c15_Н.png,by_class/Н/p4_r15_c15_Н.png
p4_r15_c16_Н,Н,4,15,16,cells_raw_100x100/p4_r15_c16_Н.png,cells_64x64/p4_r15_c16_Н.png,by_class/Н/p4_r15_c16_Н.png
p4_r15_c17_Н,Н,4,15,17,cells_raw_100x100/p4_r15_c17_Н.png,cells_64x64/p4_r15_c17_Н.png,by_class/Н/p4_r15_c17_Н.png
p4_r16_c01_Н,Н,4,16,1,cells_raw_100x100/p4_r16_c01_Н.png,cells_64x64/p4_r16_c01_Н.png,by_class/Н/p4_r16_c01_Н.png
p4_r16_c02_Н,Н,4,16,2,cells_raw_100x100/p4_r16_c02_Н.png,cells_64x64/p4_r16_c02_Н.png,by_class/Н/p4_r16_c02_Н.png
p4_r16_c03_Н,Н,4,16,3,cells_raw_100x100/p4_r16_c03_Н.png,cells_64x64/p4_r16_c03_Н.png,by_class/Н/p4_r16_c03_Н.png
p4_r16_c04_Н,Н,4,16,4,cells_raw_100x100/p4_r16_c04_Н.png,cells_64x64/p4_r16_c04_Н.png,by_class/Н/p4_r16_c04_Н.png
p4_r16_c05_Н,Н,4,16,5,cells_raw_100x100/p4_r16_c05_Н.png,cells_64x64/p4_r16_c05_Н.png,by_class/Н/p4_r16_c05_Н.png
p4_r16_c06_Н,Н,4,16,6,cells_raw_100x100/p4_r16_c06_Н.png,cells_64x64/p4_r16_c06_Н.png,by_class/Н/p4_r16_c06_Н.png
p4_r16_c07_Н,Н,4,16,7,cells_raw_100x100/p4_r16_c07_Н.png,cells_64x64/p4_r16_c07_Н.png,by_class/Н/p4_r16_c07_Н.png
p4_r16_c08_Н,Н,4,16,8,cells_raw_100x100/p4_r16_c08_Н.png,cells_64x64/p4_r16_c08_Н.png,by_class/Н/p4_r16_c08_Н.png
p4_r16_c09_Н,Н,4,16,9,cells_raw_100x100/p4_r16_c09_Н.png,cells_64x64/p4_r16_c09_Н.png,by_class/Н/p4_r16_c09_Н.png
p4_r16_c10_Н,Н,4,16,10,cells_raw_100x100/p4_r16_c10_Н.png,cells_64x64/p4_r16_c10_Н.png,by_class/Н/p4_r16_c10_Н.png
p4_r16_c11_Н,Н,4,16,11,cells_raw_100x100/p4_r16_c11_Н.png,cells_64x64/p4_r16_c11_Н.png,by_class/Н/p4_r16_c11_Н.png
p4_r16_c12_Н,Н,4,16,12,cells_raw_100x100/p4_r16_c12_Н.png,cells_64x64/p4_r16_c12_Н.png,by_class/Н/p4_r16_c12_Н.png
p4_r16_c13_Н,Н,4,16,13,cells_raw_100x100/p4_r16_c13_Н.png,cells_64x64/p4_r16_c13_Н.png,by_class/Н/p4_r16_c13_Н.png
p4_r16_c14_Н,Н,4,16,14,cells_raw_100x100/p4_r16_c14_Н.png,cells_64x64/p4_r16_c14_Н.png,by_class/Н/p4_r16_c14_Н.png
p4_r16_c15_Н,Н,4,16,15,cells_raw_100x100/p4_r16_c15_Н.png,cells_64x64/p4_r16_c15_Н.png,by_class/Н/p4_r16_c15_Н.png
p4_r16_c16_Н,Н,4,16,16,cells_raw_100x100/p4_r16_c16_Н.png,cells_64x64/p4_r16_c16_Н.png,by_class/Н/p4_r16_c16_Н.png
p4_r16_c17_Н,Н,4,16,17,cells_raw_100x100/p4_r16_c17_Н.png,cells_64x64/p4_r16_c17_Н.png,by_class/Н/p4_r16_c17_Н.png
p4_r17_c01_О,О,4,17,1,cells_raw_100x100/p4_r17_c01_О.png,cells_64x64/p4_r17_c01_О.png,by_class/О/p4_r17_c01_О.png
p4_r17_c02_О,О,4,17,2,cells_raw_100x100/p4_r17_c02_О.png,cells_64x64/p4_r17_c02_О.png,by_class/О/p4_r17_c02_О.png
p4_r17_c03_О,О,4,17,3,cells_raw_100x100/p4_r17_c03_О.png,cells_64x64/p4_r17_c03_О.png,by_class/О/p4_r17_c03_О.png
p4_r17_c04_О,О,4,17,4,cells_raw_100x100/p4_r17_c04_О.png,cells_64x64/p4_r17_c04_О.png,by_class/О/p4_r17_c04_О.png
p4_r17_c05_О,О,4,17,5,cells_raw_100x100/p4_r17_c05_О.png,cells_64x64/p4_r17_c05_О.png,by_class/О/p4_r17_c05_О.png
p4_r17_c06_О,О,4,17,6,cells_raw_100x100/p4_r17_c06_О.png,cells_64x64/p4_r17_c06_О.png,by_class/О/p4_r17_c06_О.png
p4_r17_c07_О,О,4,17,7,cells_raw_100x100/p4_r17_c07_О.png,cells_64x64/p4_r17_c07_О.png,by_class/О/p4_r17_c07_О.png
p4_r17_c08_О,О,4,17,8,cells_raw_100x100/p4_r17_c08_О.png,cells_64x64/p4_r17_c08_О.png,by_class/О/p4_r17_c08_О.png
p4_r17_c09_О,О,4,17,9,cells_raw_100x100/p4_r17_c09_О.png,cells_64x64/p4_r17_c09_О.png,by_class/О/p4_r17_c09_О.png
p4_r17_c10_О,О,4,17,10,cells_raw_100x100/p4_r17_c10_О.png,cells_64x64/p4_r17_c10_О.png,by_class/О/p4_r17_c10_О.png
p4_r17_c11_О,О,4,17,11,cells_raw_100x100/p4_r17_c11_О.png,cells_64x64/p4_r17_c11_О.png,by_class/О/p4_r17_c11_О.png
p4_r17_c12_О,О,4,17,12,cells_raw_100x100/p4_r17_c12_О.png,cells_64x64/p4_r17_c12_О.png,by_class/О/p4_r17_c12_О.png
p4_r17_c13_О,О,4,17,13,cells_raw_100x100/p4_r17_c13_О.png,cells_64x64/p4_r17_c13_О.png,by_class/О/p4_r17_c13_О.png
p4_r17_c14_О,О,4,17,14,cells_raw_100x100/p4_r17_c14_О.png,cells_64x64/p4_r17_c14_О.png,by_class/О/p4_r17_c14_О.png
p4_r17_c15_О,О,4,17,15,cells_raw_100x100/p4_r17_c15_О.png,cells_64x64/p4_r17_c15_О.png,by_class/О/p4_r17_c15_О.png
p4_r17_c16_О,О,4,17,16,cells_raw_100x100/p4_r17_c16_О.png,cells_64x64/p4_r17_c16_О.png,by_class/О/p4_r17_c16_О.png
p4_r17_c17_О,О,4,17,17,cells_raw_100x100/p4_r17_c17_О.png,cells_64x64/p4_r17_c17_О.png,by_class/О/p4_r17_c17_О.png
p4_r18_c01_О,О,4,18,1,cells_raw_100x100/p4_r18_c01_О.png,cells_64x64/p4_r18_c01_О.png,by_class/О/p4_r18_c01_О.png
p4_r18_c02_О,О,4,18,2,cells_raw_100x100/p4_r18_c02_О.png,cells_64x64/p4_r18_c02_О.png,by_class/О/p4_r18_c02_О.png
p4_r18_c03_О,О,4,18,3,cells_raw_100x100/p4_r18_c03_О.png,cells_64x64/p4_r18_c03_О.png,by_class/О/p4_r18_c03_О.png
p4_r18_c04_О,О,4,18,4,cells_raw_100x100/p4_r18_c04_О.png,cells_64x64/p4_r18_c04_О.png,by_class/О/p4_r18_c04_О.png
p4_r18_c05_О,О,4,18,5,cells_raw_100x100/p4_r18_c05_О.png,cells_64x64/p4_r18_c05_О.png,by_class/О/p4_r18_c05_О.png
p4_r18_c06_О,О,4,18,6,cells_raw_100x100/p4_r18_c06_О.png,cells_64x64/p4_r18_c06_О.png,by_class/О/p4_r18_c06_О.png
p4_r18_c07_О,О,4,18,7,cells_raw_100x100/p4_r18_c07_О.png,cells_64x64/p4_r18_c07_О.png,by_class/О/p4_r18_c07_О.png
p4_r18_c08_О,О,4,18,8,cells_raw_100x100/p4_r18_c08_О.png,cells_64x64/p4_r18_c08_О.png,by_class/О/p4_r18_c08_О.png
p4_r18_c09_О,О,4,18,9,cells_raw_100x100/p4_r18_c09_О.png,cells_64x64/p4_r18_c09_О.png,by_class/О/p4_r18_c09_О.png
p4_r18_c10_О,О,4,18,10,cells_raw_100x100/p4_r18_c10_О.png,cells_64x64/p4_r18_c10_О.png,by_class/О/p4_r18_c10_О.png
p4_r18_c11_О,О,4,18,11,cells_raw_100x100/p4_r18_c11_О.png,cells_64x64/p4_r18_c11_О.png,by_class/О/p4_r18_c11_О.png
p4_r18_c12_О,О,4,18,12,cells_raw_100x100/p4_r18_c12_О.png,cells_64x64/p4_r18_c12_О.png,by_class/О/p4_r18_c12_О.png
p4_r18_c13_О,О,4,18,13,cells_raw_100x100/p4_r18_c13_О.png,cells_64x64/p4_r18_c13_О.png,by_class/О/p4_r18_c13_О.png
p4_r18_c14_О,О,4,18,14,cells_raw_100x100/p4_r18_c14_О.png,cells_64x64/p4_r18_c14_О.png,by_class/О/p4_r18_c14_О.png
p4_r18_c15_О,О,4,18,15,cells_raw_100x100/p4_r18_c15_О.png,cells_64x64/p4_r18_c15_О.png,by_class/О/p4_r18_c15_О.png
p4_r18_c16_О,О,4,18,16,cells_raw_100x100/p4_r18_c16_О.png,cells_64x64/p4_r18_c16_О.png,by_class/О/p4_r18_c16_О.png
p4_r18_c17_О,О,4,18,17,cells_raw_100x100/p4_r18_c17_О.png,cells_64x64/p4_r18_c17_О.png,by_class/О/p4_r18_c17_О.png
p4_r19_c01_П,П,4,19,1,cells_raw_100x100/p4_r19_c01_П.png,cells_64x64/p4_r19_c01_П.png,by_class/П/p4_r19_c01_П.png
p4_r19_c02_П,П,4,19,2,cells_raw_100x100/p4_r19_c02_П.png,cells_64x64/p4_r19_c02_П.png,by_class/П/p4_r19_c02_П.png
p4_r19_c03_П,П,4,19,3,cells_raw_100x100/p4_r19_c03_П.png,cells_64x64/p4_r19_c03_П.png,by_class/П/p4_r19_c03_П.png
p4_r19_c04_П,П,4,19,4,cells_raw_100x100/p4_r19_c04_П.png,cells_64x64/p4_r19_c04_П.png,by_class/П/p4_r19_c04_П.png
p4_r19_c05_П,П,4,19,5,cells_raw_100x100/p4_r19_c05_П.png,cells_64x64/p4_r19_c05_П.png,by_class/П/p4_r19_c05_П.png
p4_r19_c06_П,П,4,19,6,cells_raw_100x100/p4_r19_c06_П.png,cells_64x64/p4_r19_c06_П.png,by_class/П/p4_r19_c06_П.png
p4_r19_c07_П,П,4,19,7,cells_raw_100x100/p4_r19_c07_П.png,cells_64x64/p4_r19_c07_П.png,by_class/П/p4_r19_c07_П.png
p4_r19_c08_П,П,4,19,8,cells_raw_100x100/p4_r19_c08_П.png,cells_64x64/p4_r19_c08_П.png,by_class/П/p4_r19_c08_П.png
p4_r19_c09_П,П,4,19,9,cells_raw_100x100/p4_r19_c09_П.png,cells_64x64/p4_r19_c09_П.png,by_class/П/p4_r19_c09_П.png
p4_r19_c10_П,П,4,19,10,cells_raw_100x100/p4_r19_c10_П.png,cells_64x64/p4_r19_c10_П.png,by_class/П/p4_r19_c10_П.png
p4_r19_c11_П,П,4,19,11,cells_raw_100x100/p4_r19_c11_П.png,cells_64x64/p4_r19_c11_П.png,by_class/П/p4_r19_c11_П.png
p4_r19_c12_П,П,4,19,12,cells_raw_100x100/p4_r19_c12_П.png,cells_64x64/p4_r19_c12_П.png,by_class/П/p4_r19_c12_П.png
p4_r19_c13_П,П,4,19,13,cells_raw_100x100/p4_r19_c13_П.png,cells_64x64/p4_r19_c13_П.png,by_class/П/p4_r19_c13_П.png
p4_r19_c14_П,П,4,19,14,cells_raw_100x100/p4_r19_c14_П.png,cells_64x64/p4_r19_c14_П.png,by_class/П/p4_r19_c14_П.png
p4_r19_c15_П,П,4,19,15,cells_raw_100x100/p4_r19_c15_П.png,cells_64x64/p4_r19_c15_П.png,by_class/П/p4_r19_c15_П.png
p4_r19_c16_П,П,4,19,16,cells_raw_100x100/p4_r19_c16_П.png,cells_64x64/p4_r19_c16_П.png,by_class/П/p4_r19_c16_П.png
p4_r19_c17_П,П,4,19,17,cells_raw_100x100/p4_r19_c17_П.png,cells_64x64/p4_r19_c17_П.png,by_class/П/p4_r19_c17_П.png
p4_r20_c01_П,П,4,20,1,cells_raw_100x100/p4_r20_c01_П.png,cells_64x64/p4_r20_c01_П.png,by_class/П/p4_r20_c01_П.png
p4_r20_c02_П,П,4,20,2,cells_raw_100x100/p4_r20_c02_П.png,cells_64x64/p4_r20_c02_П.png,by_class/П/p4_r20_c02_П.png
p4_r20_c03_П,П,4,20,3,cells_raw_100x100/p4_r20_c03_П.png,cells_64x64/p4_r20_c03_П.png,by_class/П/p4_r20_c03_П.png
p4_r20_c04_П,П,4,20,4,cells_raw_100x100/p4_r20_c04_П.png,cells_64x64/p4_r20_c04_П.png,by_class/П/p4_r20_c04_П.png
p4_r20_c05_П,П,4,20,5,cells_raw_100x100/p4_r20_c05_П.png,cells_64x64/p4_r20_c05_П.png,by_class/П/p4_r20_c05_П.png
p4_r20_c06_П,П,4,20,6,cells_raw_100x100/p4_r20_c06_П.png,cells_64x64/p4_r20_c06_П.png,by_class/П/p4_r20_c06_П.png
p4_r20_c07_П,П,4,20,7,cells_raw_100x100/p4_r20_c07_П.png,cells_64x64/p4_r20_c07_П.png,by_class/П/p4_r20_c07_П.png
p4_r20_c08_П,П,4,20,8,cells_raw_100x100/p4_r20_c08_П.png,cells_64x64/p4_r20_c08_П.png,by_class/П/p4_r20_c08_П.png
p4_r20_c09_П,П,4,20,9,cells_raw_100x100/p4_r20_c09_П.png,cells_64x64/p4_r20_c09_П.png,by_class/П/p4_r20_c09_П.png
p4_r20_c10_П,П,4,20,10,cells_raw_100x100/p4_r20_c10_П.png,cells_64x64/p4_r20_c10_П.png,by_class/П/p4_r20_c10_П.png
p4_r20_c11_П,П,4,20,11,cells_raw_100x100/p4_r20_c11_П.png,cells_64x64/p4_r20_c11_П.png,by_class/П/p4_r20_c11_П.png
p4_r20_c12_П,П,4,20,12,cells_raw_100x100/p4_r20_c12_П.png,cells_64x64/p4_r20_c12_П.png,by_class/П/p4_r20_c12_П.png
p4_r20_c13_П,П,4,20,13,cells_raw_100x100/p4_r20_c13_П.png,cells_64x64/p4_r20_c13_П.png,by_class/П/p4_r20_c13_П.png
p4_r20_c14_П,П,4,20,14,cells_raw_100x100/p4_r20_c14_П.png,cells_64x64/p4_r20_c14_П.png,by_class/П/p4_r20_c14_П.png
p4_r20_c15_П,П,4,20,15,cells_raw_100x100/p4_r20_c15_П.png,cells_64x64/p4_r20_c15_П.png,by_class/П/p4_r20_c15_П.png
p4_r20_c16_П,П,4,20,16,cells_raw_100x100/p4_r20_c16_П.png,cells_64x64/p4_r20_c16_П.png,by_class/П/p4_r20_c16_П.png
p4_r20_c17_П,П,4,20,17,cells_raw_100x100/p4_r20_c17_П.png,cells_64x64/p4_r20_c17_П.png,by_class/П/p4_r20_c17_П.png
p4_r21_c01_Р,Р,4,21,1,cells_raw_100x100/p4_r21_c01_Р.png,cells_64x64/p4_r21_c01_Р.png,by_class/Р/p4_r21_c01_Р.png
p4_r21_c02_Р,Р,4,21,2,cells_raw_100x100/p4_r21_c02_Р.png,cells_64x64/p4_r21_c02_Р.png,by_class/Р/p4_r21_c02_Р.png
p4_r21_c03_Р,Р,4,21,3,cells_raw_100x100/p4_r21_c03_Р.png,cells_64x64/p4_r21_c03_Р.png,by_class/Р/p4_r21_c03_Р.png
p4_r21_c04_Р,Р,4,21,4,cells_raw_100x100/p4_r21_c04_Р.png,cells_64x64/p4_r21_c04_Р.png,by_class/Р/p4_r21_c04_Р.png
p4_r21_c05_Р,Р,4,21,5,cells_raw_100x100/p4_r21_c05_Р.png,cells_64x64/p4_r21_c05_Р.png,by_class/Р/p4_r21_c05_Р.png
p4_r21_c06_Р,Р,4,21,6,cells_raw_100x100/p4_r21_c06_Р.png,cells_64x64/p4_r21_c06_Р.png,by_class/Р/p4_r21_c06_Р.png
p4_r21_c07_Р,Р,4,21,7,cells_raw_100x100/p4_r21_c07_Р.png,cells_64x64/p4_r21_c07_Р.png,by_class/Р/p4_r21_c07_Р.png
p4_r21_c08_Р,Р,4,21,8,cells_raw_100x100/p4_r21_c08_Р.png,cells_64x64/p4_r21_c08_Р.png,by_class/Р/p4_r21_c08_Р.png
p4_r21_c09_Р,Р,4,21,9,cells_raw_100x100/p4_r21_c09_Р.png,cells_64x64/p4_r21_c09_Р.png,by_class/Р/p4_r21_c09_Р.png
p4_r21_c10_Р,Р,4,21,10,cells_raw_100x100/p4_r21_c10_Р.png,cells_64x64/p4_r21_c10_Р.png,by_class/Р/p4_r21_c10_Р.png
p4_r21_c11_Р,Р,4,21,11,cells_raw_100x100/p4_r21_c11_Р.png,cells_64x64/p4_r21_c11_Р.png,by_class/Р/p4_r21_c11_Р.png
p4_r21_c12_Р,Р,4,21,12,cells_raw_100x100/p4_r21_c12_Р.png,cells_64x64/p4_r21_c12_Р.png,by_class/Р/p4_r21_c12_Р.png
p4_r21_c13_Р,Р,4,21,13,cells_raw_100x100/p4_r21_c13_Р.png,cells_64x64/p4_r21_c13_Р.png,by_class/Р/p4_r21_c13_Р.png
p4_r21_c14_Р,Р,4,21,14,cells_raw_100x100/p4_r21_c14_Р.png,cells_64x64/p4_r21_c14_Р.png,by_class/Р/p4_r21_c14_Р.png
p4_r21_c15_Р,Р,4,21,15,cells_raw_100x100/p4_r21_c15_Р.png,cells_64x64/p4_r21_c15_Р.png,by_class/Р/p4_r21_c15_Р.png
p4_r21_c16_Р,Р,4,21,16,cells_raw_100x100/p4_r21_c16_Р.png,cells_64x64/p4_r21_c16_Р.png,by_class/Р/p4_r21_c16_Р.png
p4_r21_c17_Р,Р,4,21,17,cells_raw_100x100/p4_r21_c17_Р.png,cells_64x64/p4_r21_c17_Р.png,by_class/Р/p4_r21_c17_Р.png
p4_r22_c01_Р,Р,4,22,1,cells_raw_100x100/p4_r22_c01_Р.png,cells_64x64/p4_r22_c01_Р.png,by_class/Р/p4_r22_c01_Р.png
p4_r22_c02_Р,Р,4,22,2,cells_raw_100x100/p4_r22_c02_Р.png,cells_64x64/p4_r22_c02_Р.png,by_class/Р/p4_r22_c02_Р.png
p4_r22_c03_Р,Р,4,22,3,cells_raw_100x100/p4_r22_c03_Р.png,cells_64x64/p4_r22_c03_Р.png,by_class/Р/p4_r22_c03_Р.png
p4_r22_c04_Р,Р,4,22,4,cells_raw_100x100/p4_r22_c04_Р.png,cells_64x64/p4_r22_c04_Р.png,by_class/Р/p4_r22_c04_Р.png
p4_r22_c05_Р,Р,4,22,5,cells_raw_100x100/p4_r22_c05_Р.png,cells_64x64/p4_r22_c05_Р.png,by_class/Р/p4_r22_c05_Р.png
p4_r22_c06_Р,Р,4,22,6,cells_raw_100x100/p4_r22_c06_Р.png,cells_64x64/p4_r22_c06_Р.png,by_class/Р/p4_r22_c06_Р.png
p4_r22_c07_Р,Р,4,22,7,cells_raw_100x100/p4_r22_c07_Р.png,cells_64x64/p4_r22_c07_Р.png,by_class/Р/p4_r22_c07_Р.png
p4_r22_c08_Р,Р,4,22,8,cells_raw_100x100/p4_r22_c08_Р.png,cells_64x64/p4_r22_c08_Р.png,by_class/Р/p4_r22_c08_Р.png
p4_r22_c09_Р,Р,4,22,9,cells_raw_100x100/p4_r22_c09_Р.png,cells_64x64/p4_r22_c09_Р.png,by_class/Р/p4_r22_c09_Р.png
p4_r22_c10_Р,Р,4,22,10,cells_raw_100x100/p4_r22_c10_Р.png,cells_64x64/p4_r22_c10_Р.png,by_class/Р/p4_r22_c10_Р.png
p4_r22_c11_Р,Р,4,22,11,cells_raw_100x100/p4_r22_c11_Р.png,cells_64x64/p4_r22_c11_Р.png,by_class/Р/p4_r22_c11_Р.png
p4_r22_c12_Р,Р,4,22,12,cells_raw_100x100/p4_r22_c12_Р.png,cells_64x64/p4_r22_c12_Р.png,by_class/Р/p4_r22_c12_Р.png
p4_r22_c13_Р,Р,4,22,13,cells_raw_100x100/p4_r22_c13_Р.png,cells_64x64/p4_r22_c13_Р.png,by_class/Р/p4_r22_c13_Р.png
p4_r22_c14_Р,Р,4,22,14,cells_raw_100x100/p4_r22_c14_Р.png,cells_64x64/p4_r22_c14_Р.png,by_class/Р/p4_r22_c14_Р.png
p4_r22_c15_Р,Р,4,22,15,cells_raw_100x100/p4_r22_c15_Р.png,cells_64x64/p4_r22_c15_Р.png,by_class/Р/p4_r22_c15_Р.png
p4_r22_c16_Р,Р,4,22,16,cells_raw_100x100/p4_r22_c16_Р.png,cells_64x64/p4_r22_c16_Р.png,by_class/Р/p4_r22_c16_Р.png
p4_r22_c17_Р,Р,4,22,17,cells_raw_100x100/p4_r22_c17_Р.png,cells_64x64/p4_r22_c17_Р.png,by_class/Р/p4_r22_c17_Р.png
p4_r23_c01_С,С,4,23,1,cells_raw_100x100/p4_r23_c01_С.png,cells_64x64/p4_r23_c01_С.png,by_class/С/p4_r23_c01_С.png
p4_r23_c02_С,С,4,23,2,cells_raw_100x100/p4_r23_c02_С.png,cells_64x64/p4_r23_c02_С.png,by_class/С/p4_r23_c02_С.png
p4_r23_c03_С,С,4,23,3,cells_raw_100x100/p4_r23_c03_С.png,cells_64x64/p4_r23_c03_С.png,by_class/С/p4_r23_c03_С.png
p4_r23_c04_С,С,4,23,4,cells_raw_100x100/p4_r23_c04_С.png,cells_64x64/p4_r23_c04_С.png,by_class/С/p4_r23_c04_С.png
p4_r23_c05_С,С,4,23,5,cells_raw_100x100/p4_r23_c05_С.png,cells_64x64/p4_r23_c05_С.png,by_class/С/p4_r23_c05_С.png
p4_r23_c06_С,С,4,23,6,cells_raw_100x100/p4_r23_c06_С.png,cells_64x64/p4_r23_c06_С.png,by_class/С/p4_r23_c06_С.png
p4_r23_c07_С,С,4,23,7,cells_raw_100x100/p4_r23_c07_С.png,cells_64x64/p4_r23_c07_С.png,by_class/С/p4_r23_c07_С.png
p4_r23_c08_С,С,4,23,8,cells_raw_100x100/p4_r23_c08_С.png,cells_64x64/p4_r23_c08_С.png,by_class/С/p4_r23_c08_С.png
p4_r23_c09_С,С,4,23,9,cells_raw_100x100/p4_r23_c09_С.png,cells_64x64/p4_r23_c09_С.png,by_class/С/p4_r23_c09_С.png
p4_r23_c10_С,С,4,23,10,cells_raw_100x100/p4_r23_c10_С.png,cells_64x64/p4_r23_c10_С.png,by_class/С/p4_r23_c10_С.png
p4_r23_c11_С,С,4,23,11,cells_raw_100x100/p4_r23_c11_С.png,cells_64x64/p4_r23_c11_С.png,by_class/С/p4_r23_c11_С.png
p4_r23_c12_С,С,4,23,12,cells_raw_100x100/p4_r23_c12_С.png,cells_64x64/p4_r23_c12_С.png,by_class/С/p4_r23_c12_С.png
p4_r23_c13_С,С,4,23,13,cells_raw_100x100/p4_r23_c13_С.png,cells_64x64/p4_r23_c13_С.png,by_class/С/p4_r23_c13_С.png
p4_r23_c14_С,С,4,23,14,cells_raw_100x100/p4_r23_c14_С.png,cells_64x64/p4_r23_c14_С.png,by_class/С/p4_r23_c14_С.png
p4_r23_c15_С,С,4,23,15,cells_raw_100x100/p4_r23_c15_С.png,cells_64x64/p4_r23_c15_С.png,by_class/С/p4_r23_c15_С.png
p4_r23_c16_С,С,4,23,16,cells_raw_100x100/p4_r23_c16_С.png,cells_64x64/p4_r23_c16_С.png,by_class/С/p4_r23_c16_С.png
p4_r23_c17_С,С,4,23,17,cells_raw_100x100/p4_r23_c17_С.png,cells_64x64/p4_r23_c17_С.png,by_class/С/p4_r23_c17_С.png
p4_r24_c01_С,С,4,24,1,cells_raw_100x100/p4_r24_c01_С.png,cells_64x64/p4_r24_c01_С.png,by_class/С/p4_r24_c01_С.png
p4_r24_c02_С,С,4,24,2,cells_raw_100x100/p4_r24_c02_С.png,cells_64x64/p4_r24_c02_С.png,by_class/С/p4_r24_c02_С.png
p4_r24_c03_С,С,4,24,3,cells_raw_100x100/p4_r24_c03_С.png,cells_64x64/p4_r24_c03_С.png,by_class/С/p4_r24_c03_С.png
p4_r24_c04_С,С,4,24,4,cells_raw_100x100/p4_r24_c04_С.png,cells_64x64/p4_r24_c04_С.png,by_class/С/p4_r24_c04_С.png
p4_r24_c05_С,С,4,24,5,cells_raw_100x100/p4_r24_c05_С.png,cells_64x64/p4_r24_c05_С.png,by_class/С/p4_r24_c05_С.png
p4_r24_c06_С,С,4,24,6,cells_raw_100x100/p4_r24_c06_С.png,cells_64x64/p4_r24_c06_С.png,by_class/С/p4_r24_c06_С.png
p4_r24_c07_С,С,4,24,7,cells_raw_100x100/p4_r24_c07_С.png,cells_64x64/p4_r24_c07_С.png,by_class/С/p4_r24_c07_С.png
p4_r24_c08_С,С,4,24,8,cells_raw_100x100/p4_r24_c08_С.png,cells_64x64/p4_r24_c08_С.png,by_class/С/p4_r24_c08_С.png
p4_r24_c09_С,С,4,24,9,cells_raw_100x100/p4_r24_c09_С.png,cells_64x64/p4_r24_c09_С.png,by_class/С/p4_r24_c09_С.png
p4_r24_c10_С,С,4,24,10,cells_raw_100x100/p4_r24_c10_С.png,cells_64x64/p4_r24_c10_С.png,by_class/С/p4_r24_c10_С.png
p4_r24_c11_С,С,4,24,11,cells_raw_100x100/p4_r24_c11_С.png,cells_64x64/p4_r24_c11_С.png,by_class/С/p4_r24_c11_С.png
p4_r24_c12_С,С,4,24,12,cells_raw_100x100/p4_r24_c12_С.png,cells_64x64/p4_r24_c12_С.png,by_class/С/p4_r24_c12_С.png
p4_r24_c13_С,С,4,24,13,cells_raw_100x100/p4_r24_c13_С.png,cells_64x64/p4_r24_c13_С.png,by_class/С/p4_r24_c13_С.png
p4_r24_c14_С,С,4,24,14,cells_raw_100x100/p4_r24_c14_С.png,cells_64x64/p4_r24_c14_С.png,by_class/С/p4_r24_c14_С.png
p4_r24_c15_С,С,4,24,15,cells_raw_100x100/p4_r24_c15_С.png,cells_64x64/p4_r24_c15_С.png,by_class/С/p4_r24_c15_С.png
p4_r24_c16_С,С,4,24,16,cells_raw_100x100/p4_r24_c16_С.png,cells_64x64/p4_r24_c16_С.png,by_class/С/p4_r24_c16_С.png
p4_r24_c17_С,С,4,24,17,cells_raw_100x100/p4_r24_c17_С.png,cells_64x64/p4_r24_c17_С.png,by_class/С/p4_r24_c17_С.png
p5_r01_c01_Т,Т,5,1,1,cells_raw_100x100/p5_r01_c01_Т.png,cells_64x64/p5_r01_c01_Т.png,by_class/Т/p5_r01_c01_Т.png
p5_r01_c02_Т,Т,5,1,2,cells_raw_100x100/p5_r01_c02_Т.png,cells_64x64/p5_r01_c02_Т.png,by_class/Т/p5_r01_c02_Т.png
p5_r01_c03_Т,Т,5,1,3,cells_raw_100x100/p5_r01_c03_Т.png,cells_64x64/p5_r01_c03_Т.png,by_class/Т/p5_r01_c03_Т.png
p5_r01_c04_Т,Т,5,1,4,cells_raw_100x100/p5_r01_c04_Т.png,cells_64x64/p5_r01_c04_Т.png,by_class/Т/p5_r01_c04_Т.png
p5_r01_c05_Т,Т,5,1,5,cells_raw_100x100/p5_r01_c05_Т.png,cells_64x64/p5_r01_c05_Т.png,by_class/Т/p5_r01_c05_Т.png
p5_r01_c06_Т,Т,5,1,6,cells_raw_100x100/p5_r01_c06_Т.png,cells_64x64/p5_r01_c06_Т.png,by_class/Т/p5_r01_c06_Т.png
p5_r01_c07_Т,Т,5,1,7,cells_raw_100x100/p5_r01_c07_Т.png,cells_64x64/p5_r01_c07_Т.png,by_class/Т/p5_r01_c07_Т.png
p5_r01_c08_Т,Т,5,1,8,cells_raw_100x100/p5_r01_c08_Т.png,cells_64x64/p5_r01_c08_Т.png,by_class/Т/p5_r01_c08_Т.png
p5_r01_c09_Т,Т,5,1,9,cells_raw_100x100/p5_r01_c09_Т.png,cells_64x64/p5_r01_c09_Т.png,by_class/Т/p5_r01_c09_Т.png
p5_r01_c10_Т,Т,5,1,10,cells_raw_100x100/p5_r01_c10_Т.png,cells_64x64/p5_r01_c10_Т.png,by_class/Т/p5_r01_c10_Т.png
p5_r01_c11_Т,Т,5,1,11,cells_raw_100x100/p5_r01_c11_Т.png,cells_64x64/p5_r01_c11_Т.png,by_class/Т/p5_r01_c11_Т.png
p5_r01_c12_Т,Т,5,1,12,cells_raw_100x100/p5_r01_c12_Т.png,cells_64x64/p5_r01_c12_Т.png,by_class/Т/p5_r01_c12_Т.png
p5_r01_c13_Т,Т,5,1,13,cells_raw_100x100/p5_r01_c13_Т.png,cells_64x64/p5_r01_c13_Т.png,by_class/Т/p5_r01_c13_Т.png
p5_r01_c14_Т,Т,5,1,14,cells_raw_100x100/p5_r01_c14_Т.png,cells_64x64/p5_r01_c14_Т.png,by_class/Т/p5_r01_c14_Т.png
p5_r01_c15_Т,Т,5,1,15,cells_raw_100x100/p5_r01_c15_Т.png,cells_64x64/p5_r01_c15_Т.png,by_class/Т/p5_r01_c15_Т.png
p5_r01_c16_Т,Т,5,1,16,cells_raw_100x100/p5_r01_c16_Т.png,cells_64x64/p5_r01_c16_Т.png,by_class/Т/p5_r01_c16_Т.png
p5_r01_c17_Т,Т,5,1,17,cells_raw_100x100/p5_r01_c17_Т.png,cells_64x64/p5_r01_c17_Т.png,by_class/Т/p5_r01_c17_Т.png
p5_r02_c01_Т,Т,5,2,1,cells_raw_100x100/p5_r02_c01_Т.png,cells_64x64/p5_r02_c01_Т.png,by_class/Т/p5_r02_c01_Т.png
p5_r02_c02_Т,Т,5,2,2,cells_raw_100x100/p5_r02_c02_Т.png,cells_64x64/p5_r02_c02_Т.png,by_class/Т/p5_r02_c02_Т.png
p5_r02_c03_Т,Т,5,2,3,cells_raw_100x100/p5_r02_c03_Т.png,cells_64x64/p5_r02_c03_Т.png,by_class/Т/p5_r02_c03_Т.png
p5_r02_c04_Т,Т,5,2,4,cells_raw_100x100/p5_r02_c04_Т.png,cells_64x64/p5_r02_c04_Т.png,by_class/Т/p5_r02_c04_Т.png
p5_r02_c05_Т,Т,5,2,5,cells_raw_100x100/p5_r02_c05_Т.png,cells_64x64/p5_r02_c05_Т.png,by_class/Т/p5_r02_c05_Т.png
p5_r02_c06_Т,Т,5,2,6,cells_raw_100x100/p5_r02_c06_Т.png,cells_64x64/p5_r02_c06_Т.png,by_class/Т/p5_r02_c06_Т.png
p5_r02_c07_Т,Т,5,2,7,cells_raw_100x100/p5_r02_c07_Т.png,cells_64x64/p5_r02_c07_Т.png,by_class/Т/p5_r02_c07_Т.png
p5_r02_c08_Т,Т,5,2,8,cells_raw_100x100/p5_r02_c08_Т.png,cells_64x64/p5_r02_c08_Т.png,by_class/Т/p5_r02_c08_Т.png
p5_r02_c09_Т,Т,5,2,9,cells_raw_100x100/p5_r02_c09_Т.png,cells_64x64/p5_r02_c09_Т.png,by_class/Т/p5_r02_c09_Т.png
p5_r02_c10_Т,Т,5,2,10,cells_raw_100x100/p5_r02_c10_Т.png,cells_64x64/p5_r02_c10_Т.png,by_class/Т/p5_r02_c10_Т.png
p5_r02_c11_Т,Т,5,2,11,cells_raw_100x100/p5_r02_c11_Т.png,cells_64x64/p5_r02_c11_Т.png,by_class/Т/p5_r02_c11_Т.png
p5_r02_c12_Т,Т,5,2,12,cells_raw_100x100/p5_r02_c12_Т.png,cells_64x64/p5_r02_c12_Т.png,by_class/Т/p5_r02_c12_Т.png
p5_r02_c13_Т,Т,5,2,13,cells_raw_100x100/p5_r02_c13_Т.png,cells_64x64/p5_r02_c13_Т.png,by_class/Т/p5_r02_c13_Т.png
p5_r02_c14_Т,Т,5,2,14,cells_raw_100x100/p5_r02_c14_Т.png,cells_64x64/p5_r02_c14_Т.png,by_class/Т/p5_r02_c14_Т.png
p5_r02_c15_Т,Т,5,2,15,cells_raw_100x100/p5_r02_c15_Т.png,cells_64x64/p5_r02_c15_Т.png,by_class/Т/p5_r02_c15_Т.png
p5_r02_c16_Т,Т,5,2,16,cells_raw_100x100/p5_r02_c16_Т.png,cells_64x64/p5_r02_c16_Т.png,by_class/Т/p5_r02_c16_Т.png
p5_r02_c17_Т,Т,5,2,17,cells_raw_100x100/p5_r02_c17_Т.png,cells_64x64/p5_r02_c17_Т.png,by_class/Т/p5_r02_c17_Т.png
p5_r03_c01_У,У,5,3,1,cells_raw_100x100/p5_r03_c01_У.png,cells_64x64/p5_r03_c01_У.png,by_class/У/p5_r03_c01_У.png
p5_r03_c02_У,У,5,3,2,cells_raw_100x100/p5_r03_c02_У.png,cells_64x64/p5_r03_c02_У.png,by_class/У/p5_r03_c02_У.png
p5_r03_c03_У,У,5,3,3,cells_raw_100x100/p5_r03_c03_У.png,cells_64x64/p5_r03_c03_У.png,by_class/У/p5_r03_c03_У.png
p5_r03_c04_У,У,5,3,4,cells_raw_100x100/p5_r03_c04_У.png,cells_64x64/p5_r03_c04_У.png,by_class/У/p5_r03_c04_У.png
p5_r03_c05_У,У,5,3,5,cells_raw_100x100/p5_r03_c05_У.png,cells_64x64/p5_r03_c05_У.png,by_class/У/p5_r03_c05_У.png
p5_r03_c06_У,У,5,3,6,cells_raw_100x100/p5_r03_c06_У.png,cells_64x64/p5_r03_c06_У.png,by_class/У/p5_r03_c06_У.png
p5_r03_c07_У,У,5,3,7,cells_raw_100x100/p5_r03_c07_У.png,cells_64x64/p5_r03_c07_У.png,by_class/У/p5_r03_c07_У.png
p5_r03_c08_У,У,5,3,8,cells_raw_100x100/p5_r03_c08_У.png,cells_64x64/p5_r03_c08_У.png,by_class/У/p5_r03_c08_У.png
p5_r03_c09_У,У,5,3,9,cells_raw_100x100/p5_r03_c09_У.png,cells_64x64/p5_r03_c09_У.png,by_class/У/p5_r03_c09_У.png
p5_r03_c10_У,У,5,3,10,cells_raw_100x100/p5_r03_c10_У.png,cells_64x64/p5_r03_c10_У.png,by_class/У/p5_r03_c10_У.png
p5_r03_c11_У,У,5,3,11,cells_raw_100x100/p5_r03_c11_У.png,cells_64x64/p5_r03_c11_У.png,by_class/У/p5_r03_c11_У.png
p5_r03_c12_У,У,5,3,12,cells_raw_100x100/p5_r03_c12_У.png,cells_64x64/p5_r03_c12_У.png,by_class/У/p5_r03_c12_У.png
p5_r03_c13_У,У,5,3,13,cells_raw_100x100/p5_r03_c13_У.png,cells_64x64/p5_r03_c13_У.png,by_class/У/p5_r03_c13_У.png
p5_r03_c14_У,У,5,3,14,cells_raw_100x100/p5_r03_c14_У.png,cells_64x64/p5_r03_c14_У.png,by_class/У/p5_r03_c14_У.png
p5_r03_c15_У,У,5,3,15,cells_raw_100x100/p5_r03_c15_У.png,cells_64x64/p5_r03_c15_У.png,by_class/У/p5_r03_c15_У.png
p5_r03_c16_У,У,5,3,16,cells_raw_100x100/p5_r03_c16_У.png,cells_64x64/p5_r03_c16_У.png,by_class/У/p5_r03_c16_У.png
p5_r03_c17_У,У,5,3,17,cells_raw_100x100/p5_r03_c17_У.png,cells_64x64/p5_r03_c17_У.png,by_class/У/p5_r03_c17_У.png
p5_r04_c01_У,У,5,4,1,cells_raw_100x100/p5_r04_c01_У.png,cells_64x64/p5_r04_c01_У.png,by_class/У/p5_r04_c01_У.png
p5_r04_c02_У,У,5,4,2,cells_raw_100x100/p5_r04_c02_У.png,cells_64x64/p5_r04_c02_У.png,by_class/У/p5_r04_c02_У.png
p5_r04_c03_У,У,5,4,3,cells_raw_100x100/p5_r04_c03_У.png,cells_64x64/p5_r04_c03_У.png,by_class/У/p5_r04_c03_У.png
p5_r04_c04_У,У,5,4,4,cells_raw_100x100/p5_r04_c04_У.png,cells_64x64/p5_r04_c04_У.png,by_class/У/p5_r04_c04_У.png
p5_r04_c05_У,У,5,4,5,cells_raw_100x100/p5_r04_c05_У.png,cells_64x64/p5_r04_c05_У.png,by_class/У/p5_r04_c05_У.png
p5_r04_c06_У,У,5,4,6,cells_raw_100x100/p5_r04_c06_У.png,cells_64x64/p5_r04_c06_У.png,by_class/У/p5_r04_c06_У.png
p5_r04_c07_У,У,5,4,7,cells_raw_100x100/p5_r04_c07_У.png,cells_64x64/p5_r04_c07_У.png,by_class/У/p5_r04_c07_У.png
p5_r04_c08_У,У,5,4,8,cells_raw_100x100/p5_r04_c08_У.png,cells_64x64/p5_r04_c08_У.png,by_class/У/p5_r04_c08_У.png
p5_r04_c09_У,У,5,4,9,cells_raw_100x100/p5_r04_c09_У.png,cells_64x64/p5_r04_c09_У.png,by_class/У/p5_r04_c09_У.png
p5_r04_c10_У,У,5,4,10,cells_raw_100x100/p5_r04_c10_У.png,cells_64x64/p5_r04_c10_У.png,by_class/У/p5_r04_c10_У.png
p5_r04_c11_У,У,5,4,11,cells_raw_100x100/p5_r04_c11_У.png,cells_64x64/p5_r04_c11_У.png,by_class/У/p5_r04_c11_У.png
p5_r04_c12_У,У,5,4,12,cells_raw_100x100/p5_r04_c12_У.png,cells_64x64/p5_r04_c12_У.png,by_class/У/p5_r04_c12_У.png
p5_r04_c13_У,У,5,4,13,cells_raw_100x100/p5_r04_c13_У.png,cells_64x64/p5_r04_c13_У.png,by_class/У/p5_r04_c13_У.png
p5_r04_c14_У,У,5,4,14,cells_raw_100x100/p5_r04_c14_У.png,cells_64x64/p5_r04_c14_У.png,by_class/У/p5_r04_c14_У.png
p5_r04_c15_У,У,5,4,15,cells_raw_100x100/p5_r04_c15_У.png,cells_64x64/p5_r04_c15_У.png,by_class/У/p5_r04_c15_У.png
p5_r04_c16_У,У,5,4,16,cells_raw_100x100/p5_r04_c16_У.png,cells_64x64/p5_r04_c16_У.png,by_class/У/p5_r04_c16_У.png
p5_r04_c17_У,У,5,4,17,cells_raw_100x100/p5_r04_c17_У.png,cells_64x64/p5_r04_c17_У.png,by_class/У/p5_r04_c17_У.png
p5_r05_c01_Ф,Ф,5,5,1,cells_raw_100x100/p5_r05_c01_Ф.png,cells_64x64/p5_r05_c01_Ф.png,by_class/Ф/p5_r05_c01_Ф.png
p5_r05_c02_Ф,Ф,5,5,2,cells_raw_100x100/p5_r05_c02_Ф.png,cells_64x64/p5_r05_c02_Ф.png,by_class/Ф/p5_r05_c02_Ф.png
p5_r05_c03_Ф,Ф,5,5,3,cells_raw_100x100/p5_r05_c03_Ф.png,cells_64x64/p5_r05_c03_Ф.png,by_class/Ф/p5_r05_c03_Ф.png
p5_r05_c04_Ф,Ф,5,5,4,cells_raw_100x100/p5_r05_c04_Ф.png,cells_64x64/p5_r05_c04_Ф.png,by_class/Ф/p5_r05_c04_Ф.png
p5_r05_c05_Ф,Ф,5,5,5,cells_raw_100x100/p5_r05_c05_Ф.png,cells_64x64/p5_r05_c05_Ф.png,by_class/Ф/p5_r05_c05_Ф.png
p5_r05_c06_Ф,Ф,5,5,6,cells_raw_100x100/p5_r05_c06_Ф.png,cells_64x64/p5_r05_c06_Ф.png,by_class/Ф/p5_r05_c06_Ф.png
p5_r05_c07_Ф,Ф,5,5,7,cells_raw_100x100/p5_r05_c07_Ф.png,cells_64x64/p5_r05_c07_Ф.png,by_class/Ф/p5_r05_c07_Ф.png
p5_r05_c08_Ф,Ф,5,5,8,cells_raw_100x100/p5_r05_c08_Ф.png,cells_64x64/p5_r05_c08_Ф.png,by_class/Ф/p5_r05_c08_Ф.png
p5_r05_c09_Ф,Ф,5,5,9,cells_raw_100x100/p5_r05_c09_Ф.png,cells_64x64/p5_r05_c09_Ф.png,by_class/Ф/p5_r05_c09_Ф.png
p5_r05_c10_Ф,Ф,5,5,10,cells_raw_100x100/p5_r05_c10_Ф.png,cells_64x64/p5_r05_c10_Ф.png,by_class/Ф/p5_r05_c10_Ф.png
p5_r05_c11_Ф,Ф,5,5,11,cells_raw_100x100/p5_r05_c11_Ф.png,cells_64x64/p5_r05_c11_Ф.png,by_class/Ф/p5_r05_c11_Ф.png
p5_r05_c12_Ф,Ф,5,5,12,cells_raw_100x100/p5_r05_c12_Ф.png,cells_64x64/p5_r05_c12_Ф.png,by_class/Ф/p5_r05_c12_Ф.png
p5_r05_c13_Ф,Ф,5,5,13,cells_raw_100x100/p5_r05_c13_Ф.png,cells_64x64/p5_r05_c13_Ф.png,by_class/Ф/p5_r05_c13_Ф.png
p5_r05_c14_Ф,Ф,5,5,14,cells_raw_100x100/p5_r05_c14_Ф.png,cells_64x64/p5_r05_c14_Ф.png,by_class/Ф/p5_r05_c14_Ф.png
p5_r05_c15_Ф,Ф,5,5,15,cells_raw_100x100/p5_r05_c15_Ф.png,cells_64x64/p5_r05_c15_Ф.png,by_class/Ф/p5_r05_c15_Ф.png
p5_r05_c16_Ф,Ф,5,5,16,cells_raw_100x100/p5_r05_c16_Ф.png,cells_64x64/p5_r05_c16_Ф.png,by_class/Ф/p5_r05_c16_Ф.png
p5_r05_c17_Ф,Ф,5,5,17,cells_raw_100x100/p5_r05_c17_Ф.png,cells_64x64/p5_r05_c17_Ф.png,by_class/Ф/p5_r05_c17_Ф.png
p5_r06_c01_Ф,Ф,5,6,1,cells_raw_100x100/p5_r06_c01_Ф.png,cells_64x64/p5_r06_c01_Ф.png,by_class/Ф/p5_r06_c01_Ф.png
p5_r06_c02_Ф,Ф,5,6,2,cells_raw_100x100/p5_r06_c02_Ф.png,cells_64x64/p5_r06_c02_Ф.png,by_class/Ф/p5_r06_c02_Ф.png
p5_r06_c03_Ф,Ф,5,6,3,cells_raw_100x100/p5_r06_c03_Ф.png,cells_64x64/p5_r06_c03_Ф.png,by_class/Ф/p5_r06_c03_Ф.png
p5_r06_c04_Ф,Ф,5,6,4,cells_raw_100x100/p5_r06_c04_Ф.png,cells_64x64/p5_r06_c04_Ф.png,by_class/Ф/p5_r06_c04_Ф.png
p5_r06_c05_Ф,Ф,5,6,5,cells_raw_100x100/p5_r06_c05_Ф.png,cells_64x64/p5_r06_c05_Ф.png,by_class/Ф/p5_r06_c05_Ф.png
p5_r06_c06_Ф,Ф,5,6,6,cells_raw_100x100/p5_r06_c06_Ф.png,cells_64x64/p5_r06_c06_Ф.png,by_class/Ф/p5_r06_c06_Ф.png
p5_r06_c07_Ф,Ф,5,6,7,cells_raw_100x100/p5_r06_c07_Ф.png,cells_64x64/p5_r06_c07_Ф.png,by_class/Ф/p5_r06_c07_Ф.png
p5_r06_c08_Ф,Ф,5,6,8,cells_raw_100x100/p5_r06_c08_Ф.png,cells_64x64/p5_r06_c08_Ф.png,by_class/Ф/p5_r06_c08_Ф.png
p5_r06_c09_Ф,Ф,5,6,9,cells_raw_100x100/p5_r06_c09_Ф.png,cells_64x64/p5_r06_c09_Ф.png,by_class/Ф/p5_r06_c09_Ф.png
p5_r06_c10_Ф,Ф,5,6,10,cells_raw_100x100/p5_r06_c10_Ф.png,cells_64x64/p5_r06_c10_Ф.png,by_class/Ф/p5_r06_c10_Ф.png
p5_r06_c11_Ф,Ф,5,6,11,cells_raw_100x100/p5_r06_c11_Ф.png,cells_64x64/p5_r06_c11_Ф.png,by_class/Ф/p5_r06_c11_Ф.png
p5_r06_c12_Ф,Ф,5,6,12,cells_raw_100x100/p5_r06_c12_Ф.png,cells_64x64/p5_r06_c12_Ф.png,by_class/Ф/p5_r06_c12_Ф.png
p5_r06_c13_Ф,Ф,5,6,13,cells_raw_100x100/p5_r06_c13_Ф.png,cells_64x64/p5_r06_c13_Ф.png,by_class/Ф/p5_r06_c13_Ф.png
p5_r06_c14_Ф,Ф,5,6,14,cells_raw_100x100/p5_r06_c14_Ф.png,cells_64x64/p5_r06_c14_Ф.png,by_class/Ф/p5_r06_c14_Ф.png
p5_r06_c15_Ф,Ф,5,6,15,cells_raw_100x100/p5_r06_c15_Ф.png,cells_64x64/p5_r06_c15_Ф.png,by_class/Ф/p5_r06_c15_Ф.png
p5_r06_c16_Ф,Ф,5,6,16,cells_raw_100x100/p5_r06_c16_Ф.png,cells_64x64/p5_r06_c16_Ф.png,by_class/Ф/p5_r06_c16_Ф.png
p5_r06_c17_Ф,Ф,5,6,17,cells_raw_100x100/p5_r06_c17_Ф.png,cells_64x64/p5_r06_c17_Ф.png,by_class/Ф/p5_r06_c17_Ф.png
p5_r07_c01_Х,Х,5,7,1,cells_raw_100x100/p5_r07_c01_Х.png,cells_64x64/p5_r07_c01_Х.png,by_class/Х/p5_r07_c01_Х.png
p5_r07_c02_Х,Х,5,7,2,cells_raw_100x100/p5_r07_c02_Х.png,cells_64x64/p5_r07_c02_Х.png,by_class/Х/p5_r07_c02_Х.png
p5_r07_c03_Х,Х,5,7,3,cells_raw_100x100/p5_r07_c03_Х.png,cells_64x64/p5_r07_c03_Х.png,by_class/Х/p5_r07_c03_Х.png
p5_r07_c04_Х,Х,5,7,4,cells_raw_100x100/p5_r07_c04_Х.png,cells_64x64/p5_r07_c04_Х.png,by_class/Х/p5_r07_c04_Х.png
p5_r07_c05_Х,Х,5,7,5,cells_raw_100x100/p5_r07_c05_Х.png,cells_64x64/p5_r07_c05_Х.png,by_class/Х/p5_r07_c05_Х.png
p5_r07_c06_Х,Х,5,7,6,cells_raw_100x100/p5_r07_c06_Х.png,cells_64x64/p5_r07_c06_Х.png,by_class/Х/p5_r07_c06_Х.png
p5_r07_c07_Х,Х,5,7,7,cells_raw_100x100/p5_r07_c07_Х.png,cells_64x64/p5_r07_c07_Х.png,by_class/Х/p5_r07_c07_Х.png
p5_r07_c08_Х,Х,5,7,8,cells_raw_100x100/p5_r07_c08_Х.png,cells_64x64/p5_r07_c08_Х.png,by_class/Х/p5_r07_c08_Х.png
p5_r07_c09_Х,Х,5,7,9,cells_raw_100x100/p5_r07_c09_Х.png,cells_64x64/p5_r07_c09_Х.png,by_class/Х/p5_r07_c09_Х.png
p5_r07_c10_Х,Х,5,7,10,cells_raw_100x100/p5_r07_c10_Х.png,cells_64x64/p5_r07_c10_Х.png,by_class/Х/p5_r07_c10_Х.png
p5_r07_c11_Х,Х,5,7,11,cells_raw_100x100/p5_r07_c11_Х.png,cells_64x64/p5_r07_c11_Х.png,by_class/Х/p5_r07_c11_Х.png
p5_r07_c12_Х,Х,5,7,12,cells_raw_100x100/p5_r07_c12_Х.png,cells_64x64/p5_r07_c12_Х.png,by_class/Х/p5_r07_c12_Х.png
p5_r07_c13_Х,Х,5,7,13,cells_raw_100x100/p5_r07_c13_Х.png,cells_64x64/p5_r07_c13_Х.png,by_class/Х/p5_r07_c13_Х.png
p5_r07_c14_Х,Х,5,7,14,cells_raw_100x100/p5_r07_c14_Х.png,cells_64x64/p5_r07_c14_Х.png,by_class/Х/p5_r07_c14_Х.png
p5_r07_c15_Х,Х,5,7,15,cells_raw_100x100/p5_r07_c15_Х.png,cells_64x64/p5_r07_c15_Х.png,by_class/Х/p5_r07_c15_Х.png
p5_r07_c16_Х,Х,5,7,16,cells_raw_100x100/p5_r07_c16_Х.png,cells_64x64/p5_r07_c16_Х.png,by_class/Х/p5_r07_c16_Х.png
p5_r07_c17_Х,Х,5,7,17,cells_raw_100x100/p5_r07_c17_Х.png,cells_64x64/p5_r07_c17_Х.png,by_class/Х/p5_r07_c17_Х.png
p5_r08_c01_Х,Х,5,8,1,cells_raw_100x100/p5_r08_c01_Х.png,cells_64x64/p5_r08_c01_Х.png,by_class/Х/p5_r08_c01_Х.png
p5_r08_c02_Х,Х,5,8,2,cells_raw_100x100/p5_r08_c02_Х.png,cells_64x64/p5_r08_c02_Х.png,by_class/Х/p5_r08_c02_Х.png
p5_r08_c03_Х,Х,5,8,3,cells_raw_100x100/p5_r08_c03_Х.png,cells_64x64/p5_r08_c03_Х.png,by_class/Х/p5_r08_c03_Х.png
p5_r08_c04_Х,Х,5,8,4,cells_raw_100x100/p5_r08_c04_Х.png,cells_64x64/p5_r08_c04_Х.png,by_class/Х/p5_r08_c04_Х.png
p5_r08_c05_Х,Х,5,8,5,cells_raw_100x100/p5_r08_c05_Х.png,cells_64x64/p5_r08_c05_Х.png,by_class/Х/p5_r08_c05_Х.png
p5_r08_c06_Х,Х,5,8,6,cells_raw_100x100/p5_r08_c06_Х.png,cells_64x64/p5_r08_c06_Х.png,by_class/Х/p5_r08_c06_Х.png
p5_r08_c07_Х,Х,5,8,7,cells_raw_100x100/p5_r08_c07_Х.png,cells_64x64/p5_r08_c07_Х.png,by_class/Х/p5_r08_c07_Х.png
p5_r08_c08_Х,Х,5,8,8,cells_raw_100x100/p5_r08_c08_Х.png,cells_64x64/p5_r08_c08_Х.png,by_class/Х/p5_r08_c08_Х.png
p5_r08_c09_Х,Х,5,8,9,cells_raw_100x100/p5_r08_c09_Х.png,cells_64x64/p5_r08_c09_Х.png,by_class/Х/p5_r08_c09_Х.png
p5_r08_c10_Х,Х,5,8,10,cells_raw_100x100/p5_r08_c10_Х.png,cells_64x64/p5_r08_c10_Х.png,by_class/Х/p5_r08_c10_Х.png
p5_r08_c11_Х,Х,5,8,11,cells_raw_100x100/p5_r08_c11_Х.png,cells_64x64/p5_r08_c11_Х.png,by_class/Х/p5_r08_c11_Х.png
p5_r08_c12_Х,Х,5,8,12,cells_raw_100x100/p5_r08_c12_Х.png,cells_64x64/p5_r08_c12_Х.png,by_class/Х/p5_r08_c12_Х.png
p5_r08_c13_Х,Х,5,8,13,cells_raw_100x100/p5_r08_c13_Х.png,cells_64x64/p5_r08_c13_Х.png,by_class/Х/p5_r08_c13_Х.png
p5_r08_c14_Х,Х,5,8,14,cells_raw_100x100/p5_r08_c14_Х.png,cells_64x64/p5_r08_c14_Х.png,by_class/Х/p5_r08_c14_Х.png
p5_r08_c15_Х,Х,5,8,15,cells_raw_100x100/p5_r08_c15_Х.png,cells_64x64/p5_r08_c15_Х.png,by_class/Х/p5_r08_c15_Х.png
p5_r08_c16_Х,Х,5,8,16,cells_raw_100x100/p5_r08_c16_Х.png,cells_64x64/p5_r08_c16_Х.png,by_class/Х/p5_r08_c16_Х.png
p5_r08_c17_Х,Х,5,8,17,cells_raw_100x100/p5_r08_c17_Х.png,cells_64x64/p5_r08_c17_Х.png,by_class/Х/p5_r08_c17_Х.png
p5_r09_c01_Ъ,Ъ,5,9,1,cells_raw_100x100/p5_r09_c01_Ъ.png,cells_64x64/p5_r09_c01_Ъ.png,by_class/Ъ/p5_r09_c01_Ъ.png
p5_r09_c02_Ъ,Ъ,5,9,2,cells_raw_100x100/p5_r09_c02_Ъ.png,cells_64x64/p5_r09_c02_Ъ.png,by_class/Ъ/p5_r09_c02_Ъ.png
p5_r09_c03_Ъ,Ъ,5,9,3,cells_raw_100x100/p5_r09_c03_Ъ.png,cells_64x64/p5_r09_c03_Ъ.png,by_class/Ъ/p5_r09_c03_Ъ.png
p5_r09_c04_Ъ,Ъ,5,9,4,cells_raw_100x100/p5_r09_c04_Ъ.png,cells_64x64/p5_r09_c04_Ъ.png,by_class/Ъ/p5_r09_c04_Ъ.png
p5_r09_c05_Ъ,Ъ,5,9,5,cells_raw_100x100/p5_r09_c05_Ъ.png,cells_64x64/p5_r09_c05_Ъ.png,by_class/Ъ/p5_r09_c05_Ъ.png
p5_r09_c06_Ъ,Ъ,5,9,6,cells_raw_100x100/p5_r09_c06_Ъ.png,cells_64x64/p5_r09_c06_Ъ.png,by_class/Ъ/p5_r09_c06_Ъ.png
p5_r09_c07_Ъ,Ъ,5,9,7,cells_raw_100x100/p5_r09_c07_Ъ.png,cells_64x64/p5_r09_c07_Ъ.png,by_class/Ъ/p5_r09_c07_Ъ.png
p5_r09_c08_Ъ,Ъ,5,9,8,cells_raw_100x100/p5_r09_c08_Ъ.png,cells_64x64/p5_r09_c08_Ъ.png,by_class/Ъ/p5_r09_c08_Ъ.png
p5_r09_c09_Ъ,Ъ,5,9,9,cells_raw_100x100/p5_r09_c09_Ъ.png,cells_64x64/p5_r09_c09_Ъ.png,by_class/Ъ/p5_r09_c09_Ъ.png
p5_r09_c10_Ъ,Ъ,5,9,10,cells_raw_100x100/p5_r09_c10_Ъ.png,cells_64x64/p5_r09_c10_Ъ.png,by_class/Ъ/p5_r09_c10_Ъ.png
p5_r09_c11_Ъ,Ъ,5,9,11,cells_raw_100x100/p5_r09_c11_Ъ.png,cells_64x64/p5_r09_c11_Ъ.png,by_class/Ъ/p5_r09_c11_Ъ.png
p5_r09_c12_Ъ,Ъ,5,9,12,cells_raw_100x100/p5_r09_c12_Ъ.png,cells_64x64/p5_r09_c12_Ъ.png,by_class/Ъ/p5_r09_c12_Ъ.png
p5_r09_c13_Ъ,Ъ,5,9,13,cells_raw_100x100/p5_r09_c13_Ъ.png,cells_64x64/p5_r09_c13_Ъ.png,by_class/Ъ/p5_r09_c13_Ъ.png
p5_r09_c14_Ъ,Ъ,5,9,14,cells_raw_100x100/p5_r09_c14_Ъ.png,cells_64x64/p5_r09_c14_Ъ.png,by_class/Ъ/p5_r09_c14_Ъ.png
p5_r09_c15_Ъ,Ъ,5,9,15,cells_raw_100x100/p5_r09_c15_Ъ.png,cells_64x64/p5_r09_c15_Ъ.png,by_class/Ъ/p5_r09_c15_Ъ.png
p5_r09_c16_Ъ,Ъ,5,9,16,cells_raw_100x100/p5_r09_c16_Ъ.png,cells_64x64/p5_r09_c16_Ъ.png,by_class/Ъ/p5_r09_c16_Ъ.png
p5_r09_c17_Ъ,Ъ,5,9,17,cells_raw_100x100/p5_r09_c17_Ъ.png,cells_64x64/p5_r09_c17_Ъ.png,by_class/Ъ/p5_r09_c17_Ъ.png
p5_r10_c01_Ъ,Ъ,5,10,1,cells_raw_100x100/p5_r10_c01_Ъ.png,cells_64x64/p5_r10_c01_Ъ.png,by_class/Ъ/p5_r10_c01_Ъ.png
p5_r10_c02_Ъ,Ъ,5,10,2,cells_raw_100x100/p5_r10_c02_Ъ.png,cells_64x64/p5_r10_c02_Ъ.png,by_class/Ъ/p5_r10_c02_Ъ.png
p5_r10_c03_Ъ,Ъ,5,10,3,cells_raw_100x100/p5_r10_c03_Ъ.png,cells_64x64/p5_r10_c03_Ъ.png,by_class/Ъ/p5_r10_c03_Ъ.png
p5_r10_c04_Ъ,Ъ,5,10,4,cells_raw_100x100/p5_r10_c04_Ъ.png,cells_64x64/p5_r10_c04_Ъ.png,by_class/Ъ/p5_r10_c04_Ъ.png
p5_r10_c05_Ъ,Ъ,5,10,5,cells_raw_100x100/p5_r10_c05_Ъ.png,cells_64x64/p5_r10_c05_Ъ.png,by_class/Ъ/p5_r10_c05_Ъ.png
p5_r10_c06_Ъ,Ъ,5,10,6,cells_raw_100x100/p5_r10_c06_Ъ.png,cells_64x64/p5_r10_c06_Ъ.png,by_class/Ъ/p5_r10_c06_Ъ.png
p5_r10_c07_Ъ,Ъ,5,10,7,cells_raw_100x100/p5_r10_c07_Ъ.png,cells_64x64/p5_r10_c07_Ъ.png,by_class/Ъ/p5_r10_c07_Ъ.png
p5_r10_c08_Ъ,Ъ,5,10,8,cells_raw_100x100/p5_r10_c08_Ъ.png,cells_64x64/p5_r10_c08_Ъ.png,by_class/Ъ/p5_r10_c08_Ъ.png
p5_r10_c09_Ъ,Ъ,5,10,9,cells_raw_100x100/p5_r10_c09_Ъ.png,cells_64x64/p5_r10_c09_Ъ.png,by_class/Ъ/p5_r10_c09_Ъ.png
p5_r10_c10_Ъ,Ъ,5,10,10,cells_raw_100x100/p5_r10_c10_Ъ.png,cells_64x64/p5_r10_c10_Ъ.png,by_class/Ъ/p5_r10_c10_Ъ.png
p5_r10_c11_Ъ,Ъ,5,10,11,cells_raw_100x100/p5_r10_c11_Ъ.png,cells_64x64/p5_r10_c11_Ъ.png,by_class/Ъ/p5_r10_c11_Ъ.png
p5_r10_c12_Ъ,Ъ,5,10,12,cells_raw_100x100/p5_r10_c12_Ъ.png,cells_64x64/p5_r10_c12_Ъ.png,by_class/Ъ/p5_r10_c12_Ъ.png
p5_r10_c13_Ъ,Ъ,5,10,13,cells_raw_100x100/p5_r10_c13_Ъ.png,cells_64x64/p5_r10_c13_Ъ.png,by_class/Ъ/p5_r10_c13_Ъ.png
p5_r10_c14_Ъ,Ъ,5,10,14,cells_raw_100x100/p5_r10_c14_Ъ.png,cells_64x64/p5_r10_c14_Ъ.png,by_class/Ъ/p5_r10_c14_Ъ.png
p5_r10_c15_Ъ,Ъ,5,10,15,cells_raw_100x100/p5_r10_c15_Ъ.png,cells_64x64/p5_r10_c15_Ъ.png,by_class/Ъ/p5_r10_c15_Ъ.png
p5_r10_c16_Ъ,Ъ,5,10,16,cells_raw_100x100/p5_r10_c16_Ъ.png,cells_64x64/p5_r10_c16_Ъ.png,by_class/Ъ/p5_r10_c16_Ъ.png
p5_r10_c17_Ъ,Ъ,5,10,17,cells_raw_100x100/p5_r10_c17_Ъ.png,cells_64x64/p5_r10_c17_Ъ.png,by_class/Ъ/p5_r10_c17_Ъ.png
p5_r11_c01_Ы,Ы,5,11,1,cells_raw_100x100/p5_r11_c01_Ы.png,cells_64x64/p5_r11_c01_Ы.png,by_class/Ы/p5_r11_c01_Ы.png
p5_r11_c02_Ы,Ы,5,11,2,cells_raw_100x100/p5_r11_c02_Ы.png,cells_64x64/p5_r11_c02_Ы.png,by_class/Ы/p5_r11_c02_Ы.png
p5_r11_c03_Ы,Ы,5,11,3,cells_raw_100x100/p5_r11_c03_Ы.png,cells_64x64/p5_r11_c03_Ы.png,by_class/Ы/p5_r11_c03_Ы.png
p5_r11_c04_Ы,Ы,5,11,4,cells_raw_100x100/p5_r11_c04_Ы.png,cells_64x64/p5_r11_c04_Ы.png,by_class/Ы/p5_r11_c04_Ы.png
p5_r11_c05_Ы,Ы,5,11,5,cells_raw_100x100/p5_r11_c05_Ы.png,cells_64x64/p5_r11_c05_Ы.png,by_class/Ы/p5_r11_c05_Ы.png
p5_r11_c06_Ы,Ы,5,11,6,cells_raw_100x100/p5_r11_c06_Ы.png,cells_64x64/p5_r11_c06_Ы.png,by_class/Ы/p5_r11_c06_Ы.png
p5_r11_c07_Ы,Ы,5,11,7,cells_raw_100x100/p5_r11_c07_Ы.png,cells_64x64/p5_r11_c07_Ы.png,by_class/Ы/p5_r11_c07_Ы.png
p5_r11_c08_Ы,Ы,5,11,8,cells_raw_100x100/p5_r11_c08_Ы.png,cells_64x64/p5_r11_c08_Ы.png,by_class/Ы/p5_r11_c08_Ы.png
p5_r11_c09_Ы,Ы,5,11,9,cells_raw_100x100/p5_r11_c09_Ы.png,cells_64x64/p5_r11_c09_Ы.png,by_class/Ы/p5_r11_c09_Ы.png
p5_r11_c10_Ы,Ы,5,11,10,cells_raw_100x100/p5_r11_c10_Ы.png,cells_64x64/p5_r11_c10_Ы.png,by_class/Ы/p5_r11_c10_Ы.png
p5_r11_c11_Ы,Ы,5,11,11,cells_raw_100x100/p5_r11_c11_Ы.png,cells_64x64/p5_r11_c11_Ы.png,by_class/Ы/p5_r11_c11_Ы.png
p5_r11_c12_Ы,Ы,5,11,12,cells_raw_100x100/p5_r11_c12_Ы.png,cells_64x64/p5_r11_c12_Ы.png,by_class/Ы/p5_r11_c12_Ы.png
p5_r11_c13_Ы,Ы,5,11,13,cells_raw_100x100/p5_r11_c13_Ы.png,cells_64x64/p5_r11_c13_Ы.png,by_class/Ы/p5_r11_c13_Ы.png
p5_r11_c14_Ы,Ы,5,11,14,cells_raw_100x100/p5_r11_c14_Ы.png,cells_64x64/p5_r11_c14_Ы.png,by_class/Ы/p5_r11_c14_Ы.png
p5_r11_c15_Ы,Ы,5,11,15,cells_raw_100x100/p5_r11_c15_Ы.png,cells_64x64/p5_r11_c15_Ы.png,by_class/Ы/p5_r11_c15_Ы.png
p5_r11_c16_Ы,Ы,5,11,16,cells_raw_100x100/p5_r11_c16_Ы.png,cells_64x64/p5_r11_c16_Ы.png,by_class/Ы/p5_r11_c16_Ы.png
p5_r11_c17_Ы,Ы,5,11,17,cells_raw_100x100/p5_r11_c17_Ы.png,cells_64x64/p5_r11_c17_Ы.png,by_class/Ы/p5_r11_c17_Ы.png
p5_r12_c01_Ы,Ы,5,12,1,cells_raw_100x100/p5_r12_c01_Ы.png,cells_64x64/p5_r12_c01_Ы.png,by_class/Ы/p5_r12_c01_Ы.png
p5_r12_c02_Ы,Ы,5,12,2,cells_raw_100x100/p5_r12_c02_Ы.png,cells_64x64/p5_r12_c02_Ы.png,by_class/Ы/p5_r12_c02_Ы.png
p5_r12_c03_Ы,Ы,5,12,3,cells_raw_100x100/p5_r12_c03_Ы.png,cells_64x64/p5_r12_c03_Ы.png,by_class/Ы/p5_r12_c03_Ы.png
p5_r12_c04_Ы,Ы,5,12,4,cells_raw_100x100/p5_r12_c04_Ы.png,cells_64x64/p5_r12_c04_Ы.png,by_class/Ы/p5_r12_c04_Ы.png
p5_r12_c05_Ы,Ы,5,12,5,cells_raw_100x100/p5_r12_c05_Ы.png,cells_64x64/p5_r12_c05_Ы.png,by_class/Ы/p5_r12_c05_Ы.png
p5_r12_c06_Ы,Ы,5,12,6,cells_raw_100x100/p5_r12_c06_Ы.png,cells_64x64/p5_r12_c06_Ы.png,by_class/Ы/p5_r12_c06_Ы.png
p5_r12_c07_Ы,Ы,5,12,7,cells_raw_100x100/p5_r12_c07_Ы.png,cells_64x64/p5_r12_c07_Ы.png,by_class/Ы/p5_r12_c07_Ы.png
p5_r12_c08_Ы,Ы,5,12,8,cells_raw_100x100/p5_r12_c08_Ы.png,cells_64x64/p5_r12_c08_Ы.png,by_class/Ы/p5_r12_c08_Ы.png
p5_r12_c09_Ы,Ы,5,12,9,cells_raw_100x100/p5_r12_c09_Ы.png,cells_64x64/p5_r12_c09_Ы.png,by_class/Ы/p5_r12_c09_Ы.png
p5_r12_c10_Ы,Ы,5,12,10,cells_raw_100x100/p5_r12_c10_Ы.png,cells_64x64/p5_r12_c10_Ы.png,by_class/Ы/p5_r12_c10_Ы.png
p5_r12_c11_Ы,Ы,5,12,11,cells_raw_100x100/p5_r12_c11_Ы.png,cells_64x64/p5_r12_c11_Ы.png,by_class/Ы/p5_r12_c11_Ы.png
p5_r12_c12_Ы,Ы,5,12,12,cells_raw_100x100/p5_r12_c12_Ы.png,cells_64x64/p5_r12_c12_Ы.png,by_class/Ы/p5_r12_c12_Ы.png
p5_r12_c13_Ы,Ы,5,12,13,cells_raw_100x100/p5_r12_c13_Ы.png,cells_64x64/p5_r12_c13_Ы.png,by_class/Ы/p5_r12_c13_Ы.png
p5_r12_c14_Ы,Ы,5,12,14,cells_raw_100x100/p5_r12_c14_Ы.png,cells_64x64/p5_r12_c14_Ы.png,by_class/Ы/p5_r12_c14_Ы.png
p5_r12_c15_Ы,Ы,5,12,15,cells_raw_100x100/p5_r12_c15_Ы.png,cells_64x64/p5_r12_c15_Ы.png,by_class/Ы/p5_r12_c15_Ы.png
p5_r12_c16_Ы,Ы,5,12,16,cells_raw_100x100/p5_r12_c16_Ы.png,cells_64x64/p5_r12_c16_Ы.png,by_class/Ы/p5_r12_c16_Ы.png
p5_r12_c17_Ы,Ы,5,12,17,cells_raw_100x100/p5_r12_c17_Ы.png,cells_64x64/p5_r12_c17_Ы.png,by_class/Ы/p5_r12_c17_Ы.png
p5_r13_c01_Ь,Ь,5,13,1,cells_raw_100x100/p5_r13_c01_Ь.png,cells_64x64/p5_r13_c01_Ь.png,by_class/Ь/p5_r13_c01_Ь.png
p5_r13_c02_Ь,Ь,5,13,2,cells_raw_100x100/p5_r13_c02_Ь.png,cells_64x64/p5_r13_c02_Ь.png,by_class/Ь/p5_r13_c02_Ь.png
p5_r13_c03_Ь,Ь,5,13,3,cells_raw_100x100/p5_r13_c03_Ь.png,cells_64x64/p5_r13_c03_Ь.png,by_class/Ь/p5_r13_c03_Ь.png
p5_r13_c04_Ь,Ь,5,13,4,cells_raw_100x100/p5_r13_c04_Ь.png,cells_64x64/p5_r13_c04_Ь.png,by_class/Ь/p5_r13_c04_Ь.png
p5_r13_c05_Ь,Ь,5,13,5,cells_raw_100x100/p5_r13_c05_Ь.png,cells_64x64/p5_r13_c05_Ь.png,by_class/Ь/p5_r13_c05_Ь.png
p5_r13_c06_Ь,Ь,5,13,6,cells_raw_100x100/p5_r13_c06_Ь.png,cells_64x64/p5_r13_c06_Ь.png,by_class/Ь/p5_r13_c06_Ь.png
p5_r13_c07_Ь,Ь,5,13,7,cells_raw_100x100/p5_r13_c07_Ь.png,cells_64x64/p5_r13_c07_Ь.png,by_class/Ь/p5_r13_c07_Ь.png
p5_r13_c08_Ь,Ь,5,13,8,cells_raw_100x100/p5_r13_c08_Ь.png,cells_64x64/p5_r13_c08_Ь.png,by_class/Ь/p5_r13_c08_Ь.png
p5_r13_c09_Ь,Ь,5,13,9,cells_raw_100x100/p5_r13_c09_Ь.png,cells_64x64/p5_r13_c09_Ь.png,by_class/Ь/p5_r13_c09_Ь.png
p5_r13_c10_Ь,Ь,5,13,10,cells_raw_100x100/p5_r13_c10_Ь.png,cells_64x64/p5_r13_c10_Ь.png,by_class/Ь/p5_r13_c10_Ь.png
p5_r13_c11_Ь,Ь,5,13,11,cells_raw_100x100/p5_r13_c11_Ь.png,cells_64x64/p5_r13_c11_Ь.png,by_class/Ь/p5_r13_c11_Ь.png
p5_r13_c12_Ь,Ь,5,13,12,cells_raw_100x100/p5_r13_c12_Ь.png,cells_64x64/p5_r13_c12_Ь.png,by_class/Ь/p5_r13_c12_Ь.png
p5_r13_c13_Ь,Ь,5,13,13,cells_raw_100x100/p5_r13_c13_Ь.png,cells_64x64/p5_r13_c13_Ь.png,by_class/Ь/p5_r13_c13_Ь.png
p5_r13_c14_Ь,Ь,5,13,14,cells_raw_100x100/p5_r13_c14_Ь.png,cells_64x64/p5_r13_c14_Ь.png,by_class/Ь/p5_r13_c14_Ь.png
p5_r13_c15_Ь,Ь,5,13,15,cells_raw_100x100/p5_r13_c15_Ь.png,cells_64x64/p5_r13_c15_Ь.png,by_class/Ь/p5_r13_c15_Ь.png
p5_r13_c16_Ь,Ь,5,13,16,cells_raw_100x100/p5_r13_c16_Ь.png,cells_64x64/p5_r13_c16_Ь.png,by_class/Ь/p5_r13_c16_Ь.png
p5_r13_c17_Ь,Ь,5,13,17,cells_raw_100x100/p5_r13_c17_Ь.png,cells_64x64/p5_r13_c17_Ь.png,by_class/Ь/p5_r13_c17_Ь.png
p5_r14_c01_Ь,Ь,5,14,1,cells_raw_100x100/p5_r14_c01_Ь.png,cells_64x64/p5_r14_c01_Ь.png,by_class/Ь/p5_r14_c01_Ь.png
p5_r14_c02_Ь,Ь,5,14,2,cells_raw_100x100/p5_r14_c02_Ь.png,cells_64x64/p5_r14_c02_Ь.png,by_class/Ь/p5_r14_c02_Ь.png
p5_r14_c03_Ь,Ь,5,14,3,cells_raw_100x100/p5_r14_c03_Ь.png,cells_64x64/p5_r14_c03_Ь.png,by_class/Ь/p5_r14_c03_Ь.png
p5_r14_c04_Ь,Ь,5,14,4,cells_raw_100x100/p5_r14_c04_Ь.png,cells_64x64/p5_r14_c04_Ь.png,by_class/Ь/p5_r14_c04_Ь.png
p5_r14_c05_Ь,Ь,5,14,5,cells_raw_100x100/p5_r14_c05_Ь.png,cells_64x64/p5_r14_c05_Ь.png,by_class/Ь/p5_r14_c05_Ь.png
p5_r14_c06_Ь,Ь,5,14,6,cells_raw_100x100/p5_r14_c06_Ь.png,cells_64x64/p5_r14_c06_Ь.png,by_class/Ь/p5_r14_c06_Ь.png
p5_r14_c07_Ь,Ь,5,14,7,cells_raw_100x100/p5_r14_c07_Ь.png,cells_64x64/p5_r14_c07_Ь.png,by_class/Ь/p5_r14_c07_Ь.png
p5_r14_c08_Ь,Ь,5,14,8,cells_raw_100x100/p5_r14_c08_Ь.png,cells_64x64/p5_r14_c08_Ь.png,by_class/Ь/p5_r14_c08_Ь.png
p5_r14_c09_Ь,Ь,5,14,9,cells_raw_100x100/p5_r14_c09_Ь.png,cells_64x64/p5_r14_c09_Ь.png,by_class/Ь/p5_r14_c09_Ь.png
p5_r14_c10_Ь,Ь,5,14,10,cells_raw_100x100/p5_r14_c10_Ь.png,cells_64x64/p5_r14_c10_Ь.png,by_class/Ь/p5_r14_c10_Ь.png
p5_r14_c11_Ь,Ь,5,14,11,cells_raw_100x100/p5_r14_c11_Ь.png,cells_64x64/p5_r14_c11_Ь.png,by_class/Ь/p5_r14_c11_Ь.png
p5_r14_c12_Ь,Ь,5,14,12,cells_raw_100x100/p5_r14_c12_Ь.png,cells_64x64/p5_r14_c12_Ь.png,by_class/Ь/p5_r14_c12_Ь.png
p5_r14_c13_Ь,Ь,5,14,13,cells_raw_100x100/p5_r14_c13_Ь.png,cells_64x64/p5_r14_c13_Ь.png,by_class/Ь/p5_r14_c13_Ь.png
p5_r14_c14_Ь,Ь,5,14,14,cells_raw_100x100/p5_r14_c14_Ь.png,cells_64x64/p5_r14_c14_Ь.png,by_class/Ь/p5_r14_c14_Ь.png
p5_r14_c15_Ь,Ь,5,14,15,cells_raw_100x100/p5_r14_c15_Ь.png,cells_64x64/p5_r14_c15_Ь.png,by_class/Ь/p5_r14_c15_Ь.png
p5_r14_c16_Ь,Ь,5,14,16,cells_raw_100x100/p5_r14_c16_Ь.png,cells_64x64/p5_r14_c16_Ь.png,by_class/Ь/p5_r14_c16_Ь.png
p5_r14_c17_Ь,Ь,5,14,17,cells_raw_100x100/p5_r14_c17_Ь.png,cells_64x64/p5_r14_c17_Ь.png,by_class/Ь/p5_r14_c17_Ь.png
p5_r15_c01_Я,Я,5,15,1,cells_raw_100x100/p5_r15_c01_Я.png,cells_64x64/p5_r15_c01_Я.png,by_class/Я/p5_r15_c01_Я.png
p5_r15_c02_Я,Я,5,15,2,cells_raw_100x100/p5_r15_c02_Я.png,cells_64x64/p5_r15_c02_Я.png,by_class/Я/p5_r15_c02_Я.png
p5_r15_c03_Я,Я,5,15,3,cells_raw_100x100/p5_r15_c03_Я.png,cells_64x64/p5_r15_c03_Я.png,by_class/Я/p5_r15_c03_Я.png
p5_r15_c04_Я,Я,5,15,4,cells_raw_100x100/p5_r15_c04_Я.png,cells_64x64/p5_r15_c04_Я.png,by_class/Я/p5_r15_c04_Я.png
p5_r15_c05_Я,Я,5,15,5,cells_raw_100x100/p5_r15_c05_Я.png,cells_64x64/p5_r15_c05_Я.png,by_class/Я/p5_r15_c05_Я.png
p5_r15_c06_Я,Я,5,15,6,cells_raw_100x100/p5_r15_c06_Я.png,cells_64x64/p5_r15_c06_Я.png,by_class/Я/p5_r15_c06_Я.png
p5_r15_c07_Я,Я,5,15,7,cells_raw_100x100/p5_r15_c07_Я.png,cells_64x64/p5_r15_c07_Я.png,by_class/Я/p5_r15_c07_Я.png
p5_r15_c08_Я,Я,5,15,8,cells_raw_100x100/p5_r15_c08_Я.png,cells_64x64/p5_r15_c08_Я.png,by_class/Я/p5_r15_c08_Я.png
p5_r15_c09_Я,Я,5,15,9,cells_raw_100x100/p5_r15_c09_Я.png,cells_64x64/p5_r15_c09_Я.png,by_class/Я/p5_r15_c09_Я.png
p5_r15_c10_Я,Я,5,15,10,cells_raw_100x100/p5_r15_c10_Я.png,cells_64x64/p5_r15_c10_Я.png,by_class/Я/p5_r15_c10_Я.png
p5_r15_c11_Я,Я,5,15,11,cells_raw_100x100/p5_r15_c11_Я.png,cells_64x64/p5_r15_c11_Я.png,by_class/Я/p5_r15_c11_Я.png
p5_r15_c12_Я,Я,5,15,12,cells_raw_100x100/p5_r15_c12_Я.png,cells_64x64/p5_r15_c12_Я.png,by_class/Я/p5_r15_c12_Я.png
p5_r15_c13_Я,Я,5,15,13,cells_raw_100x100/p5_r15_c13_Я.png,cells_64x64/p5_r15_c13_Я.png,by_class/Я/p5_r15_c13_Я.png
p5_r15_c14_Я,Я,5,15,14,cells_raw_100x100/p5_r15_c14_Я.png,cells_64x64/p5_r15_c14_Я.png,by_class/Я/p5_r15_c14_Я.png
p5_r15_c15_Я,Я,5,15,15,cells_raw_100x100/p5_r15_c15_Я.png,cells_64x64/p5_r15_c15_Я.png,by_class/Я/p5_r15_c15_Я.png
p5_r15_c16_Я,Я,5,15,16,cells_raw_100x100/p5_r15_c16_Я.png,cells_64x64/p5_r15_c16_Я.png,by_class/Я/p5_r15_c16_Я.png
p5_r15_c17_Я,Я,5,15,17,cells_raw_100x100/p5_r15_c17_Я.png,cells_64x64/p5_r15_c17_Я.png,by_class/Я/p5_r15_c17_Я.png
p5_r16_c01_Я,Я,5,16,1,cells_raw_100x100/p5_r16_c01_Я.png,cells_64x64/p5_r16_c01_Я.png,by_class/Я/p5_r16_c01_Я.png
p5_r16_c02_Я,Я,5,16,2,cells_raw_100x100/p5_r16_c02_Я.png,cells_64x64/p5_r16_c02_Я.png,by_class/Я/p5_r16_c02_Я.png
p5_r16_c03_Я,Я,5,16,3,cells_raw_100x100/p5_r16_c03_Я.png,cells_64x64/p5_r16_c03_Я.png,by_class/Я/p5_r16_c03_Я.png
p5_r16_c04_Я,Я,5,16,4,cells_raw_100x100/p5_r16_c04_Я.png,cells_64x64/p5_r16_c04_Я.png,by_class/Я/p5_r16_c04_Я.png
p5_r16_c05_Я,Я,5,16,5,cells_raw_100x100/p5_r16_c05_Я.png,cells_64x64/p5_r16_c05_Я.png,by_class/Я/p5_r16_c05_Я.png
p5_r16_c06_Я,Я,5,16,6,cells_raw_100x100/p5_r16_c06_Я.png,cells_64x64/p5_r16_c06_Я.png,by_class/Я/p5_r16_c06_Я.png
p5_r16_c07_Я,Я,5,16,7,cells_raw_100x100/p5_r16_c07_Я.png,cells_64x64/p5_r16_c07_Я.png,by_class/Я/p5_r16_c07_Я.png
p5_r16_c08_Я,Я,5,16,8,cells_raw_100x100/p5_r16_c08_Я.png,cells_64x64/p5_r16_c08_Я.png,by_class/Я/p5_r16_c08_Я.png
p5_r16_c09_Я,Я,5,16,9,cells_raw_100x100/p5_r16_c09_Я.png,cells_64x64/p5_r16_c09_Я.png,by_class/Я/p5_r16_c09_Я.png
p5_r16_c10_Я,Я,5,16,10,cells_raw_100x100/p5_r16_c10_Я.png,cells_64x64/p5_r16_c10_Я.png,by_class/Я/p5_r16_c10_Я.png
p5_r16_c11_Я,Я,5,16,11,cells_raw_100x100/p5_r16_c11_Я.png,cells_64x64/p5_r16_c11_Я.png,by_class/Я/p5_r16_c11_Я.png
p5_r16_c12_Я,Я,5,16,12,cells_raw_100x100/p5_r16_c12_Я.png,cells_64x64/p5_r16_c12_Я.png,by_class/Я/p5_r16_c12_Я.png
p5_r16_c13_Я,Я,5,16,13,cells_raw_100x100/p5_r16_c13_Я.png,cells_64x64/p5_r16_c13_Я.png,by_class/Я/p5_r16_c13_Я.png
p5_r16_c14_Я,Я,5,16,14,cells_raw_100x100/p5_r16_c14_Я.png,cells_64x64/p5_r16_c14_Я.png,by_class/Я/p5_r16_c14_Я.png
p5_r16_c15_Я,Я,5,16,15,cells_raw_100x100/p5_r16_c15_Я.png,cells_64x64/p5_r16_c15_Я.png,by_class/Я/p5_r16_c15_Я.png
p5_r16_c16_Я,Я,5,16,16,cells_raw_100x100/p5_r16_c16_Я.png,cells_64x64/p5_r16_c16_Я.png,by_class/Я/p5_r16_c16_Я.png
p5_r16_c17_Я,Я,5,16,17,cells_raw_100x100/p5_r16_c17_Я.png,cells_64x64/p5_r16_c17_Я.png,by_class/Я/p5_r16_c17_Я.png
p5_r17_c01_Ә,Ә,5,17,1,cells_raw_100x100/p5_r17_c01_Ә.png,cells_64x64/p5_r17_c01_Ә.png,by_class/Ә/p5_r17_c01_Ә.png
p5_r17_c02_Ә,Ә,5,17,2,cells_raw_100x100/p5_r17_c02_Ә.png,cells_64x64/p5_r17_c02_Ә.png,by_class/Ә/p5_r17_c02_Ә.png
p5_r17_c03_Ә,Ә,5,17,3,cells_raw_100x100/p5_r17_c03_Ә.png,cells_64x64/p5_r17_c03_Ә.png,by_class/Ә/p5_r17_c03_Ә.png
p5_r17_c04_Ә,Ә,5,17,4,cells_raw_100x100/p5_r17_c04_Ә.png,cells_64x64/p5_r17_c04_Ә.png,by_class/Ә/p5_r17_c04_Ә.png
p5_r17_c05_Ә,Ә,5,17,5,cells_raw_100x100/p5_r17_c05_Ә.png,cells_64x64/p5_r17_c05_Ә.png,by_class/Ә/p5_r17_c05_Ә.png
p5_r17_c06_Ә,Ә,5,17,6,cells_raw_100x100/p5_r17_c06_Ә.png,cells_64x64/p5_r17_c06_Ә.png,by_class/Ә/p5_r17_c06_Ә.png
p5_r17_c07_Ә,Ә,5,17,7,cells_raw_100x100/p5_r17_c07_Ә.png,cells_64x64/p5_r17_c07_Ә.png,by_class/Ә/p5_r17_c07_Ә.png
p5_r17_c08_Ә,Ә,5,17,8,cells_raw_100x100/p5_r17_c08_Ә.png,cells_64x64/p5_r17_c08_Ә.png,by_class/Ә/p5_r17_c08_Ә.png
p5_r17_c09_Ә,Ә,5,17,9,cells_raw_100x100/p5_r17_c09_Ә.png,cells_64x64/p5_r17_c09_Ә.png,by_class/Ә/p5_r17_c09_Ә.png
p5_r17_c10_Ә,Ә,5,17,10,cells_raw_100x100/p5_r17_c10_Ә.png,cells_64x64/p5_r17_c10_Ә.png,by_class/Ә/p5_r17_c10_Ә.png
p5_r17_c11_Ә,Ә,5,17,11,cells_raw_100x100/p5_r17_c11_Ә.png,cells_64x64/p5_r17_c11_Ә.png,by_class/Ә/p5_r17_c11_Ә.png
p5_r17_c12_Ә,Ә,5,17,12,cells_raw_100x100/p5_r17_c12_Ә.png,cells_64x64/p5_r17_c12_Ә.png,by_class/Ә/p5_r17_c12_Ә.png
p5_r17_c13_Ә,Ә,5,17,13,cells_raw_100x100/p5_r17_c13_Ә.png,cells_64x64/p5_r17_c13_Ә.png,by_class/Ә/p5_r17_c13_Ә.png
p5_r17_c14_Ә,Ә,5,17,14,cells_raw_100x100/p5_r17_c14_Ә.png,cells_64x64/p5_r17_c14_Ә.png,by_class/Ә/p5_r17_c14_Ә.png
p5_r17_c15_Ә,Ә,5,17,15,cells_raw_100x100/p5_r17_c15_Ә.png,cells_64x64/p5_r17_c15_Ә.png,by_class/Ә/p5_r17_c15_Ә.png
p5_r17_c16_Ә,Ә,5,17,16,cells_raw_100x100/p5_r17_c16_Ә.png,cells_64x64/p5_r17_c16_Ә.png,by_class/Ә/p5_r17_c16_Ә.png
p5_r17_c17_Ә,Ә,5,17,17,cells_raw_100x100/p5_r17_c17_Ә.png,cells_64x64/p5_r17_c17_Ә.png,by_class/Ә/p5_r17_c17_Ә.png
p5_r18_c01_Ә,Ә,5,18,1,cells_raw_100x100/p5_r18_c01_Ә.png,cells_64x64/p5_r18_c01_Ә.png,by_class/Ә/p5_r18_c01_Ә.png
p5_r18_c02_Ә,Ә,5,18,2,cells_raw_100x100/p5_r18_c02_Ә.png,cells_64x64/p5_r18_c02_Ә.png,by_class/Ә/p5_r18_c02_Ә.png
p5_r18_c03_Ә,Ә,5,18,3,cells_raw_100x100/p5_r18_c03_Ә.png,cells_64x64/p5_r18_c03_Ә.png,by_class/Ә/p5_r18_c03_Ә.png
p5_r18_c04_Ә,Ә,5,18,4,cells_raw_100x100/p5_r18_c04_Ә.png,cells_64x64/p5_r18_c04_Ә.png,by_class/Ә/p5_r18_c04_Ә.png
p5_r18_c05_Ә,Ә,5,18,5,cells_raw_100x100/p5_r18_c05_Ә.png,cells_64x64/p5_r18_c05_Ә.png,by_class/Ә/p5_r18_c05_Ә.png
p5_r18_c06_Ә,Ә,5,18,6,cells_raw_100x100/p5_r18_c06_Ә.png,cells_64x64/p5_r18_c06_Ә.png,by_class/Ә/p5_r18_c06_Ә.png
p5_r18_c07_Ә,Ә,5,18,7,cells_raw_100x100/p5_r18_c07_Ә.png,cells_64x64/p5_r18_c07_Ә.png,by_class/Ә/p5_r18_c07_Ә.png
p5_r18_c08_Ә,Ә,5,18,8,cells_raw_100x100/p5_r18_c08_Ә.png,cells_64x64/p5_r18_c08_Ә.png,by_class/Ә/p5_r18_c08_Ә.png
p5_r18_c09_Ә,Ә,5,18,9,cells_raw_100x100/p5_r18_c09_Ә.png,cells_64x64/p5_r18_c09_Ә.png,by_class/Ә/p5_r18_c09_Ә.png
p5_r18_c10_Ә,Ә,5,18,10,cells_raw_100x100/p5_r18_c10_Ә.png,cells_64x64/p5_r18_c10_Ә.png,by_class/Ә/p5_r18_c10_Ә.png
p5_r18_c11_Ә,Ә,5,18,11,cells_raw_100x100/p5_r18_c11_Ә.png,cells_64x64/p5_r18_c11_Ә.png,by_class/Ә/p5_r18_c11_Ә.png
p5_r18_c12_Ә,Ә,5,18,12,cells_raw_100x100/p5_r18_c12_Ә.png,cells_64x64/p5_r18_c12_Ә.png,by_class/Ә/p5_r18_c12_Ә.png
p5_r18_c13_Ә,Ә,5,18,13,cells_raw_100x100/p5_r18_c13_Ә.png,cells_64x64/p5_r18_c13_Ә.png,by_class/Ә/p5_r18_c13_Ә.png
p5_r18_c14_Ә,Ә,5,18,14,cells_raw_100x100/p5_r18_c14_Ә.png,cells_64x64/p5_r18_c14_Ә.png,by_class/Ә/p5_r18_c14_Ә.png
p5_r18_c15_Ә,Ә,5,18,15,cells_raw_100x100/p5_r18_c15_Ә.png,cells_64x64/p5_r18_c15_Ә.png,by_class/Ә/p5_r18_c15_Ә.png
p5_r18_c16_Ә,Ә,5,18,16,cells_raw_100x100/p5_r18_c16_Ә.png,cells_64x64/p5_r18_c16_Ә.png,by_class/Ә/p5_r18_c16_Ә.png
p5_r18_c17_Ә,Ә,5,18,17,cells_raw_100x100/p5_r18_c17_Ә.png,cells_64x64/p5_r18_c17_Ә.png,by_class/Ә/p5_r18_c17_Ә.png
p5_r19_c01_Җ,Җ,5,19,1,cells_raw_100x100/p5_r19_c01_Җ.png,cells_64x64/p5_r19_c01_Җ.png,by_class/Җ/p5_r19_c01_Җ.png
p5_r19_c02_Җ,Җ,5,19,2,cells_raw_100x100/p5_r19_c02_Җ.png,cells_64x64/p5_r19_c02_Җ.png,by_class/Җ/p5_r19_c02_Җ.png
p5_r19_c03_Җ,Җ,5,19,3,cells_raw_100x100/p5_r19_c03_Җ.png,cells_64x64/p5_r19_c03_Җ.png,by_class/Җ/p5_r19_c03_Җ.png
p5_r19_c04_Җ,Җ,5,19,4,cells_raw_100x100/p5_r19_c04_Җ.png,cells_64x64/p5_r19_c04_Җ.png,by_class/Җ/p5_r19_c04_Җ.png
p5_r19_c05_Җ,Җ,5,19,5,cells_raw_100x100/p5_r19_c05_Җ.png,cells_64x64/p5_r19_c05_Җ.png,by_class/Җ/p5_r19_c05_Җ.png
p5_r19_c06_Җ,Җ,5,19,6,cells_raw_100x100/p5_r19_c06_Җ.png,cells_64x64/p5_r19_c06_Җ.png,by_class/Җ/p5_r19_c06_Җ.png
p5_r19_c07_Җ,Җ,5,19,7,cells_raw_100x100/p5_r19_c07_Җ.png,cells_64x64/p5_r19_c07_Җ.png,by_class/Җ/p5_r19_c07_Җ.png
p5_r19_c08_Җ,Җ,5,19,8,cells_raw_100x100/p5_r19_c08_Җ.png,cells_64x64/p5_r19_c08_Җ.png,by_class/Җ/p5_r19_c08_Җ.png
p5_r19_c09_Җ,Җ,5,19,9,cells_raw_100x100/p5_r19_c09_Җ.png,cells_64x64/p5_r19_c09_Җ.png,by_class/Җ/p5_r19_c09_Җ.png
p5_r19_c10_Җ,Җ,5,19,10,cells_raw_100x100/p5_r19_c10_Җ.png,cells_64x64/p5_r19_c10_Җ.png,by_class/Җ/p5_r19_c10_Җ.png
p5_r19_c11_Җ,Җ,5,19,11,cells_raw_100x100/p5_r19_c11_Җ.png,cells_64x64/p5_r19_c11_Җ.png,by_class/Җ/p5_r19_c11_Җ.png
p5_r19_c12_Җ,Җ,5,19,12,cells_raw_100x100/p5_r19_c12_Җ.png,cells_64x64/p5_r19_c12_Җ.png,by_class/Җ/p5_r19_c12_Җ.png
p5_r19_c13_Җ,Җ,5,19,13,cells_raw_100x100/p5_r19_c13_Җ.png,cells_64x64/p5_r19_c13_Җ.png,by_class/Җ/p5_r19_c13_Җ.png
p5_r19_c14_Җ,Җ,5,19,14,cells_raw_100x100/p5_r19_c14_Җ.png,cells_64x64/p5_r19_c14_Җ.png,by_class/Җ/p5_r19_c14_Җ.png
p5_r19_c15_Җ,Җ,5,19,15,cells_raw_100x100/p5_r19_c15_Җ.png,cells_64x64/p5_r19_c15_Җ.png,by_class/Җ/p5_r19_c15_Җ.png
p5_r19_c16_Җ,Җ,5,19,16,cells_raw_100x100/p5_r19_c16_Җ.png,cells_64x64/p5_r19_c16_Җ.png,by_class/Җ/p5_r19_c16_Җ.png
p5_r19_c17_Җ,Җ,5,19,17,cells_raw_100x100/p5_r19_c17_Җ.png,cells_64x64/p5_r19_c17_Җ.png,by_class/Җ/p5_r19_c17_Җ.png
p5_r20_c01_Җ,Җ,5,20,1,cells_raw_100x100/p5_r20_c01_Җ.png,cells_64x64/p5_r20_c01_Җ.png,by_class/Җ/p5_r20_c01_Җ.png
p5_r20_c02_Җ,Җ,5,20,2,cells_raw_100x100/p5_r20_c02_Җ.png,cells_64x64/p5_r20_c02_Җ.png,by_class/Җ/p5_r20_c02_Җ.png
p5_r20_c03_Җ,Җ,5,20,3,cells_raw_100x100/p5_r20_c03_Җ.png,cells_64x64/p5_r20_c03_Җ.png,by_class/Җ/p5_r20_c03_Җ.png
p5_r20_c04_Җ,Җ,5,20,4,cells_raw_100x100/p5_r20_c04_Җ.png,cells_64x64/p5_r20_c04_Җ.png,by_class/Җ/p5_r20_c04_Җ.png
p5_r20_c05_Җ,Җ,5,20,5,cells_raw_100x100/p5_r20_c05_Җ.png,cells_64x64/p5_r20_c05_Җ.png,by_class/Җ/p5_r20_c05_Җ.png
p5_r20_c06_Җ,Җ,5,20,6,cells_raw_100x100/p5_r20_c06_Җ.png,cells_64x64/p5_r20_c06_Җ.png,by_class/Җ/p5_r20_c06_Җ.png
p5_r20_c07_Җ,Җ,5,20,7,cells_raw_100x100/p5_r20_c07_Җ.png,cells_64x64/p5_r20_c07_Җ.png,by_class/Җ/p5_r20_c07_Җ.png
p5_r20_c08_Җ,Җ,5,20,8,cells_raw_100x100/p5_r20_c08_Җ.png,cells_64x64/p5_r20_c08_Җ.png,by_class/Җ/p5_r20_c08_Җ.png
p5_r20_c09_Җ,Җ,5,20,9,cells_raw_100x100/p5_r20_c09_Җ.png,cells_64x64/p5_r20_c09_Җ.png,by_class/Җ/p5_r20_c09_Җ.png
p5_r20_c10_Җ,Җ,5,20,10,cells_raw_100x100/p5_r20_c10_Җ.png,cells_64x64/p5_r20_c10_Җ.png,by_class/Җ/p5_r20_c10_Җ.png
p5_r20_c11_Җ,Җ,5,20,11,cells_raw_100x100/p5_r20_c11_Җ.png,cells_64x64/p5_r20_c11_Җ.png,by_class/Җ/p5_r20_c11_Җ.png
p5_r20_c12_Җ,Җ,5,20,12,cells_raw_100x100/p5_r20_c12_Җ.png,cells_64x64/p5_r20_c12_Җ.png,by_class/Җ/p5_r20_c12_Җ.png
p5_r20_c13_Җ,Җ,5,20,13,cells_raw_100x100/p5_r20_c13_Җ.png,cells_64x64/p5_r20_c13_Җ.png,by_class/Җ/p5_r20_c13_Җ.png
p5_r20_c14_Җ,Җ,5,20,14,cells_raw_100x100/p5_r20_c14_Җ.png,cells_64x64/p5_r20_c14_Җ.png,by_class/Җ/p5_r20_c14_Җ.png
p5_r20_c15_Җ,Җ,5,20,15,cells_raw_100x100/p5_r20_c15_Җ.png,cells_64x64/p5_r20_c15_Җ.png,by_class/Җ/p5_r20_c15_Җ.png
p5_r20_c16_Җ,Җ,5,20,16,cells_raw_100x100/p5_r20_c16_Җ.png,cells_64x64/p5_r20_c16_Җ.png,by_class/Җ/p5_r20_c16_Җ.png
p5_r20_c17_Җ,Җ,5,20,17,cells_raw_100x100/p5_r20_c17_Җ.png,cells_64x64/p5_r20_c17_Җ.png,by_class/Җ/p5_r20_c17_Җ.png
p5_r21_c01_Ң,Ң,5,21,1,cells_raw_100x100/p5_r21_c01_Ң.png,cells_64x64/p5_r21_c01_Ң.png,by_class/Ң/p5_r21_c01_Ң.png
p5_r21_c02_Ң,Ң,5,21,2,cells_raw_100x100/p5_r21_c02_Ң.png,cells_64x64/p5_r21_c02_Ң.png,by_class/Ң/p5_r21_c02_Ң.png
p5_r21_c03_Ң,Ң,5,21,3,cells_raw_100x100/p5_r21_c03_Ң.png,cells_64x64/p5_r21_c03_Ң.png,by_class/Ң/p5_r21_c03_Ң.png
p5_r21_c04_Ң,Ң,5,21,4,cells_raw_100x100/p5_r21_c04_Ң.png,cells_64x64/p5_r21_c04_Ң.png,by_class/Ң/p5_r21_c04_Ң.png
p5_r21_c05_Ң,Ң,5,21,5,cells_raw_100x100/p5_r21_c05_Ң.png,cells_64x64/p5_r21_c05_Ң.png,by_class/Ң/p5_r21_c05_Ң.png
p5_r21_c06_Ң,Ң,5,21,6,cells_raw_100x100/p5_r21_c06_Ң.png,cells_64x64/p5_r21_c06_Ң.png,by_class/Ң/p5_r21_c06_Ң.png
p5_r21_c07_Ң,Ң,5,21,7,cells_raw_100x100/p5_r21_c07_Ң.png,cells_64x64/p5_r21_c07_Ң.png,by_class/Ң/p5_r21_c07_Ң.png
p5_r21_c08_Ң,Ң,5,21,8,cells_raw_100x100/p5_r21_c08_Ң.png,cells_64x64/p5_r21_c08_Ң.png,by_class/Ң/p5_r21_c08_Ң.png
p5_r21_c09_Ң,Ң,5,21,9,cells_raw_100x100/p5_r21_c09_Ң.png,cells_64x64/p5_r21_c09_Ң.png,by_class/Ң/p5_r21_c09_Ң.png
p5_r21_c10_Ң,Ң,5,21,10,cells_raw_100x100/p5_r21_c10_Ң.png,cells_64x64/p5_r21_c10_Ң.png,by_class/Ң/p5_r21_c10_Ң.png
p5_r21_c11_Ң,Ң,5,21,11,cells_raw_100x100/p5_r21_c11_Ң.png,cells_64x64/p5_r21_c11_Ң.png,by_class/Ң/p5_r21_c11_Ң.png
p5_r21_c12_Ң,Ң,5,21,12,cells_raw_100x100/p5_r21_c12_Ң.png,cells_64x64/p5_r21_c12_Ң.png,by_class/Ң/p5_r21_c12_Ң.png
p5_r21_c13_Ң,Ң,5,21,13,cells_raw_100x100/p5_r21_c13_Ң.png,cells_64x64/p5_r21_c13_Ң.png,by_class/Ң/p5_r21_c13_Ң.png
p5_r21_c14_Ң,Ң,5,21,14,cells_raw_100x100/p5_r21_c14_Ң.png,cells_64x64/p5_r21_c14_Ң.png,by_class/Ң/p5_r21_c14_Ң.png
p5_r21_c15_Ң,Ң,5,21,15,cells_raw_100x100/p5_r21_c15_Ң.png,cells_64x64/p5_r21_c15_Ң.png,by_class/Ң/p5_r21_c15_Ң.png
p5_r21_c16_Ң,Ң,5,21,16,cells_raw_100x100/p5_r21_c16_Ң.png,cells_64x64/p5_r21_c16_Ң.png,by_class/Ң/p5_r21_c16_Ң.png
p5_r21_c17_Ң,Ң,5,21,17,cells_raw_100x100/p5_r21_c17_Ң.png,cells_64x64/p5_r21_c17_Ң.png,by_class/Ң/p5_r21_c17_Ң.png
p5_r22_c01_Ң,Ң,5,22,1,cells_raw_100x100/p5_r22_c01_Ң.png,cells_64x64/p5_r22_c01_Ң.png,by_class/Ң/p5_r22_c01_Ң.png
p5_r22_c02_Ң,Ң,5,22,2,cells_raw_100x100/p5_r22_c02_Ң.png,cells_64x64/p5_r22_c02_Ң.png,by_class/Ң/p5_r22_c02_Ң.png
p5_r22_c03_Ң,Ң,5,22,3,cells_raw_100x100/p5_r22_c03_Ң.png,cells_64x64/p5_r22_c03_Ң.png,by_class/Ң/p5_r22_c03_Ң.png
p5_r22_c04_Ң,Ң,5,22,4,cells_raw_100x100/p5_r22_c04_Ң.png,cells_64x64/p5_r22_c04_Ң.png,by_class/Ң/p5_r22_c04_Ң.png
p5_r22_c05_Ң,Ң,5,22,5,cells_raw_100x100/p5_r22_c05_Ң.png,cells_64x64/p5_r22_c05_Ң.png,by_class/Ң/p5_r22_c05_Ң.png
p5_r22_c06_Ң,Ң,5,22,6,cells_raw_100x100/p5_r22_c06_Ң.png,cells_64x64/p5_r22_c06_Ң.png,by_class/Ң/p5_r22_c06_Ң.png
p5_r22_c07_Ң,Ң,5,22,7,cells_raw_100x100/p5_r22_c07_Ң.png,cells_64x64/p5_r22_c07_Ң.png,by_class/Ң/p5_r22_c07_Ң.png
p5_r22_c08_Ң,Ң,5,22,8,cells_raw_100x100/p5_r22_c08_Ң.png,cells_64x64/p5_r22_c08_Ң.png,by_class/Ң/p5_r22_c08_Ң.png
p5_r22_c09_Ң,Ң,5,22,9,cells_raw_100x100/p5_r22_c09_Ң.png,cells_64x64/p5_r22_c09_Ң.png,by_class/Ң/p5_r22_c09_Ң.png
p5_r22_c10_Ң,Ң,5,22,10,cells_raw_100x100/p5_r22_c10_Ң.png,cells_64x64/p5_r22_c10_Ң.png,by_class/Ң/p5_r22_c10_Ң.png
p5_r22_c11_Ң,Ң,5,22,11,cells_raw_100x100/p5_r22_c11_Ң.png,cells_64x64/p5_r22_c11_Ң.png,by_class/Ң/p5_r22_c11_Ң.png
p5_r22_c12_Ң,Ң,5,22,12,cells_raw_100x100/p5_r22_c12_Ң.png,cells_64x64/p5_r22_c12_Ң.png,by_class/Ң/p5_r22_c12_Ң.png
p5_r22_c13_Ң,Ң,5,22,13,cells_raw_100x100/p5_r22_c13_Ң.png,cells_64x64/p5_r22_c13_Ң.png,by_class/Ң/p5_r22_c13_Ң.png
p5_r22_c14_Ң,Ң,5,22,14,cells_raw_100x100/p5_r22_c14_Ң.png,cells_64x64/p5_r22_c14_Ң.png,by_class/Ң/p5_r22_c14_Ң.png
p5_r22_c15_Ң,Ң,5,22,15,cells_raw_100x100/p5_r22_c15_Ң.png,cells_64x64/p5_r22_c15_Ң.png,by_class/Ң/p5_r22_c15_Ң.png
p5_r22_c16_Ң,Ң,5,22,16,cells_raw_100x100/p5_r22_c16_Ң.png,cells_64x64/p5_r22_c16_Ң.png,by_class/Ң/p5_r22_c16_Ң.png
p5_r22_c17_Ң,Ң,5,22,17,cells_raw_100x100/p5_r22_c17_Ң.png,cells_64x64/p5_r22_c17_Ң.png,by_class/Ң/p5_r22_c17_Ң.png
p5_r23_c01_Ө,Ө,5,23,1,cells_raw_100x100/p5_r23_c01_Ө.png,cells_64x64/p5_r23_c01_Ө.png,by_class/Ө/p5_r23_c01_Ө.png
p5_r23_c02_Ө,Ө,5,23,2,cells_raw_100x100/p5_r23_c02_Ө.png,cells_64x64/p5_r23_c02_Ө.png,by_class/Ө/p5_r23_c02_Ө.png
p5_r23_c03_Ө,Ө,5,23,3,cells_raw_100x100/p5_r23_c03_Ө.png,cells_64x64/p5_r23_c03_Ө.png,by_class/Ө/p5_r23_c03_Ө.png
p5_r23_c04_Ө,Ө,5,23,4,cells_raw_100x100/p5_r23_c04_Ө.png,cells_64x64/p5_r23_c04_Ө.png,by_class/Ө/p5_r23_c04_Ө.png
p5_r23_c05_Ө,Ө,5,23,5,cells_raw_100x100/p5_r23_c05_Ө.png,cells_64x64/p5_r23_c05_Ө.png,by_class/Ө/p5_r23_c05_Ө.png
p5_r23_c06_Ө,Ө,5,23,6,cells_raw_100x100/p5_r23_c06_Ө.png,cells_64x64/p5_r23_c06_Ө.png,by_class/Ө/p5_r23_c06_Ө.png
p5_r23_c07_Ө,Ө,5,23,7,cells_raw_100x100/p5_r23_c07_Ө.png,cells_64x64/p5_r23_c07_Ө.png,by_class/Ө/p5_r23_c07_Ө.png
p5_r23_c08_Ө,Ө,5,23,8,cells_raw_100x100/p5_r23_c08_Ө.png,cells_64x64/p5_r23_c08_Ө.png,by_class/Ө/p5_r23_c08_Ө.png
p5_r23_c09_Ө,Ө,5,23,9,cells_raw_100x100/p5_r23_c09_Ө.png,cells_64x64/p5_r23_c09_Ө.png,by_class/Ө/p5_r23_c09_Ө.png
p5_r23_c10_Ө,Ө,5,23,10,cells_raw_100x100/p5_r23_c10_Ө.png,cells_64x64/p5_r23_c10_Ө.png,by_class/Ө/p5_r23_c10_Ө.png
p5_r23_c11_Ө,Ө,5,23,11,cells_raw_100x100/p5_r23_c11_Ө.png,cells_64x64/p5_r23_c11_Ө.png,by_class/Ө/p5_r23_c11_Ө.png
p5_r23_c12_Ө,Ө,5,23,12,cells_raw_100x100/p5_r23_c12_Ө.png,cells_64x64/p5_r23_c12_Ө.png,by_class/Ө/p5_r23_c12_Ө.png
p5_r23_c13_Ө,Ө,5,23,13,cells_raw_100x100/p5_r23_c13_Ө.png,cells_64x64/p5_r23_c13_Ө.png,by_class/Ө/p5_r23_c13_Ө.png
p5_r23_c14_Ө,Ө,5,23,14,cells_raw_100x100/p5_r23_c14_Ө.png,cells_64x64/p5_r23_c14_Ө.png,by_class/Ө/p5_r23_c14_Ө.png
p5_r23_c15_Ө,Ө,5,23,15,cells_raw_100x100/p5_r23_c15_Ө.png,cells_64x64/p5_r23_c15_Ө.png,by_class/Ө/p5_r23_c15_Ө.png
p5_r23_c16_Ө,Ө,5,23,16,cells_raw_100x100/p5_r23_c16_Ө.png,cells_64x64/p5_r23_c16_Ө.png,by_class/Ө/p5_r23_c16_Ө.png
p5_r23_c17_Ө,Ө,5,23,17,cells_raw_100x100/p5_r23_c17_Ө.png,cells_64x64/p5_r23_c17_Ө.png,by_class/Ө/p5_r23_c17_Ө.png
p5_r24_c01_Ө,Ө,5,24,1,cells_raw_100x100/p5_r24_c01_Ө.png,cells_64x64/p5_r24_c01_Ө.png,by_class/Ө/p5_r24_c01_Ө.png
p5_r24_c02_Ө,Ө,5,24,2,cells_raw_100x100/p5_r24_c02_Ө.png,cells_64x64/p5_r24_c02_Ө.png,by_class/Ө/p5_r24_c02_Ө.png
p5_r24_c03_Ө,Ө,5,24,3,cells_raw_100x100/p5_r24_c03_Ө.png,cells_64x64/p5_r24_c03_Ө.png,by_class/Ө/p5_r24_c03_Ө.png
p5_r24_c04_Ө,Ө,5,24,4,cells_raw_100x100/p5_r24_c04_Ө.png,cells_64x64/p5_r24_c04_Ө.png,by_class/Ө/p5_r24_c04_Ө.png
p5_r24_c05_Ө,Ө,5,24,5,cells_raw_100x100/p5_r24_c05_Ө.png,cells_64x64/p5_r24_c05_Ө.png,by_class/Ө/p5_r24_c05_Ө.png
p5_r24_c06_Ө,Ө,5,24,6,cells_raw_100x100/p5_r24_c06_Ө.png,cells_64x64/p5_r24_c06_Ө.png,by_class/Ө/p5_r24_c06_Ө.png
p5_r24_c07_Ө,Ө,5,24,7,cells_raw_100x100/p5_r24_c07_Ө.png,cells_64x64/p5_r24_c07_Ө.png,by_class/Ө/p5_r24_c07_Ө.png
p5_r24_c08_Ө,Ө,5,24,8,cells_raw_100x100/p5_r24_c08_Ө.png,cells_64x64/p5_r24_c08_Ө.png,by_class/Ө/p5_r24_c08_Ө.png
p5_r24_c09_Ө,Ө,5,24,9,cells_raw_100x100/p5_r24_c09_Ө.png,cells_64x64/p5_r24_c09_Ө.png,by_class/Ө/p5_r24_c09_Ө.png
p5_r24_c10_Ө,Ө,5,24,10,cells_raw_100x100/p5_r24_c10_Ө.png,cells_64x64/p5_r24_c10_Ө.png,by_class/Ө/p5_r24_c10_Ө.png
p5_r24_c11_Ө,Ө,5,24,11,cells_raw_100x100/p5_r24_c11_Ө.png,cells_64x64/p5_r24_c11_Ө.png,by_class/Ө/p5_r24_c11_Ө.png
p5_r24_c12_Ө,Ө,5,24,12,cells_raw_100x100/p5_r24_c12_Ө.png,cells_64x64/p5_r24_c12_Ө.png,by_class/Ө/p5_r24_c12_Ө.png
p5_r24_c13_Ө,Ө,5,24,13,cells_raw_100x100/p5_r24_c13_Ө.png,cells_64x64/p5_r24_c13_Ө.png,by_class/Ө/p5_r24_c13_Ө.png
p5_r24_c14_Ө,Ө,5,24,14,cells_raw_100x100/p5_r24_c14_Ө.png,cells_64x64/p5_r24_c14_Ө.png,by_class/Ө/p5_r24_c14_Ө.png
p5_r24_c15_Ө,Ө,5,24,15,cells_raw_100x100/p5_r24_c15_Ө.png,cells_64x64/p5_r24_c15_Ө.png,by_class/Ө/p5_r24_c15_Ө.png
p5_r24_c16_Ө,Ө,5,24,16,cells_raw_100x100/p5_r24_c16_Ө.png,cells_64x64/p5_r24_c16_Ө.png,by_class/Ө/p5_r24_c16_Ө.png
p5_r24_c17_Ө,Ө,5,24,17,cells_raw_100x100/p5_r24_c17_Ө.png,cells_64x64/p5_r24_c17_Ө.png,by_class/Ө/p5_r24_c17_Ө.png
